Al,B,Ba,Bi,Ca,Ce,Co,Cr,Cs,Cu,Fe,K,La,Li,Mg,Mn,Mo,Na,Nb,Nd,Ni,P,Rb,S,Sb,Si,Sn,Sr,Te,Ti,V,W,Zn,Zr,Ac_source,Fa_source,Stabilizer,Ratio_Ac_Fa,Ratio_Stab_Fa,O_content,LHSV_mlhg,Temperature_K,Pressure_bar,Y_Acryl_Ac,Y_Acryl_Fa,doi,Link_to_excel,Year,SSA_m2g,Ac_mmolming,Fa_mmolming,MeOH_mmolming,Water_mmolming,STY_Acryl_mmolhg,Cluster_n,Cluster_title,av_cov_rad,av_n_val,av_en_pauling,var_cov_rad,var_n_val,var_en_pauling,var_pca
0.0,0.0,0.0,0.0,0.0,0.0,0.0,0.0,0.0,0.0,0.0,0.0,0.0,0.0,0.0,0.0,0.0,0.0,0.0,0.0,0.0,0.5145631067961165,0.0,0.0,0.0,0.0,0.0,0.0,0.0,0.0,0.4854368932038835,0.0,0.0,0.0,HAc,FORM,"MeOH 
+ H$_2$O",2.5,0.0,0.0,,648,1,0.3279999999999999,0.82,10.1016/0021-9517(87)90285-5,,1987,23.0,,,,,,1,P-V-Ti,129.33009708737865,5.0,1.9181553398058253,528.5512300876615,0.0,0.07833349043265153,0.8578432566534362
0.0,0.0,0.0,0.0,0.0,0.0,0.0,0.0,0.0,0.0,0.0,0.0,0.0,0.0,0.0,0.0,0.0,0.0,0.0,0.0,0.0,0.5145631067961165,0.0,0.0,0.0,0.0,0.0,0.0,0.0,0.0,0.4854368932038835,0.0,0.0,0.0,HAc,FORM,"MeOH 
+ H$_2$O",2.5,0.0,0.0,,623,1,0.3052,0.763,10.1016/0021-9517(87)90285-5,,1987,23.0,,,,,,1,P-V-Ti,129.33009708737865,5.0,1.9181553398058253,528.5512300876615,0.0,0.07833349043265153,0.8578432566534362
0.0,0.0,0.0,0.0,0.0,0.0,0.0,0.0,0.0,0.0,0.0,0.0,0.0,0.0,0.0,0.0,0.0,0.0,0.0,0.0,0.0,0.5145631067961165,0.0,0.0,0.0,0.0,0.0,0.0,0.0,0.0,0.4854368932038835,0.0,0.0,0.0,MAc,FORM,"MeOH 
+ H$_2$O",1.825,0.0,0.0,,653,1,0.1638356164383561,0.299,10.1016/0021-9517(87)90285-5,,1987,23.0,,,,,,1,P-V-Ti,129.33009708737865,5.0,1.9181553398058253,528.5512300876615,0.0,0.07833349043265153,0.8578432566534362
0.0,0.0,0.0,0.0,0.0,0.0,0.0,0.0,0.0,0.0,0.0,0.0,0.0,0.0,0.0,0.0,0.0,0.0,0.0,0.0,0.0,0.5145631067961165,0.0,0.0,0.0,0.0,0.0,0.0,0.0,0.0,0.4854368932038835,0.0,0.0,0.0,HAc,TRX,None,2.235294117647059,0.0,0.0,,593,1,0.4384210526315789,0.98,10.1016/0021-9517(87)90285-5,,1987,23.0,,,,,,1,P-V-Ti,129.33009708737865,5.0,1.9181553398058253,528.5512300876615,0.0,0.07833349043265153,0.8578432566534362
0.0,0.0,0.0,0.0,0.0,0.0,0.0,0.0,0.0,0.0,0.0,0.0,0.0,0.0,0.0,0.0,0.0,0.0,0.0,0.0,0.0,0.5145631067961165,0.0,0.0,0.0,0.0,0.0,0.0,0.0,0.0,0.4854368932038835,0.0,0.0,0.0,HAc,TRX,None,2.235294117647059,0.0,0.0,,593,1,0.4066578947368421,0.909,10.1016/0021-9517(87)90285-5,,1987,23.0,,,,,,1,P-V-Ti,129.33009708737865,5.0,1.9181553398058253,528.5512300876615,0.0,0.07833349043265153,0.8578432566534362
0.0,0.0,0.0,0.0,0.0,0.0,0.0,0.0,0.0,0.0,0.0,0.0,0.0,0.0,0.0,0.0,0.0,0.0,0.0,0.0,0.0,0.5145631067961165,0.0,0.0,0.0,0.0,0.0,0.0,0.0,0.0,0.4854368932038835,0.0,0.0,0.0,MAc,TRX,None,1.8133333333333328,0.0,0.0,,653,1,0.1996323529411764,0.362,10.1016/0021-9517(87)90285-5,,1987,23.0,,,,,,1,P-V-Ti,129.33009708737865,5.0,1.9181553398058253,528.5512300876615,0.0,0.07833349043265153,0.8578432566534362
0.0,0.0,0.0,0.0,0.0,0.0,0.0,0.0,0.0,0.0,0.0,0.0,0.0,0.0,0.0,0.0,0.0,0.0,0.0,0.0,0.0,0.5416666666666666,0.0,0.0,0.0,0.0,0.0,0.0,0.0,0.0,0.4166666666666666,0.0,0.0,0.0416666666666666,HAc,TRX,None,2.235294117647059,0.0,0.0,,593,1,0.3355263157894737,0.75,10.1016/0021-9517(87)90285-5,,1987,23.0,,,,,,1,P-V-Ti,128.99999999999997,4.958333333333332,1.920833333333333,590.3333333333331,0.0399305555555555,0.08903263888888886,1.2633529887509414
0.0,0.0,0.0,0.0,0.0,0.0,0.0416666666666666,0.0,0.0,0.0,0.0,0.0,0.0,0.0,0.0,0.0,0.0,0.0,0.0,0.0,0.0,0.5416666666666666,0.0,0.0,0.0,0.0,0.0,0.0,0.0,0.0,0.4166666666666666,0.0,0.0,0.0,HAc,TRX,None,2.235294117647059,0.0,0.0,,593,1,0.3176315789473684,0.71,10.1016/0021-9517(87)90285-5,,1987,23.0,,,,,,1,P-V-Ti,127.45833333333331,5.166666666666666,1.9437499999999994,503.16493055555543,0.6388888888888878,0.07403177083333334,1.7337468135123728
0.0,0.0,0.0,0.0,0.0,0.0,0.0,0.0,0.0,0.0,0.0,0.0,0.0,0.0,0.0,0.0,0.0,0.0,0.0454545454545454,0.0,0.0,0.5,0.0,0.0,0.0,0.0,0.0,0.0,0.0,0.0,0.4545454545454546,0.0,0.0,0.0,HAc,TRX,None,2.235294117647059,0.0,0.0,,593,1,0.3713157894736842,0.83,10.1016/0021-9517(87)90285-5,,1987,23.0,,,,,,1,P-V-Ti,130.5,5.0,1.9086363636363635,557.25,0.0,0.07920268595041323,0.9423343807243405
0.0,0.0,0.0,0.0,0.0,0.0,0.0,0.0,0.0,0.0,0.0,0.0,0.0,0.0,0.0,0.0,0.0,0.0,0.0,0.0,0.0,0.5106382978723405,0.0,0.0,0.0,0.0,0.0,0.0,0.0638297872340425,0.0,0.425531914893617,0.0,0.0,0.0,HAc,TRX,None,2.235294117647059,0.0,0.0,,593,1,0.1968421052631579,0.44,10.1016/0021-9517(87)90285-5,,1987,23.0,,,,,,1,P-V-Ti,128.5531914893617,5.0638297872340425,1.9459574468085108,497.22589406971485,0.05975554549569937,0.07440706201901315,0.806494820548359
0.0,0.0,0.0,0.0,0.0,0.0,0.0,0.0,0.0,0.0,0.0,0.0,0.0,0.0,0.0,0.0,0.0,0.0,0.0,0.0,0.0,0.6470588235294118,0.0,0.0,0.0,0.0,0.0,0.0,0.0,0.2352941176470588,0.1176470588235294,0.0,0.0,0.0,HAc,TRX,None,2.1028571428571428,0.0,0.0,,573,1,0.2686820652173913,0.565,10.1016/S0166-9834(00)80265-1,,1989,91.0,,,,,,1,P-V-Ti,124.88235294117646,4.764705882352941,1.971176470588235,590.1038062283736,0.17993079584775087,0.0884221453287197,1.4740883726757823
0.0,0.0,0.0,0.0,0.0,0.0,0.0,0.0,0.0,0.0,0.0,0.0,0.0,0.0,0.0,0.0,0.0,0.0,0.0,0.0,0.0,0.6470588235294118,0.0,0.0,0.0,0.0,0.0,0.0,0.0,0.2352941176470588,0.1176470588235294,0.0,0.0,0.0,HAc,TRX,None,2.1028571428571428,0.0,0.0,,573,1,0.3091032608695652,0.65,10.1016/S0166-9834(00)80265-1,,1989,77.0,,,,,,1,P-V-Ti,124.88235294117646,4.764705882352941,1.971176470588235,590.1038062283736,0.17993079584775087,0.0884221453287197,1.4740883726757823
0.0,0.0,0.0,0.0,0.0,0.0,0.0,0.0,0.0,0.0,0.0,0.0,0.0,0.0,0.0,0.0,0.0,0.0,0.0,0.0,0.0,0.6470588235294118,0.0,0.0,0.0,0.0,0.0,0.0,0.0,0.2352941176470588,0.1176470588235294,0.0,0.0,0.0,HAc,TRX,None,2.1028571428571428,0.0,0.0,,573,1,0.3138586956521739,0.66,10.1016/S0166-9834(00)80265-1,,1989,67.0,,,,,,1,P-V-Ti,124.88235294117646,4.764705882352941,1.971176470588235,590.1038062283736,0.17993079584775087,0.0884221453287197,1.4740883726757823
0.0,0.0,0.0,0.0,0.0,0.0,0.0,0.0,0.0,0.0,0.0,0.0,0.0,0.0,0.0,0.0,0.0,0.0,0.0,0.0,0.0,0.6470588235294118,0.0,0.0,0.0,0.0,0.0,0.0,0.0,0.2352941176470588,0.1176470588235294,0.0,0.0,0.0,HAc,TRX,None,2.1028571428571428,0.0,0.0,,573,1,0.255366847826087,0.537,10.1016/S0166-9834(00)80265-1,,1989,145.0,,,,,,1,P-V-Ti,124.88235294117646,4.764705882352941,1.971176470588235,590.1038062283736,0.17993079584775087,0.0884221453287197,1.4740883726757823
0.0,0.0,0.0,0.0,0.0,0.0,0.0,0.0,0.0,0.0,0.0,0.0,0.0,0.0,0.0,0.0,0.0,0.0,0.0,0.0,0.0,0.6470588235294118,0.0,0.0,0.0,0.0,0.0,0.0,0.0,0.2352941176470588,0.1176470588235294,0.0,0.0,0.0,HAc,TRX,None,2.1028571428571428,0.0,0.0,,573,1,0.2216032608695652,0.466,10.1016/S0166-9834(00)80265-1,,1989,126.0,,,,,,1,P-V-Ti,124.88235294117646,4.764705882352941,1.971176470588235,590.1038062283736,0.17993079584775087,0.0884221453287197,1.4740883726757823
0.0,0.0,0.0,0.0,0.0,0.0,0.0,0.0,0.0,0.0,0.0,0.0,0.0,0.0,0.0,0.0,0.0,0.0,0.0,0.0,0.0,0.5714285714285715,0.0,0.0,0.0,0.0,0.0,0.0,0.0,0.2857142857142857,0.1428571428571428,0.0,0.0,0.0,HAc,TRX,None,2.1028571428571428,0.0,0.0,,593,1,0.2894157608695652,0.6086,10.1016/S0166-9834(00)82351-9,,1989,145.0,,,,,,1,P-V-Ti,128.71428571428572,4.7142857142857135,1.9242857142857142,633.3469387755101,0.20408163265306123,0.09491020408163264,1.7337273919591893
0.0,0.0,0.0,0.0,0.0,0.0,0.0,0.0,0.0,0.0,0.0,0.0,0.0,0.0,0.0,0.0,0.0,0.0,0.0,0.0,0.0,0.6250000000000001,0.0,0.0,0.0,0.0,0.0,0.0,0.0,0.25,0.125,0.0,0.0,0.0,HAc,TRX,None,2.1028571428571428,0.0,0.0,,593,1,0.3883288043478261,0.8166,10.1016/S0166-9834(00)82351-9,,1989,60.0,,,,,,1,P-V-Ti,126.00000000000001,4.75,1.9575,605.7500000000001,0.1875,0.09076874999999998,1.5661576447233791
0.0,0.0,0.0,0.0,0.0,0.0,0.0,0.0,0.0,0.0,0.0,0.0,0.0,0.0,0.0,0.0,0.0,0.0,0.0,0.0,0.0,0.6470588235294118,0.0,0.0,0.0,0.0,0.0,0.0,0.0,0.2352941176470588,0.1176470588235294,0.0,0.0,0.0,HAc,TRX,None,2.1028571428571428,0.0,0.0,,593,1,0.4168138586956522,0.8765,10.1016/S0166-9834(00)82351-9,,1989,40.0,,,,,,1,P-V-Ti,124.88235294117646,4.764705882352941,1.971176470588235,590.1038062283736,0.17993079584775087,0.0884221453287197,1.4740883726757823
0.0,0.0,0.0,0.0,0.0,0.0,0.0,0.0,0.0,0.0,0.0,0.0,0.0,0.0,0.0,0.0,0.0,0.0,0.0,0.0,0.0,0.6470588235294118,0.0,0.0,0.0,0.0,0.0,0.0,0.0,0.2352941176470588,0.1176470588235294,0.0,0.0,0.0,HAc,TRX,None,2.1028571428571428,0.0,0.0,,593,1,0.3733016304347826,0.785,10.1016/S0166-9834(00)82351-9,,1989,65.0,,,,,,1,P-V-Ti,124.88235294117646,4.764705882352941,1.971176470588235,590.1038062283736,0.17993079584775087,0.0884221453287197,1.4740883726757823
0.0,0.0,0.0,0.0,0.0,0.0,0.0,0.0,0.0,0.0,0.0,0.0,0.0,0.0,0.0,0.0,0.0,0.0,0.0,0.0,0.0,0.6470588235294118,0.0,0.0,0.0,0.0,0.0,0.0,0.0,0.2352941176470588,0.1176470588235294,0.0,0.0,0.0,HAc,TRX,None,2.1028571428571428,0.0,0.0,,593,1,0.4373573369565217,0.9197,10.1016/S0166-9834(00)82351-9,,1989,65.0,,,,,,1,P-V-Ti,124.88235294117646,4.764705882352941,1.971176470588235,590.1038062283736,0.17993079584775087,0.0884221453287197,1.4740883726757823
0.0,0.0,0.0,0.0,0.0,0.0,0.0,0.0,0.0,0.0,0.0,0.0,0.0,0.0,0.0,0.0,0.0,0.0,0.0,0.0,0.0,0.5145631067961165,0.0,0.0,0.0,0.0,0.0,0.0,0.0,0.0,0.4854368932038835,0.0,0.0,0.0,MAc,DMM,None,2.0,0.0,0.0,,613,1,0.225,0.53,10.1016/S0167-2991(08)61662-6,,1992,23.0,,,,,,1,P-V-Ti,129.33009708737865,5.0,1.9181553398058253,528.5512300876615,0.0,0.07833349043265153,0.8578432566534362
0.0,0.0,0.0,0.0,0.0,0.0,0.0,0.0,0.0,0.0,0.0,0.0,0.0,0.0,0.0,0.0,0.0,0.0,0.0,0.0,0.0,0.6666666666666666,0.0,0.0,0.0,0.0,0.0,0.0,0.0,0.2222222222222222,0.1111111111111111,0.0,0.0,0.0,MAc,DMM,None,2.0,0.0,0.0,,613,1,0.425,0.85,10.1016/S0167-2991(08)61662-6,,1992,36.0,,,,,,1,P-V-Ti,123.88888888888889,4.777777777777777,1.9833333333333332,574.0987654320987,0.1728395061728395,0.08602222222222221,1.3809513828758233
0.0,0.0,0.0,0.0,0.0,0.0,0.0,0.0,0.0,0.0,0.0,0.0,0.0,0.0,0.0,0.0,0.0,0.0,0.0,0.0,0.0,0.2372881355932203,0.0,0.0,0.0,0.6779661016949152,0.0,0.0,0.0,0.0,0.0847457627118644,0.0,0.0,0.0,MAc,DMM,None,2.0,0.0,0.0,,613,1,0.2,0.49,10.1016/S0167-2991(08)61662-6,,1992,57.0,,,,,,1,P-V-Ti,113.61016949152543,4.322033898305084,1.9459322033898303,146.47515081873019,0.21832806664751508,0.02402413099683999,-0.6957803837867775
0.0,0.0,0.0,0.0,0.0,0.0,0.0,0.0,0.0,0.0,0.0,0.0,0.0,0.0,0.0,0.0,0.0,0.0,0.0,0.0,0.0,0.6666666666666666,0.0,0.0,0.0,0.0,0.0,0.0,0.0,0.2222222222222222,0.1111111111111111,0.0,0.0,0.0,MAc,DMM,None,2.0,0.0,0.0331491712707182,,613,1,0.62,1.24,10.1016/S0167-2991(08)61662-6,,1992,36.0,,,,,,1,P-V-Ti,123.88888888888889,4.777777777777777,1.9833333333333332,574.0987654320987,0.1728395061728395,0.08602222222222221,1.3809513828758233
0.0,0.0,0.0,0.0,0.0,0.0,0.0,0.0,0.0,0.0,0.0,0.0,0.0,0.0,0.0,0.0,0.0,0.0,0.0,0.0,0.0,0.5121951219512195,0.0,0.0,0.0,0.0,0.0,0.0,0.0,0.0,0.4878048780487804,0.0,0.0,0.0,MAc,FORM,"MeOH 
+ H$_2$O",2.5,0.0,0.1,,633,1,0.389341493090413,0.9733537327260324,10.1016/j.jcat.2014.04.005,,2014,30.0,,,,,,1,P-V-Ti,129.4390243902439,5.0,1.9168292682926826,528.6853063652587,0.0,0.07835336109458657,0.8585248816661106
0.0,0.0,0.0,0.0,0.0,0.0,0.0,0.0,0.0,0.0,0.0,0.0,0.0,0.0,0.0,0.0,0.0,0.0,0.0,0.0,0.0,0.5121951219512195,0.0,0.0,0.0,0.0,0.0,0.0,0.0,0.0,0.4878048780487804,0.0,0.0,0.0,HAc,FORM,"MeOH 
+ H$_2$O",2.5,2.5813119264746045,0.03,0.4433333333333333,633,1,0.3368,0.842,10.1016/j.jcat.2019.04.032,1,2019,7.5,0.0849544079069042,0.0339817631627617,0.0111905224222344,0.0765270081124376,1.7167586749827215,1,P-V-Ti,129.4390243902439,5.0,1.9168292682926826,528.6853063652587,0.0,0.07835336109458657,0.8585248816661106
0.0,0.0,0.0,0.0,0.0,0.0,0.0,0.0,0.0,0.0,0.0,0.0,0.0,0.0,0.0,0.0,0.0,0.0,0.0,0.0,0.0,0.5121951219512195,0.0,0.0,0.0,0.0,0.0,0.0,0.0,0.0,0.4878048780487804,0.0,0.0,0.0,HAc,FORM,"MeOH 
+ H$_2$O",2.5,2.581311926474605,0.03,2.216666666666667,633,1,0.1672,0.418,10.1016/j.jcat.2019.04.032,,2019,7.5,0.4247720395345215,0.1699088158138086,0.0559526121111724,0.3826350405621886,4.261313100610319,1,P-V-Ti,129.4390243902439,5.0,1.9168292682926826,528.6853063652587,0.0,0.07835336109458657,0.8585248816661106
0.0,0.0,0.0,0.0,0.0,0.0,0.0,0.0,0.0,0.0,0.0,0.0,0.0,0.0,0.0,0.0,0.0,0.0,0.0,0.0,0.0,0.5121951219512195,0.0,0.0,0.0,0.0,0.0,0.0,0.0,0.0,0.4878048780487804,0.0,0.0,0.0,HAc,FORM,"MeOH 
+ H$_2$O",2.5,2.5813119264746045,0.03,0.4433333333333333,633,1,0.15,0.375,10.1016/j.jcat.2019.04.032,,2019,14.4,0.0849544079069042,0.0339817631627617,0.0111905224222344,0.0765270081124376,0.7645896711621386,1,P-V-Ti,129.4390243902439,5.0,1.9168292682926826,528.6853063652587,0.0,0.07835336109458657,0.8585248816661106
0.0,0.0,0.0,0.0,0.0,0.0,0.0,0.0,0.0,0.0,0.0,0.0,0.0,0.0,0.0,0.0,0.0,0.0,0.0,0.0,0.0,0.5121951219512195,0.0,0.0,0.0,0.0,0.0,0.0,0.0,0.0,0.4878048780487804,0.0,0.0,0.0,HAc,FORM,"MeOH 
+ H$_2$O",2.5,2.5813119264746045,0.03,0.4433333333333333,633,1,0.2188,0.547,10.1016/j.jcat.2019.04.032,,2019,5.1,0.0849544079069042,0.0339817631627617,0.0111905224222344,0.0765270081124376,1.1152814670018396,1,P-V-Ti,129.4390243902439,5.0,1.9168292682926826,528.6853063652587,0.0,0.07835336109458657,0.8585248816661106
0.0,0.0,0.0,0.0,0.0,0.0,0.0,0.0,0.0,0.0,0.0,0.0,0.0,0.0,0.0,0.0,0.0,0.0,0.0,0.0,0.0,0.5121951219512195,0.0,0.0,0.0,0.0,0.0,0.0,0.0,0.0,0.4878048780487804,0.0,0.0,0.0,HAc,FORM,"MeOH 
+ H$_2$O",2.5,2.5813119264746045,0.03,0.4433333333333333,633,1,0.2608,0.652,10.1016/j.jcat.2019.04.032,,2019,5.1,0.0849544079069042,0.0339817631627617,0.0111905224222344,0.0765270081124376,1.3293665749272383,1,P-V-Ti,129.4390243902439,5.0,1.9168292682926826,528.6853063652587,0.0,0.07835336109458657,0.8585248816661106
0.0,0.0,0.0,0.0,0.0,0.0,0.0,0.0,0.0,0.0,0.0,0.0,0.0,0.0,0.0,0.0,0.0,0.0,0.0,0.0,0.0,0.5121951219512195,0.0,0.0,0.0,0.0,0.0,0.0,0.0,0.0,0.4878048780487804,0.0,0.0,0.0,HAc,FORM,"MeOH 
+ H$_2$O",2.5,2.5813119264746045,0.03,0.4433333333333333,633,1,0.2588,0.647,10.1016/j.jcat.2019.04.032,,2019,16.2,0.0849544079069042,0.0339817631627617,0.0111905224222344,0.0765270081124376,1.31917204597841,1,P-V-Ti,129.4390243902439,5.0,1.9168292682926826,528.6853063652587,0.0,0.07835336109458657,0.8585248816661106
0.0,0.0,0.0,0.0,0.0,0.0,0.0,0.0,0.0,0.0,0.0,0.0,0.0,0.0,0.0,0.0,0.0,0.0,0.0,0.0,0.0,0.5121951219512195,0.0,0.0,0.0,0.0,0.0,0.0,0.0,0.0,0.4878048780487804,0.0,0.0,0.0,HAc,FORM,"MeOH 
+ H$_2$O",2.5,2.5813119264746045,0.03,0.4433333333333333,633,1,0.2804,0.701,10.1016/j.jcat.2019.04.032,,2019,7.5,0.0849544079069042,0.0339817631627617,0.0111905224222344,0.0765270081124376,1.4292729586257575,1,P-V-Ti,129.4390243902439,5.0,1.9168292682926826,528.6853063652587,0.0,0.07835336109458657,0.8585248816661106
0.0,0.0,0.0,0.0,0.0,0.0,0.0,0.0,0.0,0.0,0.0,0.0,0.0,0.0,0.0,0.0,0.0,0.0,0.0,0.0,0.0,0.5121951219512195,0.0,0.0,0.0,0.0,0.0,0.0,0.0,0.0,0.4878048780487804,0.0,0.0,0.0,HAc,FORM,"MeOH 
+ H$_2$O",2.5,2.5813119264746045,0.03,0.4433333333333333,633,1,0.218,0.545,10.1016/j.jcat.2019.04.032,,2019,4.0,0.0849544079069042,0.0339817631627617,0.0111905224222344,0.0765270081124376,1.111203655422308,1,P-V-Ti,129.4390243902439,5.0,1.9168292682926826,528.6853063652587,0.0,0.07835336109458657,0.8585248816661106
0.0,0.0,0.0,0.0,0.0,0.0,0.0,0.0,0.0,0.0,0.0,0.0,0.0,0.0,0.0,0.0,0.0,0.0,0.0,0.0,0.0,0.133847072637405,0.0,0.0,0.0,0.7323058547251898,0.0,0.0,0.0,0.0,0.133847072637405,0.0,0.0,0.0,HAc,FORM,"MeOH 
+ H$_2$O",3.0,2.5813119264746054,0.045,0.44,633,1,0.2795,0.8385,10.1038/s41598-019-53180-8,1,2019,87.0,0.0894192160856169,0.0298064053618723,0.0098155368198715,0.067124092826066,1.4995602537557955,1,P-V-Ti,116.08618876022139,4.26769414527481,1.9026769414527478,212.3784731899784,0.19603398986039888,0.021006824388531145,-0.6281406637291959
0.0,0.0,0.0,0.0,0.0,0.0,0.0,0.0,0.0,0.0,0.0,0.0,0.0,0.0,0.0,0.0,0.0,0.0,0.0,0.0,0.0,0.133847072637405,0.0,0.0,0.0,0.7323058547251898,0.0,0.0,0.0,0.0,0.133847072637405,0.0,0.0,0.0,HAc,FORM,"MeOH 
+ H$_2$O",3.0,2.5813119264746054,0.0225,0.44,633,1,0.2475,0.7424999999999999,10.1038/s41598-019-53180-8,,2019,87.0,0.0894192160856169,0.0298064053618723,0.0098155368198715,0.067124092826066,1.327875358871411,1,P-V-Ti,116.08618876022139,4.26769414527481,1.9026769414527478,212.3784731899784,0.19603398986039888,0.021006824388531145,-0.6281406637291959
0.0,0.0,0.0,0.0,0.0,0.0,0.0,0.0,0.0,0.0,0.0,0.0,0.0,0.0,0.0,0.0,0.0,0.0,0.0,0.0,0.0,0.133847072637405,0.0,0.0,0.0,0.7323058547251898,0.0,0.0,0.0,0.0,0.133847072637405,0.0,0.0,0.0,HAc,FORM,"MeOH 
+ H$_2$O",3.0,2.581311926474605,0.045,1.32,633,1,0.1975,0.5925,10.1038/s41598-019-53180-8,,2019,87.0,0.2682576482568507,0.0894192160856169,0.0294466104596146,0.2013722784781981,3.178853131843681,1,P-V-Ti,116.08618876022139,4.26769414527481,1.9026769414527478,212.3784731899784,0.19603398986039888,0.021006824388531145,-0.6281406637291959
0.0,0.0,0.0,0.0,0.0,0.0,0.0,0.0,0.0,0.0,0.0,0.0,0.0,0.0,0.0,0.0,0.0,0.0,0.0,0.0,0.0,0.133847072637405,0.0,0.0,0.0,0.7323058547251898,0.0,0.0,0.0,0.0,0.133847072637405,0.0,0.0,0.0,HAc,FORM,"MeOH 
+ H$_2$O",3.0,2.5813119264746054,0.045,0.44,633,1,0.2037699999999999,0.6113099999999999,10.1038/s41598-019-53180-8,,2019,120.38745387453874,0.0894192160856169,0.0298064053618723,0.0098155368198715,0.067124092826066,1.0932572197059691,1,P-V-Ti,116.08618876022139,4.26769414527481,1.9026769414527478,212.3784731899784,0.19603398986039888,0.021006824388531145,-0.6281406637291959
0.0,0.0,0.0,0.0,0.0,0.0,0.0,0.0,0.0,0.0,0.0,0.0,0.0,0.0,0.0,0.0,0.0,0.0,0.0,0.0,0.0,0.133847072637405,0.0,0.0,0.0,0.7323058547251898,0.0,0.0,0.0,0.0,0.133847072637405,0.0,0.0,0.0,HAc,FORM,"MeOH 
+ H$_2$O",3.0,2.5813119264746054,0.045,0.44,633,1,0.165676,0.497028,10.1038/s41598-019-53180-8,,2019,160.51660516605168,0.0894192160856169,0.0298064053618723,0.0098155368198715,0.067124092826066,0.88887708265204,1,P-V-Ti,116.08618876022139,4.26769414527481,1.9026769414527478,212.3784731899784,0.19603398986039888,0.021006824388531145,-0.6281406637291959
0.0,0.0,0.0,0.0,0.0,0.0,0.0,0.0,0.0,0.0,0.0,0.0,0.0,0.0,0.0,0.0,0.0,0.0,0.0,0.0,0.0,0.133847072637405,0.0,0.0,0.0,0.7323058547251898,0.0,0.0,0.0,0.0,0.133847072637405,0.0,0.0,0.0,HAc,TRX,None,2.5,0.0,0.0225,0.44,633,1,0.20983419,0.524585475,10.1038/s41598-019-53180-8,,2019,87.0,0.1281995515459812,0.0512798206183924,0.0,0.0,1.6140389434208529,1,P-V-Ti,116.08618876022139,4.26769414527481,1.9026769414527478,212.3784731899784,0.19603398986039888,0.021006824388531145,-0.6281406637291959
0.0,0.0,0.0,0.0,0.0,0.0,0.0,0.0,0.0,0.0,0.0,0.0,0.0,0.0,0.0,0.0,0.0,0.0,0.0,0.0,0.0,0.133847072637405,0.0,0.0,0.0,0.7323058547251898,0.0,0.0,0.0,0.0,0.133847072637405,0.0,0.0,0.0,HAc,DMM,None,2.5,0.0,0.0225,0.44,633,1,0.1784,0.446,10.1038/s41598-019-53180-8,,2019,87.0,0.0792097683275758,0.0316839073310303,0.0,0.0,0.8478613601783715,1,P-V-Ti,116.08618876022139,4.26769414527481,1.9026769414527478,212.3784731899784,0.19603398986039888,0.021006824388531145,-0.6281406637291959
0.0,0.0,0.0,0.0,0.0,0.0,0.0,0.0,0.0,0.0,0.0,0.0,0.0,0.0,0.0,0.0,0.0,0.0,0.0,0.0,0.0,0.5,0.0,0.0,0.0,0.0,0.0,0.0,0.0,0.0,0.4999999999999999,0.0,0.0,0.0,HAc,FORM,"MeOH 
+ H$_2$O",2.5,2.581311926474605,0.039,1.3333333333333333,633,1,0.159,0.3975,10.1039/C9CC08700A,UnsupportedVPO,2020,30.0,0.2555019786673813,0.1022007914669525,0.033655706533036,0.2301564153757525,2.437488876486817,1,P-V-Ti,130.0,5.0,1.9099999999999997,529.0,0.0,0.0784,0.8601247400199744
0.0,0.0,0.0,0.0,0.0,0.0,0.0,0.0,0.0,0.0,0.0,0.0,0.0,0.0,0.0,0.0,0.0,0.0,0.0,0.0,0.0,0.133847072637405,0.0,0.0,0.0,0.7323058547251898,0.0,0.0,0.0,0.0,0.133847072637405,0.0,0.0,0.0,HAc,FORM,"MeOH 
+ H$_2$O",2.5,2.581311926474605,0.039,1.3333333333333333,633,1,0.188,0.47,10.1039/C9CC08700A,33%VPO-MCF,2020,87.0,0.2555019786673813,0.1022007914669525,0.033655706533036,0.2301564153757525,2.882062319368061,1,P-V-Ti,116.08618876022139,4.26769414527481,1.9026769414527478,212.3784731899784,0.19603398986039888,0.021006824388531145,-0.6281406637291959
0.0,0.0,0.0,0.0,0.0,0.0,0.0,0.0,0.0,0.0,0.0,0.0,0.0,0.0,0.0,0.0,0.0,0.0,0.0,0.0,0.0,0.133847072637405,0.0,0.0,0.0,0.7323058547251898,0.0,0.0,0.0,0.0,0.133847072637405,0.0,0.0,0.0,HAc,FORM,"MeOH 
+ H$_2$O",2.5,2.581311926474605,0.039,1.3333333333333333,633,1,0.204,0.51,10.1039/C9CC08700A,33%VPO-SilicaHP,2020,111.0055391073684,0.2555019786673813,0.1022007914669525,0.033655706533036,0.2301564153757525,3.1273442188887466,1,P-V-Ti,116.08618876022139,4.26769414527481,1.9026769414527478,212.3784731899784,0.19603398986039888,0.021006824388531145,-0.6281406637291959
0.0,0.0,0.0,0.0,0.0,0.0,0.0,0.0,0.0,0.0,0.0,0.0,0.0,0.0,0.0,0.0,0.0,0.0,0.0,0.0,0.0,0.133847072637405,0.0,0.0,0.0,0.7323058547251898,0.0,0.0,0.0,0.0,0.133847072637405,0.0,0.0,0.0,HAc,FORM,"MeOH 
+ H$_2$O",2.5,2.581311926474605,0.039,1.3333333333333333,633,1,0.158,0.395,10.1039/C9CC08700A,,2020,273.6539102327913,0.2555019786673813,0.1022007914669525,0.033655706533036,0.2301564153757525,2.4221587577667747,1,P-V-Ti,116.08618876022139,4.26769414527481,1.9026769414527478,212.3784731899784,0.19603398986039888,0.021006824388531145,-0.6281406637291959
0.0,0.0,0.0,0.0,0.0,0.0,0.0,0.0,0.0,0.0,0.0,0.0,0.0,0.0,0.0,0.0,0.0,0.0,0.0,0.0,0.0,0.133847072637405,0.0,0.0,0.0,0.7323058547251898,0.0,0.0,0.0,0.0,0.133847072637405,0.0,0.0,0.0,HAc,FORM,"MeOH 
+ H$_2$O",2.5,2.581311926474605,0.039,1.3333333333333333,633,1,0.198,0.495,10.1039/C9CC08700A,,2020,57.227166603456936,0.2555019786673813,0.1022007914669525,0.033655706533036,0.2301564153757525,3.0353635065684896,1,P-V-Ti,116.08618876022139,4.26769414527481,1.9026769414527478,212.3784731899784,0.19603398986039888,0.021006824388531145,-0.6281406637291959
0.0,0.0,0.0,0.0,0.0,0.0,0.0,0.0,0.0,0.0,0.0,0.0,0.0,0.0,0.0,0.0,0.0,0.0,0.0,0.0,0.0,0.5,0.0,0.0,0.0,0.0,0.0,0.0,0.0,0.0,0.4999999999999999,0.0,0.0,0.0,HAc,FORM,"MeOH 
+ H$_2$O",2.5,2.581311926474605,0.039,1.3333333333333333,633,1,0.212,0.53,10.1039/C9CC08700A,gammaVPO-deltaVPO-3-1,2020,15.0,0.2555019786673813,0.1022007914669525,0.033655706533036,0.2301564153757525,3.24998516864909,1,P-V-Ti,130.0,5.0,1.9099999999999997,529.0,0.0,0.0784,0.8601247400199744
0.0,0.0,0.0,0.0,0.0,0.0,0.0,0.0,0.0,0.0,0.0,0.0,0.0,0.0,0.0,0.0,0.0,0.0,0.0,0.0,0.0,0.1015775924799303,0.0,0.0,0.0,0.0,0.0,0.0,0.0,0.8016818432534694,0.0967405642666003,0.0,0.0,0.0,HAc,FORM,"MeOH 
+ H$_2$O",2.5,2.5813119264746045,0.0,0.4433333333333333,633,1,0.19838,0.49595,10.1021/acssuschemeng.0c05916,,2020,4.0,0.0849544079069042,0.0339817631627617,0.0111905224222344,0.0765270081124376,1.0111953264343003,1,P-V-Ti,153.93920364869746,4.198318156746531,1.6147320858959486,253.3384925132258,0.15898806545118913,0.038115246730970546,-0.27844476209975333
0.0,0.0,0.0,0.0,0.0,0.0,0.0,0.0,0.0,0.0,0.0,0.0,0.0,0.0,0.0,0.0,0.0,0.0,0.0,0.0,0.0,0.1015775924799303,0.0,0.0,0.0,0.0,0.0,0.0,0.0,0.8016818432534694,0.0967405642666003,0.0,0.0,0.0,HAc,FORM,"MeOH 
+ H$_2$O",2.5,2.5813119264746045,0.03,0.4433333333333333,633,1,0.2845499999999999,0.7113749999999999,10.1021/acssuschemeng.0c05916,1,2020,4.0,0.0849544079069042,0.0339817631627617,0.0111905224222344,0.0765270081124376,1.4504266061945768,1,P-V-Ti,153.93920364869746,4.198318156746531,1.6147320858959486,253.3384925132258,0.15898806545118913,0.038115246730970546,-0.27844476209975333
0.0,0.0,0.0,0.0,0.0,0.0,0.0,0.0,0.0,0.0,0.0,0.0,0.0,0.0,0.0,0.0,0.0,0.0,0.0,0.0,0.0,0.1015775924799303,0.0,0.0,0.0,0.0,0.0,0.0,0.0,0.8016818432534694,0.0967405642666003,0.0,0.0,0.0,HAc,FORM,"MeOH 
+ H$_2$O",2.5,2.5813119264746045,0.03,0.4433333333333333,633,1,0.11895,0.297375,10.1021/acssuschemeng.0c05916,,2020,4.000006315672894,0.0849544079069042,0.0339817631627617,0.0111905224222344,0.0765270081124376,0.6063196092315759,1,P-V-Ti,153.93920364869746,4.198318156746531,1.6147320858959486,253.3384925132258,0.15898806545118913,0.038115246730970546,-0.27844476209975333
0.0,0.0,0.0,0.0,0.0,0.0,0.0,0.0,0.0,0.0,0.0,0.0,0.0,0.0,0.0,0.0,0.0,0.0,0.0,0.0,0.0,0.1015775924799303,0.0,0.0,0.0,0.0,0.0,0.0,0.0,0.8016818432534694,0.0967405642666003,0.0,0.0,0.0,HAc,FORM,"MeOH 
+ H$_2$O",2.5,2.5813119264746045,0.03,0.4433333333333333,633,1,0.125236,0.31309,10.1021/acssuschemeng.0c05916,,2020,4.000006315672894,0.0849544079069042,0.0339817631627617,0.0111905224222344,0.0765270081124376,0.6383610137177439,1,P-V-Ti,153.93920364869746,4.198318156746531,1.6147320858959486,253.3384925132258,0.15898806545118913,0.038115246730970546,-0.27844476209975333
0.0,0.0,0.0,0.0,0.0,0.0,0.0,0.0,0.0,0.0,0.0,0.0,0.0,0.0,0.0,0.0,0.0,0.0,0.0,0.0,0.0,0.0,0.0,0.0,0.0,0.0,0.0,0.0,0.0,1.0,0.0,0.0,0.0,0.0,HAc,FORM,"MeOH 
+ H$_2$O",2.5,2.5813119264746045,0.0,0.4433333333333333,633,1,0.025912,0.06478,10.1021/acssuschemeng.0c05916,,2020,20.0,0.0849544079069042,0.0339817631627617,0.0111905224222344,0.0765270081124376,0.1320803170610222,2,Si-Cs-P,160.0,4.0,1.54,0.0,0.0,0.0,-1.8292371528252536
1.0,0.0,0.0,0.0,0.0,0.0,0.0,0.0,0.0,0.0,0.0,0.0,0.0,0.0,0.0,0.0,0.0,0.0,0.0,0.0,0.0,0.0,0.0,0.0,0.0,0.0,0.0,0.0,0.0,0.0,0.0,0.0,0.0,0.0,HAc,FORM,"MeOH 
+ H$_2$O",2.5,2.581311926474605,0.03,1.3333333333333333,633,1,0.0503426,0.1258565,10.1039/D2RA06960A,,2023,250.0,0.2555019786673813,0.1022007914669525,0.033655706533036,0.2301564153757525,0.7717580346756306,0,Al-Si-Cs,121.0,3.0,1.61,0.0,0.0,0.0,-1.8292371528252536
1.0,0.0,0.0,0.0,0.0,0.0,0.0,0.0,0.0,0.0,0.0,0.0,0.0,0.0,0.0,0.0,0.0,0.0,0.0,0.0,0.0,0.0,0.0,0.0,0.0,0.0,0.0,0.0,0.0,0.0,0.0,0.0,0.0,0.0,HAc,FORM,"MeOH 
+ H$_2$O",2.5,2.581311926474605,0.03,1.3333333333333333,633,1,0.0439424999999999,0.1098562499999999,10.1039/D2RA06960A,,2023,250.0,0.2555019786673813,0.1022007914669525,0.033655706533036,0.2301564153757525,0.673643741855484,0,Al-Si-Cs,121.0,3.0,1.61,0.0,0.0,0.0,-1.8292371528252536
0.0,0.0,0.0,0.0,0.0,0.0,0.0,0.0,0.0,0.0,0.0,0.0,0.0,0.0,0.0,0.0,0.0,0.0,1.0,0.0,0.0,0.0,0.0,0.0,0.0,0.0,0.0,0.0,0.0,0.0,0.0,0.0,0.0,0.0,HAc,FORM,"MeOH 
+ H$_2$O",2.5,2.581311926474605,0.03,1.3333333333333333,633,1,0.072688,0.18172,10.1039/D2RA06960A,,2023,15.0,0.2555019786673813,0.1022007914669525,0.033655706533036,0.2301564153757525,1.1143156695224767,2,Si-Cs-P,164.0,5.0,1.6,0.0,0.0,0.0,-1.8292371528252536
0.0,0.0,0.0,0.0,0.0,0.0,0.0,0.0,0.0,0.0,0.0,0.0,0.0,0.0,0.0,0.0,1.0,0.0,0.0,0.0,0.0,0.0,0.0,0.0,0.0,0.0,0.0,0.0,0.0,0.0,0.0,0.0,0.0,0.0,HAc,FORM,"MeOH 
+ H$_2$O",2.5,2.581311926474605,0.03,1.3333333333333333,633,1,0.1035319999999999,0.2588299999999999,10.1039/D2RA06960A,,2023,50.0,0.2555019786673813,0.1022007914669525,0.033655706533036,0.2301564153757525,1.587157851323479,2,Si-Cs-P,154.0,6.0,2.16,0.0,0.0,0.0,-1.8292371528252536
0.0,0.0,0.0,0.0,0.0,0.0,0.0,0.0,0.0,0.0,0.0,0.0,0.0,0.0,0.0,0.0,0.0,0.0,0.0447511737987761,0.0,0.0,0.1078383854360289,0.0,0.0,0.0,0.0,0.0,0.0,0.0,0.7447072165404055,0.1027032242247894,0.0,0.0,0.0,HAc,FORM,"MeOH 
+ H$_2$O",2.5,2.581311926474605,0.03,1.3333333333333333,633,1,0.2510936,0.627734,10.1039/D2RA06960A,V-Ti-Nb,2023,6.532992501971227,0.2555019786673813,0.1022007914669525,0.033655706533036,0.2301564153757525,3.84929469784296,1,P-V-Ti,153.74464769751202,4.255292783459594,1.6220233111415763,269.537069029359,0.19011837817304705,0.039826894617990743,-0.1591528345346012
0.0,0.0,0.0,0.0,0.0,0.0,0.0,0.0,0.0,0.0,0.0,0.0,0.0,0.0,0.0,0.0,0.0414603541786402,0.0,0.0,0.0,0.0,0.1082098872530035,0.0,0.0,0.0,0.0,0.0,0.0,0.0,0.7472727230893051,0.103057035479051,0.0,0.0,0.0,HAc,FORM,"MeOH 
+ H$_2$O",2.5,2.581311926474605,0.03,1.3333333333333333,633,1,0.2314884,0.578721,10.1039/D2RA06960A,V-Ti-Mo,2023,6.423710884896715,0.2555019786673813,0.1022007914669525,0.033655706533036,0.2301564153757525,3.548744654312774,1,P-V-Ti,153.29471460216558,4.2941876310893345,1.6453169794983236,265.5430885161804,0.2905619771606607,0.05139913332739324,0.20081516227027812
0.0,0.0,0.0,0.0,0.0,0.0,0.0,0.0,0.0,0.0,0.0,0.0,0.0,0.0,0.0,0.0,0.0,0.0,0.0,0.0,0.0,0.1099378604615934,0.0,0.0,0.0,0.0,0.0,0.0,0.0,0.7592057107098282,0.1047027242491366,0.0261537045794417,0.0,0.0,HAc,FORM,"MeOH 
+ H$_2$O",2.5,2.581311926474605,0.03,1.3333333333333333,633,1,0.1822952199999999,0.4557380499999999,10.1039/D2RA06960A,V-Ti-W,2023,5.903980961578366,0.2555019786673813,0.1022007914669525,0.033655706533036,0.2301564153757525,2.794607364696334,1,P-V-Ti,153.49268173495048,4.266947993869612,1.6250674472151685,271.70530734049413,0.24799417159748563,0.04072990237296941,-0.045650072551773446
0.0,0.0,0.0,0.0260288539352753,0.0,0.0,0.0,0.0,0.0,0.0,0.0,0.0,0.0,0.0,0.0,0.0,0.0,0.0,0.0,0.0,0.0,0.109951954895963,0.0,0.0,0.0,0.0,0.0,0.0,0.0,0.7593030436487969,0.1047161475199648,0.0,0.0,0.0,HAc,FORM,"MeOH 
+ H$_2$O",2.5,2.581311926474605,0.03,1.3333333333333333,633,1,0.1463668799999999,0.3659171999999999,10.1039/D2RA06960A,V-Ti-Bi,2023,5.8996475341554335,0.2555019786673813,0.1022007914669525,0.033655706533036,0.2301564153757525,2.2438216470822687,1,P-V-Ti,153.12718711065088,4.240696956351203,1.6302636113758717,270.4987304859149,0.18276193155447013,0.042528721669853324,-0.11950562571950797
0.0,0.0,0.0,0.0,0.0,0.0,0.0,0.0,0.0,0.0,0.0,0.0,0.0,0.0,0.0,0.0,0.0,0.0,0.0,0.0,0.0,0.133847072637405,0.0,0.0,0.0,0.7323058547251898,0.0,0.0,0.0,0.0,0.133847072637405,0.0,0.0,0.0,HAc,FORM,"MeOH 
+ H$_2$O",2.5,2.5813119264746045,0.03,0.4433333333333333,633,1,0.2290287999999999,0.572572,10.1039/D3NJ00221G,VPO-MCF,2023,263.611471997107,0.0849544079069042,0.0339817631627617,0.0111905224222344,0.0765270081124376,1.1674203658577278,1,P-V-Ti,116.08618876022139,4.26769414527481,1.9026769414527478,212.3784731899784,0.19603398986039888,0.021006824388531145,-0.6281406637291959
0.0,0.0,0.0,0.0,0.0,0.0,0.0,0.0,0.0,0.0,0.0,0.0,0.0,0.0,0.0,0.0,0.0,0.0,0.0,0.0,0.0,0.1015775924799303,0.0,0.0,0.0,0.0,0.0,0.0,0.0,0.8016818432534694,0.0967405642666003,0.0,0.0,0.0,HAc,FORM,"MeOH 
+ H$_2$O",2.5,2.5813119264746045,0.03,0.4433333333333333,633,1,0.245156,0.6128900000000002,10.1039/D3NJ00221G,UnModifiedV-Ti,2023,4.000006315672894,0.0849544079069042,0.0339817631627617,0.0111905224222344,0.0765270081124376,1.249624969489502,1,P-V-Ti,153.93920364869746,4.198318156746531,1.6147320858959486,253.3384925132258,0.15898806545118913,0.038115246730970546,-0.27844476209975333
0.0,0.0,0.0,0.0,0.0,0.0,0.0,0.0,0.0,0.0,0.0,0.0,0.0,0.0,0.0,0.0,0.0,0.0,0.0,0.0,0.0,0.1022903000348021,0.0,0.0,0.0,0.0938969584445408,0.0,0.0,0.0,0.7063934081541788,0.0974193333664782,0.0,0.0,0.0,HAc,FORM,"MeOH 
+ H$_2$O",2.5,2.5813119264746045,0.03,0.4433333333333333,633,1,0.24657582,0.61643955,10.1039/D3NJ00221G,AllylSi-V-Ti,2023,7.900054085716736,0.0849544079069042,0.0339817631627617,0.0111905224222344,0.0765270081124376,1.2568621675355645,1,P-V-Ti,149.29572780080764,4.19970963340128,1.649059340065639,402.9721540436565,0.1598256957280065,0.044281854523832126,0.1930809976849828
0.0,0.0,0.0,0.0,0.0,0.0,0.0,0.0,0.0,0.0,0.0,0.0,0.0,0.0,0.0,0.0,0.0,0.0,0.0,0.0,0.0,0.1022903000348021,0.0,0.0,0.0,0.0938969584445408,0.0,0.0,0.0,0.7063934081541788,0.0974193333664782,0.0,0.0,0.0,HAc,FORM,"MeOH 
+ H$_2$O",2.5,2.5813119264746045,0.03,0.4433333333333333,633,1,0.3349959999999999,0.8374899999999998,10.1039/D3NJ00221G,Glycosidil-Si-V-Ti,2023,7.900054085716736,0.0849544079069042,0.0339817631627617,0.0111905224222344,0.0765270081124376,1.7075632098708782,1,P-V-Ti,149.29572780080764,4.19970963340128,1.649059340065639,402.9721540436565,0.1598256957280065,0.044281854523832126,0.1930809976849828
0.0,0.0,0.0,0.0,0.0,0.0,0.0,0.0,0.0,0.0,0.0,0.0,0.0,0.0,0.0,0.0,0.0,0.0,0.0,0.0,0.0,0.133847072637405,0.0,0.0,0.0,0.7323058547251898,0.0,0.0,0.0,0.0,0.133847072637405,0.0,0.0,0.0,HAc,FORM,"MeOH 
+ H$_2$O",2.5,2.581311926474605,0.1,2.6666666666666665,633,1,0.175812,0.43953,10.2139/ssrn.4741336,1,2024,79.90701337414795,0.5110039573347626,0.204401582933905,0.0673114130660721,0.460312830751505,5.390437664816356,1,P-V-Ti,116.08618876022139,4.26769414527481,1.9026769414527478,212.3784731899784,0.19603398986039888,0.021006824388531145,-0.6281406637291959
0.0,0.0,0.0,0.0,0.0,0.0,0.0,0.0,0.0,0.0,0.0,0.0,0.0,0.0,0.0,0.0,0.0,0.0,0.0,0.0,0.0,0.5833333333333333,0.0,0.0,0.0,0.0,0.0,0.0,0.0,0.0,0.4166666666666667,0.0,0.0,0.0,HAc,TRX,None,3.5,0.0,0.1304347826086956,1.6666666666666667,623,1,0.173558,0.607453,10.1021/acs.iecr.8b02132,,2018,19.5,0.4856334986590716,0.1387524281883062,0.0,0.0,5.05713472561627,1,P-V-Ti,126.16666666666666,5.0,1.9566666666666666,514.3055555555555,0.0,0.07622222222222223,0.785420242996496
0.0,0.0,0.0,0.0,0.0,0.0,0.0,0.0,0.0,0.0,0.0,0.0,0.0,0.0,0.0,0.0,0.0,0.0,0.0082644628099173,0.0,0.0,0.5785123966942148,0.0,0.0,0.0,0.0,0.0,0.0,0.0,0.0,0.4132231404958677,0.0,0.0,0.0,HAc,TRX,None,3.5,0.0,0.1304347826086956,1.6666666666666667,623,1,0.1006719999999999,0.3523519999999999,10.1021/acs.iecr.8b02132,,2018,5.8,0.4856334986590716,0.1387524281883062,0.0,0.0,2.933381734620363,1,P-V-Ti,126.47933884297518,4.999999999999999,1.9537190082644624,521.7867631992349,7.888609052210117e-31,0.07663492930810738,0.8108229487302392
0.0,0.0,0.0,0.0,0.0,0.0,0.0,0.0,0.0,0.0,0.0,0.0,0.0,0.0,0.0,0.0,0.0,0.0,0.0163934426229508,0.0,0.0,0.5737704918032787,0.0,0.0,0.0,0.0,0.0,0.0,0.0,0.0,0.4098360655737705,0.0,0.0,0.0,HAc,TRX,None,3.5,0.0,0.1304347826086956,1.6666666666666667,623,1,0.1628549999999999,0.5699924999999999,10.1021/acs.iecr.8b02132,,2018,12.5,0.4856334986590716,0.1387524281883062,0.0,0.0,4.745270605447386,1,P-V-Ti,126.78688524590163,5.0,1.9508196721311473,528.9545821015856,0.0,0.07702391830153187,0.8350448542907607
0.0,0.0,0.0,0.0,0.0,0.0,0.0,0.0,0.0,0.0,0.0,0.0,0.0,0.0,0.0,0.0,0.0,0.0,0.0265486725663716,0.0,0.0,0.5309734513274337,0.0,0.0,0.0,0.0,0.0,0.0,0.0,0.0,0.4424778761061947,0.0,0.0,0.0,HAc,TRX,None,3.5,0.0,0.1304347826086956,1.6666666666666667,623,1,0.1485,0.5197499999999999,10.1021/acs.iecr.8b02132,,2018,17.4,0.4856334986590716,0.1387524281883062,0.0,0.0,4.326994473052328,1,P-V-Ti,128.86725663716814,5.0,1.9265486725663719,544.3629101730753,0.0,0.0785960529407158,0.900468388332593
0.0,0.0,0.0,0.0,0.0,0.0,0.0,0.0,0.0,0.0,0.0,0.0,0.0,0.0,0.0,0.0,0.0,0.0,0.0254237288135593,0.0,0.0,0.5508474576271186,0.0,0.0,0.0,0.0,0.0,0.0,0.0,0.0,0.423728813559322,0.0,0.0,0.0,HAc,TRX,None,3.5,0.0,0.1304347826086956,1.6666666666666667,623,1,0.156832,0.5489120000000001,10.1021/acs.iecr.8b02132,,2018,17.4,0.4856334986590716,0.1387524281883062,0.0,0.0,4.569772371701973,1,P-V-Ti,127.94067796610167,4.999999999999999,1.9377118644067794,540.6998707268026,7.888609052210117e-31,0.07808205257110025,0.8823700324663317
0.0,0.0,0.0,0.0,0.0,0.0,0.0,0.0,0.0,0.0,0.0,0.0,0.0,0.0,0.0,0.0,0.0,0.0,0.024390243902439,0.0,0.0,0.5691056910569106,0.0,0.0,0.0,0.0,0.0,0.0,0.0,0.0,0.4065040650406504,0.0,0.0,0.0,HAc,TRX,None,3.5,0.0,0.1304347826086956,1.6666666666666667,623,1,0.185148,0.648018,10.1021/acs.iecr.8b02132,,2018,17.4,0.4856334986590716,0.1387524281883062,0.0,0.0,5.394844260583788,1,P-V-Ti,127.08943089430895,5.0,1.9479674796747968,535.821270407826,0.0,0.07739017780421707,0.8581332510980413
0.0,0.0,0.0,0.0,0.0,0.0,0.0,0.0,0.0,0.0,0.0,0.0,0.0,0.0,0.0,0.0,0.0,0.0,0.0234374999999999,0.0,0.0,0.5859375,0.0,0.0,0.0,0.0,0.0,0.0,0.0,0.0,0.390625,0.0,0.0,0.0,HAc,TRX,None,3.5,0.0,0.1304347826086956,1.6666666666666667,623,1,0.143244,0.5013540000000001,10.1021/acs.iecr.8b02132,,2018,17.4,0.4856334986590716,0.1387524281883062,0.0,0.0,4.173845092915204,1,P-V-Ti,126.30468749999999,5.0,1.9574218749999999,530.0399780273435,0.0,0.07656600952148437,0.8293343336195101
0.0,0.0,0.0,0.0,0.0,0.0,0.0,0.0,0.0,0.0,0.0,0.0,0.0,0.0,0.0,0.0,0.0,0.0,0.032258064516129,0.0,0.0,0.5645161290322581,0.0,0.0,0.0,0.0,0.0,0.0,0.0,0.0,0.4032258064516129,0.0,0.0,0.0,HAc,TRX,None,3.5,0.0,0.1304347826086956,1.6666666666666667,623,1,0.1593959999999999,0.5578859999999999,10.1021/acs.iecr.8b02132,,2018,16.0,0.4856334986590716,0.1387524281883062,0.0,0.0,4.644482229135682,1,P-V-Ti,127.38709677419354,5.0,1.9451612903225806,542.3985431841832,0.0,0.07773465140478669,0.880133313355568
0.0,0.0,0.0,0.0,0.0,0.0,0.0,0.0,0.0,0.0,0.0,0.0,0.0,0.0,0.0,0.0,0.0,0.0,0.04,0.0,0.0,0.56,0.0,0.0,0.0,0.0,0.0,0.0,0.0,0.0,0.4000000000000001,0.0,0.0,0.0,HAc,TRX,None,3.5,0.0,0.1304347826086956,1.6666666666666667,623,1,0.1133639999999999,0.3967739999999999,10.1021/acs.iecr.8b02132,,2018,10.7,0.4856334986590716,0.1387524281883062,0.0,0.0,3.3032013565192195,1,P-V-Ti,127.68,5.000000000000001,1.9424000000000003,548.6976000000001,7.88860905221012e-31,0.07805824000000003,0.9010882062171208
0.0,0.0,0.0,0.0,0.0,0.0,0.0,0.0,0.0,0.0,0.0,0.0,0.0,0.0,0.0,0.0,0.0,0.0,0.0,0.0,0.0,0.5833333333333333,0.0,0.0,0.0,0.0,0.0,0.0,0.0,0.0,0.4166666666666667,0.0,0.0,0.0,HAc,TRX,None,3.5,0.0,0.1304347826086956,1.6666666666666667,623,1,0.176,0.616,10.1039/C8RA09241A,,2019,21.61,0.4856334986590716,0.1387524281883062,0.0,0.0,5.128289745839796,1,P-V-Ti,126.16666666666666,5.0,1.9566666666666666,514.3055555555555,0.0,0.07622222222222223,0.785420242996496
0.0,0.0,0.0,0.0,0.0,0.0,0.0,0.0,0.0,0.0,0.0,0.0,0.0,0.0,0.0,0.0,0.024390243902439,0.0,0.0,0.0,0.0,0.5691056910569106,0.0,0.0,0.0,0.0,0.0,0.0,0.0,0.0,0.4065040650406503,0.0,0.0,0.0,HAc,TRX,None,3.5,0.0,0.1304347826086956,1.6666666666666667,623,1,0.142,0.4969999999999999,10.1039/C8RA09241A,,2019,11.225433436298845,0.4856334986590716,0.1387524281883062,0.0,0.0,4.13759740857529,1,P-V-Ti,126.84552845528452,5.024390243902438,1.9616260162601624,520.195650736995,0.023795359904818538,0.07534694956705665,0.8214350279703495
0.0,0.0,0.0,0.0,0.0,0.0,0.0,0.0,0.0,0.0,0.0,0.0,0.0,0.0,0.0,0.0,0.0,0.0,0.0,0.0,0.0,0.5691056910569106,0.0,0.0,0.0,0.0,0.0,0.0,0.0,0.0,0.4065040650406505,0.024390243902439,0.0,0.0,HAc,TRX,None,3.5,0.0,0.1304347826086956,1.6666666666666667,623,1,0.197,0.6895,10.1039/C8RA09241A,,2019,11.225433436298845,0.4856334986590716,0.1387524281883062,0.0,0.0,5.740187954150227,1,P-V-Ti,127.04065040650407,5.02439024390244,1.950406504065041,532.3154207151828,0.02379535990481854,0.07593072906338821,0.8610489867741548
0.0,0.0,0.0,0.0,0.0,0.0,0.0,0.024390243902439,0.0,0.0,0.0,0.0,0.0,0.0,0.0,0.0,0.0,0.0,0.0,0.0,0.0,0.5691056910569106,0.0,0.0,0.0,0.0,0.0,0.0,0.0,0.0,0.4065040650406504,0.0,0.0,0.0,HAc,TRX,None,3.5,0.0,0.1304347826086956,1.6666666666666667,623,1,0.072,0.252,10.1039/C8RA09241A,,2019,11.225433436298845,0.4856334986590716,0.1387524281883062,0.0,0.0,2.097936714207189,1,P-V-Ti,126.47967479674796,5.024390243902438,1.9494308943089431,505.6804811950558,0.023795359904818535,0.0764573996959482,0.8068297877774249
0.0,0.0,0.0,0.0,0.0,0.0,0.0,0.0,0.0,0.0,0.0,0.0,0.024390243902439,0.0,0.0,0.0,0.0,0.0,0.0,0.0,0.0,0.5691056910569106,0.0,0.0,0.0,0.0,0.0,0.0,0.0,0.0,0.4065040650406503,0.0,0.0,0.0,HAc,TRX,None,3.5,0.0,0.1304347826086956,1.6666666666666667,623,1,0.172,0.602,10.1039/C8RA09241A,,2019,10.79,0.4856334986590716,0.1387524281883062,0.0,0.0,5.011737706161618,1,P-V-Ti,128.1382113821138,4.951219512195122,1.935772357723577,657.2410602154798,0.09518143961927414,0.09182602947980698,1.5620070098809462
0.0,0.0,0.0,0.0,0.0,0.024390243902439,0.0,0.0,0.0,0.0,0.0,0.0,0.0,0.0,0.0,0.0,0.0,0.0,0.0,0.0,0.0,0.5691056910569104,0.0,0.0,0.0,0.0,0.0,0.0,0.0,0.0,0.4065040650406504,0.0,0.0,0.0,HAc,TRX,None,3.5,0.0,0.1304347826086956,1.6666666666666667,623,1,0.204,0.714,10.1039/C8RA09241A,,2019,11.225433436298845,0.4856334986590716,0.1387524281883062,0.0,0.0,5.944154023587036,1,P-V-Ti,128.0650406504065,4.97560975609756,1.9362601626016258,645.9144689007863,0.02379535990481854,0.09102015995769712,1.406879128722884
0.0,0.0,0.0,0.0,0.0,0.0,0.0,0.0,0.0,0.0,0.0,0.0,0.0,0.0,0.0,0.0,0.0,0.0,0.0,0.0,0.0,0.0,0.0,0.0,0.0,0.9769545996061612,0.0,0.0,0.0,0.0,0.0230454003938388,0.0,0.0,0.0,HAc,FORM,"MeOH 
+ H$_2$O",10.0,2.5813119264746045,0.0,2.0,643,1,0.01693,0.1693,10.1021/acs.iecr.5b01422,,2015,362.7,0.5157041230938302,0.051570412309383,0.0169826342590849,0.1161366860883381,0.5238522482387127,2,Si-Cs-P,111.96790681654124,4.023045400393839,1.8937777418936634,39.71524268922464,0.02251430991452645,0.0016412931927689788,-1.6685969213954446
0.0,0.0,0.0,0.0,0.0,0.0,0.0,0.0,0.0,0.0,0.0,0.0,0.0,0.0,0.0,0.0,0.0,0.0,0.0,0.0,0.0,0.0704626346521857,0.0,0.0,0.0,0.90811580458234,0.0,0.0,0.0,0.0,0.0214215607654744,0.0,0.0,0.0,HAc,FORM,"MeOH 
+ H$_2$O",10.0,2.5813119264746045,0.0,2.0,643,1,0.0219,0.219,10.1021/acs.iecr.5b01422,1,2015,282.2,0.5157041230938302,0.051570412309383,0.0169826342590849,0.1161366860883381,0.6776352177452929,1,P-V-Ti,111.61785501354122,4.09188419541766,1.9146503426424557,38.53329052697382,0.08344149005010935,0.007272906814510545,-1.472461659369586
0.0,0.0,0.0,0.0,0.0,0.0,0.0,0.0,0.0,0.0,0.0,0.0,0.0,0.0,0.0,0.0,0.0,0.0,0.0,0.0,0.0,0.0704626346521857,0.0,0.0,0.0,0.90811580458234,0.0,0.0,0.0,0.0,0.0214215607654744,0.0,0.0,0.0,HAc,FORM,"MeOH 
+ H$_2$O",10.0,2.5813119264746045,0.0,2.0,643,1,0.0219,0.219,10.1016/j.cej.2016.04.107,1,2016,321.0,0.5157041230938302,0.051570412309383,0.0169826342590849,0.1161366860883381,0.6776352177452929,1,P-V-Ti,111.61785501354122,4.09188419541766,1.9146503426424557,38.53329052697382,0.08344149005010935,0.007272906814510545,-1.472461659369586
0.0,0.0,0.0,0.0,0.0,0.0,0.0,0.0,0.0,0.0,0.0,0.0,0.0,0.0,0.0,0.0,0.0,0.0,0.0,0.0,0.0,0.0704626346521857,0.0,0.0,0.0,0.90811580458234,0.0,0.0,0.0,0.0,0.0214215607654744,0.0,0.0,0.0,HAc,FORM,"MeOH 
+ H$_2$O",7.5,2.581311926474605,0.0,2.0,643,1,0.03176,0.2382,10.1016/j.cej.2016.04.107,,2016,321.0,0.4966335489675121,0.0662178065290016,0.0218061624749948,0.1491226512633049,0.946384890912491,1,P-V-Ti,111.61785501354122,4.09188419541766,1.9146503426424557,38.53329052697382,0.08344149005010935,0.007272906814510545,-1.472461659369586
0.8999853638612879,0.0,0.0,0.0,0.0,0.0,0.0,0.0,0.0,0.0,0.0,0.0,0.0,0.0,0.0,0.0,0.0,0.0,0.0,0.0,0.0,0.050007318069356,0.0,0.0,0.0,0.0,0.0,0.0,0.0,0.0,0.050007318069356,0.0,0.0,0.0,MAc,TRX,None,5.0,0.0,0.21,1.0,623,1,0.07082,0.3541,10.1021/acs.iecr.6b03079,,2016,210.3,0.2092174864874706,0.0418434972974941,0.0,0.0,0.8890069435825604,1,P-V-Ti,121.9001317252484,3.200029272277424,1.6400043908416135,60.19869092181565,0.3600468347870122,0.015942201255982787,-0.8239326773743154
0.0,0.0,0.0,0.0,0.0,0.0,0.0,0.0,0.0,0.0,0.0,0.0,0.0,0.0,0.0,0.0,0.0,0.0,0.7753672659783722,0.0,0.0,0.1123163670108139,0.0,0.0,0.0,0.0,0.0,0.0,0.0,0.0,0.1123163670108139,0.0,0.0,0.0,MAc,TRX,None,5.0,0.0,0.21,1.0,623,1,0.06556,0.3278,10.1021/acs.iecr.6b03079,,2016,14.1,0.2092174864874706,0.0418434972974941,0.0,0.0,0.8229779048471144,1,P-V-Ti,156.36248704326468,5.000000000000001,1.6696361475467048,320.17455266214256,7.888609052210118e-31,0.034349219041627625,-0.4392703253943639
0.0,0.0,0.0,0.0,0.0,0.0,0.0,0.0,0.0,0.0,0.0,0.0,0.0,0.0,0.0,0.0,0.0,0.0,0.0,0.0,0.0,0.0579025361340279,0.0,0.0,0.0,0.884194927731944,0.0,0.0,0.0,0.0,0.0579025361340279,0.0,0.0,0.0,MAc,TRX,None,5.0,0.0,0.21,1.0,623,1,0.052,0.26,10.1021/acs.iecr.6b03079,,2016,391.61,0.2092174864874706,0.0418434972974941,0.0,0.0,0.6527585578409084,1,P-V-Ti,113.20029637309304,4.115805072268055,1.90115805072268,98.22521018912313,0.10239425750504616,0.00908935709156608,-1.2664662822179351
0.0,0.0,0.0,0.0,0.0,0.0,0.0,0.0,0.0,0.0,0.0,0.0,0.0,0.0,0.0,0.0,0.0,0.0,0.0,0.0,0.0,0.0741398135273486,0.0,0.0,0.0,0.0,0.0,0.0,0.0,0.8517203729453029,0.0741398135273485,0.0,0.0,0.0,MAc,TRX,None,5.0,0.0,0.21,1.0,623,1,0.039,0.195,10.1021/acs.iecr.6b03079,,2016,9.26,0.2092174864874706,0.0418434972974941,0.0,0.0,0.4895689183806813,1,P-V-Ti,155.5516111883591,4.148279627054697,1.5948634620102378,192.1034240416302,0.12629277925521704,0.028914604241127472,-0.643960098651184
0.0,0.0,0.0,0.0,0.0,0.0,0.0,0.0,0.0,0.0,0.0,0.0,0.0,0.0,0.0,0.0,0.0,0.0,0.0,0.0,0.0,0.1058666924623307,0.0,0.0,0.0,0.0,0.0,0.0,0.0,0.0,0.1058666924623307,0.0,0.0,0.7882666150753386,MAc,TRX,None,5.0,0.0,0.21,1.0,623,1,0.03956,0.1978,10.1021/acs.iecr.6b03079,,2016,6.75,0.2092174864874706,0.0418434972974941,0.0,0.0,0.4965986259266603,1,P-V-Ti,165.47199767839024,4.211733384924662,1.4528053632563036,449.98423685698424,0.16690235863300656,0.07274585082223683,0.8334130435757493
0.0,0.0,0.0,0.0,0.0,0.0,0.0,0.0,0.0,0.0,0.0,0.0,0.0,0.0,0.0,0.0,0.0,0.0,0.0,0.0,0.0,0.1303437991663074,0.0,0.0,0.7393124016673851,0.0,0.0,0.0,0.0,0.0,0.1303437991663074,0.0,0.0,0.0,MAc,TRX,None,5.0,0.0,0.21,1.0,623,1,0.0036,0.018,10.1021/acs.iecr.6b03079,,2016,3.4,0.2092174864874706,0.0418434972974941,0.0,0.0,0.0451909770812936,1,P-V-Ti,136.65381161500648,5.0,2.013503736233434,153.51483504501644,0.0,0.024215407367677484,-1.0222250415108731
1.0,0.0,0.0,0.0,0.0,0.0,0.0,0.0,0.0,0.0,0.0,0.0,0.0,0.0,0.0,0.0,0.0,0.0,0.0,0.0,0.0,0.0,0.0,0.0,0.0,0.0,0.0,0.0,0.0,0.0,0.0,0.0,0.0,0.0,MAc,TRX,None,5.0,0.0,0.21,1.0,623,1,0.04734,0.2367,10.1021/acs.iecr.6b03079,,2016,362.0,0.2092174864874706,0.0418434972974941,0.0,0.0,0.5942613486190116,0,Al-Si-Cs,121.0,3.0,1.61,0.0,0.0,0.0,-1.8292371528252536
0.0,0.0,0.0,0.0,0.0,0.0,0.0,0.0,0.0,0.0,0.0,0.0,0.0,0.0,0.0,0.0,0.0,0.0,1.0,0.0,0.0,0.0,0.0,0.0,0.0,0.0,0.0,0.0,0.0,0.0,0.0,0.0,0.0,0.0,MAc,TRX,None,5.0,0.0,0.21,1.0,623,1,0.04026,0.2013,10.1021/acs.iecr.6b03079,,2016,16.3,0.2092174864874706,0.0418434972974941,0.0,0.0,0.5053857603591342,2,Si-Cs-P,164.0,5.0,1.6,0.0,0.0,0.0,-1.8292371528252536
0.0,0.0,0.0,0.0,0.0,0.0,0.0,0.0,0.0,0.0,0.0,0.0,0.0,0.0,0.0,0.0,0.0,0.0,0.0,0.0,0.0,0.0,0.0,0.0,0.0,1.0,0.0,0.0,0.0,0.0,0.0,0.0,0.0,0.0,MAc,TRX,None,5.0,0.0,0.21,1.0,623,1,0.02656,0.1328,10.1021/acs.iecr.6b03079,,2016,463.4,0.2092174864874706,0.0418434972974941,0.0,0.0,0.3334089864664332,2,Si-Cs-P,111.00000000000001,4.0,1.9,0.0,0.0,0.0,-1.8292371528252536
0.0,0.0,0.0,0.0,0.0,0.0,0.0,0.0,0.0,0.0,0.0,0.0,0.0,0.0,0.0,0.0,0.0,0.0,0.0,0.0,0.0,0.0,0.0,0.0,0.0,0.0,0.0,0.0,0.0,1.0,0.0,0.0,0.0,0.0,MAc,TRX,None,5.0,0.0,0.21,1.0,623,1,0.01608,0.0804,10.1021/acs.iecr.6b03079,,2016,9.4,0.2092174864874706,0.0418434972974941,0.0,0.0,0.2018530309631117,2,Si-Cs-P,160.0,4.0,1.54,0.0,0.0,0.0,-1.8292371528252536
0.0,0.0,0.0,0.0,0.0,0.0,0.0,0.0,0.0,0.0,0.0,0.0,0.0,0.0,0.0,0.0,0.0,0.0,0.0,0.0,0.0,0.0,0.0,0.0,0.0,0.0,0.0,0.0,0.0,0.0,0.0,0.0,0.0,1.0,MAc,TRX,None,5.0,0.0,0.21,1.0,623,1,0.01996,0.0998,10.1021/acs.iecr.6b03079,,2016,7.4,0.2092174864874706,0.0418434972974941,0.0,0.0,0.2505588618173948,2,Si-Cs-P,175.0,4.0,1.33,0.0,0.0,0.0,-1.8292371528252536
0.0,0.0,0.0,0.0,0.0,0.0,0.0,0.0,0.0,0.0,0.0,0.0,0.0,0.0,0.0,0.0,0.0,0.0,0.0,0.0,0.0,0.0,0.0,0.0,1.0,0.0,0.0,0.0,0.0,0.0,0.0,0.0,0.0,0.0,MAc,TRX,None,5.0,0.0,0.21,1.0,623,1,0.00442,0.0221,10.1021/acs.iecr.6b03079,,2016,4.4,0.2092174864874706,0.0418434972974941,0.0,0.0,0.0554844774164772,2,Si-Cs-P,139.0,5.0,2.05,0.0,0.0,0.0,-1.8292371528252536
0.8999853638612879,0.0,0.0,0.0,0.0,0.0,0.0,0.0,0.0,0.0,0.0,0.0,0.0,0.0,0.0,0.0,0.0,0.0,0.0,0.0,0.0,0.050007318069356,0.0,0.0,0.0,0.0,0.0,0.0,0.0,0.0,0.050007318069356,0.0,0.0,0.0,MAc,TRX,None,5.0,0.0,0.21,1.0,623,1,0.07728,0.3864,10.1021/acs.iecr.6b03079,1,2016,210.3,0.2092174864874706,0.0418434972974941,0.0,0.0,0.970099641345104,1,P-V-Ti,121.9001317252484,3.200029272277424,1.6400043908416135,60.19869092181565,0.3600468347870122,0.015942201255982787,-0.8239326773743154
0.0,0.0,0.0,0.0,0.0,0.0,0.0,0.0,0.0,0.0,0.0,0.0,0.0,0.0,0.0,0.0,0.0,0.0,0.0,0.0,0.0,0.5454545454545454,0.0,0.0,0.0,0.0,0.0,0.0,0.0,0.0,0.4545454545454545,0.0,0.0,0.0,MAc,TRX,None,5.0,0.0,0.21,2.0,643,1,0.14934,0.7467,10.1021/acs.iecr.7b01212,1,2017,33.6,0.4184349729749413,0.0836869945949882,0.0,0.0,3.749344731844664,1,P-V-Ti,127.90909090909089,5.0,1.935454545454545,524.6280991735537,0.0,0.07775206611570248,0.8378986086741462
0.0,0.0,0.0,0.0,0.0,0.0,0.0,0.0,0.0,0.0,0.0,0.0,0.0,0.0,0.0,0.0,0.0,0.0,0.0,0.0,0.0,0.5454545454545454,0.0,0.0,0.0,0.0,0.0,0.0,0.0,0.0,0.4545454545454545,0.0,0.0,0.0,MAc,TRX,None,5.0,0.0,0.0,2.0,643,1,0.08254,0.4127,10.1021/acs.iecr.7b01212,,2017,33.6,0.4184349729749413,0.0836869945949882,0.0,0.0,2.072257360161099,1,P-V-Ti,127.90909090909089,5.0,1.935454545454545,524.6280991735537,0.0,0.07775206611570248,0.8378986086741462
0.0,0.0,0.0,0.0,0.0,0.0,0.0,0.0,0.0,0.0,0.0,0.0,0.0,0.0,0.0,0.0,0.0,0.0,0.0,0.0,0.0,0.5121951219512195,0.0,0.0,0.0,0.0,0.0,0.0,0.0,0.0,0.4878048780487804,0.0,0.0,0.0,MAc,TRX,None,2.5,0.0,0.21,2.0,643,1,0.22,0.55,10.1002/ceat.201700500,,2018,30.0,0.4184034280286304,0.1673613712114521,0.0,0.0,5.522925249977923,1,P-V-Ti,129.4390243902439,5.0,1.9168292682926826,528.6853063652587,0.0,0.07835336109458657,0.8585248816661106
0.0,0.0,0.0,0.0,0.0,0.0,0.0,0.0,0.0,0.0,0.0,0.0,0.0,0.0,0.0,0.0,0.0,0.0,0.0,0.0,0.0,0.5121951219512195,0.0,0.0,0.0,0.0,0.0,0.0,0.0,0.0,0.4878048780487804,0.0,0.0,0.0,MAc,TRX,None,5.0,0.0,0.0,1.6666666666666667,643,1,0.061,0.305,10.1016/j.cattod.2018.06.019,VPO,2018,48.2,0.3486958108124511,0.0697391621624902,0.0,0.0,1.2762266675735712,1,P-V-Ti,129.4390243902439,5.0,1.9168292682926826,528.6853063652587,0.0,0.07835336109458657,0.8585248816661106
0.0,0.0,0.0,0.0,0.0,0.0,0.0,0.0,0.0,0.0,0.0,0.0,0.0,0.0,0.0,0.0,0.0,0.0,0.0,0.0,0.0,0.5072463768115942,0.0,0.0,0.0,0.0,0.0,0.0,0.0,0.0,0.4830917874396134,0.0,0.0,0.0096618357487922,MAc,TRX,None,5.0,0.0,0.0,1.6666666666666667,643,1,0.0802,0.401,10.1016/j.cattod.2018.06.019,VPO-Zr,2018,8.4,0.3486958108124511,0.0697391621624902,0.0,0.0,1.677924241629515,1,P-V-Ti,129.87922705314008,4.990338164251207,1.9111594202898547,543.4395201754998,0.009568484678755563,0.08089140936777986,0.9551078496727866
0.0,0.0,0.0,0.0,0.0,0.0,0.0,0.0,0.0,0.0,0.0,0.0,0.0,0.0,0.0,0.0,0.0,0.0,0.0,0.0,0.0,0.5121951219512195,0.0,0.0,0.0,0.0,0.0,0.0,0.0,0.0,0.4878048780487804,0.0,0.0,0.0,MAc,TRX,None,5.0,0.0,0.0,2.0,653,1,0.0307606866952789,0.1538034334763948,10.1021/acs.iecr.7b03521,,2018,48.2,0.4184349729749413,0.0836869945949882,0.0,0.0,0.7722808263617814,1,P-V-Ti,129.4390243902439,5.0,1.9168292682926826,528.6853063652587,0.0,0.07835336109458657,0.8585248816661106
0.0,0.0,0.0,0.0,0.0,0.0,0.0,0.0,0.0,0.0,0.0096618357487922,0.0,0.0,0.0,0.0,0.0,0.0,0.0,0.0,0.0,0.0,0.5072463768115942,0.0,0.0,0.0,0.0,0.0,0.0,0.0,0.0,0.4830917874396134,0.0,0.0,0.0,MAc,TRX,None,5.0,0.0,0.0,2.0,653,1,0.0312375965665235,0.1561879828326179,10.1021/acs.iecr.7b03521,,2018,11.2,0.4184349729749413,0.0836869945949882,0.0,0.0,0.7842541725069252,1,P-V-Ti,129.56038647342993,5.028985507246375,1.915990338164251,525.0869331839715,0.08611636210880005,0.07766846367476489,0.9742593765985039
0.0,0.0,0.0,0.0,0.0,0.0,0.0,0.0,0.0,0.0096618357487922,0.0,0.0,0.0,0.0,0.0,0.0,0.0,0.0,0.0,0.0,0.0,0.5072463768115942,0.0,0.0,0.0,0.0,0.0,0.0,0.0,0.0,0.4830917874396135,0.0,0.0,0.0,MAc,TRX,None,5.0,0.0,0.0,2.0,653,1,0.0314760515021459,0.1573802575107296,10.1021/acs.iecr.7b03521,,2018,8.4242435301468,0.4184349729749413,0.0836869945949882,0.0,0.0,0.7902408455794973,1,P-V-Ti,129.463768115942,5.057971014492753,1.9166666666666665,523.6399915984036,0.3444654484352002,0.07759903381642515,1.3798724160761746
0.0,0.0,0.0,0.0,0.0,0.0,0.0096618357487922,0.0,0.0,0.0,0.0,0.0,0.0,0.0,0.0,0.0,0.0,0.0,0.0,0.0,0.0,0.5072463768115942,0.0,0.0,0.0,0.0,0.0,0.0,0.0,0.0,0.4830917874396135,0.0,0.0,0.0,MAc,TRX,None,5.0,0.0,0.0,2.0,653,1,0.0336221459227467,0.1681107296137338,10.1021/acs.iecr.7b03521,,2018,8.424243530411987,0.4184349729749413,0.0836869945949882,0.0,0.0,0.8441209032326448,1,P-V-Ti,129.52173913043475,5.038647342995169,1.9164734299516908,524.2785129174542,0.153095754860089,0.07760930243412917,1.0776338927785902
0.0,0.0,0.0,0.0096618357487922,0.0,0.0,0.0,0.0,0.0,0.0,0.0,0.0,0.0,0.0,0.0,0.0,0.0,0.0,0.0,0.0,0.0,0.5072463768115942,0.0,0.0,0.0,0.0,0.0,0.0,0.0,0.0,0.4830917874396135,0.0,0.0,0.0,MAc,TRX,None,5.0,0.0,0.0,2.0,653,1,0.0360066952789699,0.1800334763948497,10.1021/acs.iecr.7b03521,,2018,8.4242435301468,0.4184349729749413,0.0836869945949882,0.0,0.0,0.9039876339583642,1,P-V-Ti,129.6183574879227,5.0,1.9166666666666665,526.8736726644729,0.0,0.07759903381642515,0.8404985496109862
0.0,0.0,0.0,0.0,0.0,0.0,0.0,0.0,0.0,0.0,0.0,0.0096618357487922,0.0,0.0,0.0,0.0,0.0,0.0,0.0,0.0,0.0,0.5072463768115942,0.0,0.0,0.0,0.0,0.0,0.0,0.0,0.0,0.4830917874396134,0.0,0.0,0.0,MAc,TRX,None,5.0,0.0,0.0,2.0,653,1,0.0364836051502145,0.1824180257510729,10.1021/acs.iecr.7b03521,,2018,5.0,0.4184349729749413,0.0836869945949882,0.0,0.0,0.915960980103508,1,P-V-Ti,130.14975845410623,4.961352657004831,1.9062318840579708,575.3543839996261,0.153095754860089,0.08910754043268214,1.4085866631360648
0.0,0.0,0.0,0.0,0.0,0.0,0.0,0.0,0.0,0.0,0.0,0.0,0.0,0.0,0.0,0.0,0.0,0.0,0.0,0.0,0.0096618357487922,0.5072463768115942,0.0,0.0,0.0,0.0,0.0,0.0,0.0,0.0,0.4830917874396134,0.0,0.0,0.0,MAc,TRX,None,5.0,0.0,0.0,2.0,653,1,0.0374374248927038,0.1871871244635192,10.1021/acs.iecr.7b03521,,2018,8.424243530411987,0.4184349729749413,0.0836869945949882,0.0,0.0,0.9399076723937958,1,P-V-Ti,129.38647342995165,5.04830917874396,1.9167632850241543,523.8603001236901,0.23921211696888905,0.07759677005297674,1.2131842783985816
0.0,0.0,0.0,0.0,0.0,0.0096618357487922,0.0,0.0,0.0,0.0,0.0,0.0,0.0,0.0,0.0,0.0,0.0,0.0,0.0,0.0,0.0,0.5072463768115941,0.0,0.0,0.0,0.0,0.0,0.0,0.0,0.0,0.4830917874396135,0.0,0.0,0.0,MAc,TRX,None,5.0,0.0,0.0,2.0,653,1,0.0402988841201716,0.2014944206008583,10.1021/acs.iecr.7b03521,,2018,8.4242435301468,0.4184349729749413,0.0836869945949882,0.0,0.0,1.0117477492646592,1,P-V-Ti,130.15942028985503,4.990338164251208,1.9091304347826084,576.7716866204574,0.009568484678755563,0.0836717076244486,1.0853734032872553
0.0,0.0,0.0096618357487922,0.0,0.0,0.0,0.0,0.0,0.0,0.0,0.0,0.0,0.0,0.0,0.0,0.0,0.0,0.0,0.0,0.0,0.0,0.5072463768115942,0.0,0.0,0.0,0.0,0.0,0.0,0.0,0.0,0.4830917874396135,0.0,0.0,0.0,MAc,TRX,None,5.0,0.0,0.0,2.0,653,1,0.0414911587982832,0.2074557939914162,10.1021/acs.iecr.7b03521,,2018,8.424266936301496,0.4184349729749413,0.0836869945949882,0.0,0.0,1.0416811146275191,1,P-V-Ti,130.26570048309176,4.971014492753623,1.9069082125603865,593.6250554271975,0.08611636210880007,0.08768512684076635,1.3201394408258524
0.0,0.0,0.0,0.0,0.0,0.0,0.0,0.0,0.0,0.0,0.0,0.0,0.0,0.0,0.0,0.0,0.0,0.0,0.0,0.0,0.0,0.5072463768115942,0.0,0.0,0.0,0.0,0.0,0.0,0.0,0.0,0.4830917874396134,0.0,0.0,0.0096618357487922,MAc,TRX,None,5.0,0.0,0.0,2.0,653,1,0.044352618025751,0.2217630901287553,10.1021/acs.iecr.7b03521,1,2018,8.4,0.4184349729749413,0.0836869945949882,0.0,0.0,1.1135211914983825,1,P-V-Ti,129.87922705314008,4.990338164251207,1.9111594202898547,543.4395201754998,0.009568484678755563,0.08089140936777986,0.9551078496727866
0.0,0.1455794859253526,0.0,0.0,0.0,0.0,0.0,0.0,0.0,0.0,0.0,0.0,0.0,0.0,0.0,0.0,0.0,0.0,0.0,0.0,0.0,0.0485264953084508,0.0,0.0,0.0,0.7913360701736613,0.0,0.0,0.0,0.0,0.0,0.0145579485925352,0.0,0.0,HAc,FORM,"MeOH 
+ H$_2$O",1.0,0.0,0.0,,653,1,0.5061599999999999,0.5061599999999999,10.15587/1729-4061.2013.19130,,2013,,,,,,,2,Si-Cs-P,107.61770327700097,3.932062906568168,1.9315422219504927,133.32916233129143,0.2477223269399788,0.00652184235770487,-0.9981770420638203
0.0,0.1585719332054649,0.0,0.0,0.0,0.0,0.0,0.0,0.0,0.0,0.0,0.0,0.0,0.0,0.0,0.0,0.0,0.0,0.0,0.0,0.0,0.0528573110684883,0.0,0.0,0.0,0.7727135624055003,0.0,0.0,0.0,0.0,0.0095143159923278,0.0063428773282185,0.0,0.0,HAc,FORM,"MeOH 
+ H$_2$O",1.0,0.0,0.0,,593,1,0.572507,0.572507,10.15587/1729-4061.2015.37405,,2015,,,,,,,1,P-V-Ti,107.23021657459539,3.9164854485117875,1.933691250075054,135.51446655058717,0.2393403892688778,0.007365518149036561,-0.9909476899131953
0.0,0.0,0.0,0.0,0.0,0.0,0.0,0.0,0.0,0.0,0.0,0.0,0.0,0.0,0.0,0.0,0.0,0.0,0.0,0.0,0.0,0.6666666666666666,0.0,0.0,0.0,0.0,0.0,0.0,0.0,0.3333333333333333,0.0,0.0,0.0,0.0,HAc,FORM,"MeOH 
+ H$_2$O",1.0,0.0,0.0,,623,1,0.1374831,0.1374831,10.1109/NAP.2017.8190167,,2017,86.0,,,,,,1,P-V-Ti,124.66666666666666,4.666666666666666,1.9733333333333332,624.2222222222222,0.2222222222222222,0.09388888888888886,1.7221580446518407
0.0,0.0,0.0,0.0,0.0,0.0,0.0,0.0,0.0,0.0,0.0,0.0,0.0,0.0,0.0,0.0,0.0,0.0,0.0,0.0,0.0,0.6666666666666666,0.0,0.0,0.0,0.0,0.0,0.0,0.0,0.3333333333333333,0.0,0.0,0.0,0.0,HAc,FORM,"MeOH 
+ H$_2$O",1.0,0.0,0.0,,623,1,0.6080000000000001,0.6080000000000001,10.1109/NAP.2017.8190167,,2017,107.0,,,,,,1,P-V-Ti,124.66666666666666,4.666666666666666,1.9733333333333332,624.2222222222222,0.2222222222222222,0.09388888888888886,1.7221580446518407
0.0,0.0,0.0,0.0,0.0,0.0,0.0,0.0,0.0,0.0,0.0,0.0,0.0,0.0,0.0,0.0,0.0,0.0,0.0,0.0,0.0,0.6666666666666666,0.0,0.0,0.0,0.0,0.0,0.0,0.0,0.1999999999999999,0.1333333333333333,0.0,0.0,0.0,HAc,FORM,"MeOH 
+ H$_2$O",1.0,0.0,0.0,,623,1,0.31,0.31,10.1109/NAP.2017.8190167,,2017,70.0,,,,,,1,P-V-Ti,123.7333333333333,4.799999999999999,1.9853333333333332,563.9288888888888,0.15999999999999995,0.08442488888888885,1.30722079822471
0.0,0.0,0.0,0.0,0.0,0.0,0.0,0.0,0.0,0.0,0.0,0.0,0.0,0.0,0.0,0.0,0.0,0.0,0.0,0.0,0.0,0.6666666666666666,0.0,0.0,0.0,0.0,0.0,0.0,0.0,0.1999999999999999,0.1333333333333333,0.0,0.0,0.0,HAc,FORM,"MeOH 
+ H$_2$O",1.0,0.0,0.0,,623,1,0.0198,0.0198,10.1109/NAP.2017.8190167,,2017,26.0,,,,,,1,P-V-Ti,123.7333333333333,4.799999999999999,1.9853333333333332,563.9288888888888,0.15999999999999995,0.08442488888888885,1.30722079822471
0.0,0.0,0.0,0.0,0.0,0.0,0.0,0.0,0.0,0.0,0.0,0.0,0.0,0.0,0.0,0.0,0.0,0.0,0.0,0.0,0.0,0.6666666666666666,0.0,0.0,0.0,0.0,0.0,0.0,0.0,0.1999999999999999,0.1333333333333333,0.0,0.0,0.0,HAc,FORM,"MeOH 
+ H$_2$O",1.0,0.0,0.0,,623,1,0.28956,0.28956,10.1109/NAP.2017.8190167,,2017,95.0,,,,,,1,P-V-Ti,123.7333333333333,4.799999999999999,1.9853333333333332,563.9288888888888,0.15999999999999995,0.08442488888888885,1.30722079822471
0.0,0.0,0.0,0.0,0.0,0.0,0.0,0.0,0.0,0.0,0.0049751243781094,0.0,0.0,0.0,0.0,0.0,0.0,0.0,0.0,0.0,0.0,0.7462686567164178,0.0,0.0,0.0,0.0,0.0,0.0,0.0,0.2487562189054726,0.0,0.0,0.0,0.0,HAc,FORM,"MeOH 
+ H$_2$O",1.0,0.0,0.0,,623,1,0.0104,0.0104,10.1007/s11144-018-1443-8,,2018,109.0,,,,,,1,P-V-Ti,120.35820895522386,4.766169154228854,2.026517412935323,526.4089997772331,0.23885547387440847,0.07901772233360556,1.2445059744204836
0.0,0.0,0.0,0.0,0.0,0.0,0.0,0.0,0.0,0.0,0.0049751243781094,0.0,0.0,0.0,0.0,0.0,0.0,0.0,0.0,0.0,0.0,0.7462686567164178,0.0,0.0,0.0,0.0,0.0,0.0,0.0,0.2487562189054726,0.0,0.0,0.0,0.0,HAc,FORM,"MeOH 
+ H$_2$O",1.0,0.0,0.0,,653,1,0.357,0.357,10.1007/s11144-018-1443-8,,2018,22.0,,,,,,1,P-V-Ti,120.35820895522386,4.766169154228854,2.026517412935323,526.4089997772331,0.23885547387440847,0.07901772233360556,1.2445059744204836
0.0,0.0,0.0,0.0,0.0,0.0,0.0,0.0,0.0,0.0,0.0049751243781094,0.0,0.0,0.0,0.0,0.0,0.0,0.0,0.0,0.0,0.0,0.7462686567164178,0.0,0.0,0.0,0.0,0.0,0.0,0.0,0.2487562189054726,0.0,0.0,0.0,0.0,HAc,FORM,"MeOH 
+ H$_2$O",1.0,0.0,0.0,,653,1,0.448,0.448,10.1007/s11144-018-1443-8,,2018,47.0,,,,,,1,P-V-Ti,120.35820895522386,4.766169154228854,2.026517412935323,526.4089997772331,0.23885547387440847,0.07901772233360556,1.2445059744204836
0.0,0.0,0.0,0.0,0.0,0.0,0.0,0.0,0.0,0.0,0.0049751243781094,0.0,0.0,0.0,0.0,0.0,0.0,0.0,0.0,0.0,0.0,0.7462686567164178,0.0,0.0,0.0,0.0,0.0,0.0,0.0,0.2487562189054726,0.0,0.0,0.0,0.0,HAc,FORM,"MeOH 
+ H$_2$O",1.0,0.0,0.0,,623,1,0.6080000000000001,0.6080000000000001,10.1007/s11144-018-1443-8,,2018,107.0,,,,,,1,P-V-Ti,120.35820895522386,4.766169154228854,2.026517412935323,526.4089997772331,0.23885547387440847,0.07901772233360556,1.2445059744204836
0.0,0.1585719332054649,0.0,0.0,0.0,0.0,0.0,0.0,0.0,0.0,0.0,0.0,0.0,0.0,0.0,0.0,0.0,0.0,0.0,0.0,0.0,0.0528573110684883,0.0,0.0,0.0,0.7727135624055003,0.0,0.0,0.0,0.0,0.0095143159923278,0.0063428773282185,0.0,0.0,HAc,FORM,"MeOH 
+ H$_2$O",1.0,0.0,0.0,,653,1,0.56997,0.56997,10.1016/j.apcata.2020.117472,,2020,238.0,,,,,,1,P-V-Ti,107.23021657459539,3.9164854485117875,1.933691250075054,135.51446655058717,0.2393403892688778,0.007365518149036561,-0.9909476899131953
0.0,0.1585719332054649,0.0,0.0,0.0,0.0,0.0,0.0,0.0,0.0,0.0,0.0,0.0,0.0,0.0,0.0,0.0,0.0,0.0,0.0,0.0,0.0528573110684883,0.0,0.0,0.0,0.7727135624055003,0.0,0.0,0.0,0.0,0.0095143159923278,0.0063428773282185,0.0,0.0,HAc,FORM,"MeOH 
+ H$_2$O",1.0,0.0,0.0,,653,1,0.676035,0.676035,10.1016/j.apcata.2020.117472,,2020,193.0,,,,,,1,P-V-Ti,107.23021657459539,3.9164854485117875,1.933691250075054,135.51446655058717,0.2393403892688778,0.007365518149036561,-0.9909476899131953
0.0,0.0,0.0,0.0,0.0,0.0,0.0,0.0,0.0,0.0,0.0,0.0,0.0,0.0,0.0,0.0,0.0,0.0,0.0,0.0,0.0,0.6666666666666666,0.0,0.0,0.0,0.0,0.0,0.0,0.0,0.0,0.3333333333333333,0.0,0.0,0.0,HAc,FORM,"MeOH 
+ H$_2$O",1.0,0.0,0.0,,683,1,0.034128,0.034128,10.1007/s11237-020-09658-y,,2020,7.0,,,,,,1,P-V-Ti,122.33333333333333,5.0,2.003333333333333,470.2222222222222,0.0,0.06968888888888888,0.5613067519260602
0.0,0.1585719332054649,0.0,0.0,0.0,0.0,0.0,0.0,0.0,0.0,0.0,0.0,0.0,0.0,0.0,0.0,0.0,0.0,0.0,0.0,0.0,0.0528573110684883,0.0,0.0,0.0,0.7727135624055003,0.0,0.0,0.0,0.0,0.0095143159923278,0.0063428773282185,0.0,0.0,HAc,FORM,"MeOH 
+ H$_2$O",1.0,0.0,0.0,,648,1,0.572,0.572,10.1007/s11237-020-09658-y,,2020,1.715486316457089,,,,,,1,P-V-Ti,107.23021657459539,3.9164854485117875,1.933691250075054,135.51446655058717,0.2393403892688778,0.007365518149036561,-0.9909476899131953
0.0,0.1585719332054649,0.0,0.0,0.0,0.0,0.0,0.0,0.0,0.0,0.0,0.0,0.0,0.0,0.0,0.0,0.0,0.0,0.0,0.0,0.0,0.0528573110684883,0.0,0.0,0.0,0.7727135624055003,0.0,0.0,0.0,0.0,0.0095143159923278,0.0063428773282185,0.0,0.0,HAc,FORM,"MeOH 
+ H$_2$O",1.0,0.0,0.0,,648,1,0.676,0.676,10.1007/s11237-020-09658-y,,2020,111.36558913640118,,,,,,1,P-V-Ti,107.23021657459539,3.9164854485117875,1.933691250075054,135.51446655058717,0.2393403892688778,0.007365518149036561,-0.9909476899131953
0.0,0.2103208541168874,0.0,0.0,0.0,0.0,0.0,0.0,0.0,0.0,0.0,0.0,0.0,0.0,0.0,0.0,0.0,0.0,0.0,0.0,0.0,0.0701069513722958,0.0,0.0,0.0,0.0,0.0817183989576662,0.0,0.0,0.6168217101414617,0.0126192512470132,0.0084128341646754,0.0,0.0,HAc,FORM,"MeOH 
+ H$_2$O",1.0,0.0,0.0,,648,1,0.059,0.059,10.1007/s11237-020-09658-y,,2020,9.076365496466137,,,,,,1,P-V-Ti,138.51235119587415,3.889231016831771,1.7275334590912346,986.7144372425623,0.31442862576277486,0.06176431227114171,2.153635127978844
0.8002711882858964,0.1393456825912351,0.0,0.0,0.0,0.0,0.0,0.0,0.0,0.0,0.0,0.0,0.0,0.0,0.0,0.0,0.0,0.0,0.0,0.0,0.0,0.046448560863745,0.0,0.0,0.0,0.0,0.0,0.0,0.0,0.0,0.0083607409554741,0.0055738273036494,0.0,0.0,HAc,FORM,"MeOH 
+ H$_2$O",1.0,0.0,0.0,,648,1,0.437,0.437,10.1007/s11237-020-09658-y,,2020,18.71725648799032,,,,,,1,P-V-Ti,115.69000052205668,3.126340085549386,1.6975276680916411,189.6030653767765,0.2534398357930947,0.03377771220166443,-0.35974996340609655
0.0,0.1961057322957172,0.0,0.0,0.0,0.0,0.0,0.0,0.0,0.0,0.0,0.0,0.0,0.0,0.0,0.0,0.0,0.0,0.0,0.0,0.0,0.0653685774319057,0.0,0.0,0.0,0.0,0.0,0.0,0.0,0.7189151170428053,0.011766343937743,0.0078442292918286,0.0,0.0,HAc,FORM,"MeOH 
+ H$_2$O",1.0,0.0,0.0,,648,1,0.58696,0.58696,10.1007/s11237-020-09658-y,,2020,20.9399538203283,,,,,,1,P-V-Ti,141.56475379265393,3.896717647657588,1.6828564891196867,977.0766687909353,0.29395032652729836,0.0565328002110728,2.003098108475312
0.0,0.0,0.0,0.0,0.0,0.0,0.0,0.0,0.0,0.0,0.0,0.0,0.0,0.0,0.0,0.0,0.0,0.0,0.0,0.0,0.0,0.0527927741289028,0.0,0.0,0.0,0.9208108388066458,0.0,0.0,0.0,0.0,0.0263963870644514,0.0,0.0,0.0,HAc,FORM,"MeOH 
+ H$_2$O",3.0,2.581311926474605,0.0,2.6666666666666665,623,1,0.0616666666666666,0.185,10.1016/j.jiec.2016.06.018,,2016,90.0,0.5419346429431326,0.1806448809810442,0.0594881019386154,0.4068126837943395,2.005158178889591,1,P-V-Ti,111.89747716019137,4.079189161193354,1.9081828799899798,46.60244591468957,0.07291823794284717,0.00629720939630882,-1.487560035965253
0.0,0.0,0.0,0.0,0.0,0.0,0.0,0.0,0.0,0.0,0.0,0.0,0.0,0.0,0.0,0.0,0.0,0.0,0.0,0.0,0.0,0.0527927741289028,0.0,0.0,0.0,0.9208108388066458,0.0,0.0,0.0,0.0,0.0263963870644514,0.0,0.0,0.0,HAc,FORM,"MeOH 
+ H$_2$O",3.0,2.581311926474605,0.0,2.6666666666666665,623,1,0.1008,0.3024,10.1016/j.jiec.2016.06.018,,2016,226.0,0.5419346429431326,0.1806448809810442,0.0594881019386154,0.4068126837943395,3.277620720520066,1,P-V-Ti,111.89747716019137,4.079189161193354,1.9081828799899798,46.60244591468957,0.07291823794284717,0.00629720939630882,-1.487560035965253
0.0025508073200719,0.0,0.0,0.0,0.0,0.0,0.0,0.0,0.0,0.0,0.0,0.0,0.0,0.0,0.0,0.0,0.0,0.0,0.0,0.0,0.0,0.0527723716360223,0.0,0.0,0.0,0.9182906352258944,0.0,0.0,0.0,0.0,0.0263861858180111,0.0,0.0,0.0,HAc,FORM,"MeOH 
+ H$_2$O",3.0,2.581311926474605,0.0,2.6666666666666665,623,1,0.0765333333333333,0.2296,10.1016/j.jiec.2016.06.018,,2016,172.0,0.5419346429431326,0.1806448809810442,0.0594881019386154,0.4068126837943395,2.488563880394865,1,P-V-Ti,111.92263839101308,4.07660775013396,1.9074399834807618,46.79340886058387,0.07584061739351783,0.006520878942146513,-1.478402316231981
0.0,0.0,0.0,0.0,0.0,0.0,0.0,0.0,0.0,0.0,0.0,0.0,0.0,0.0,0.0,0.0,0.0,0.0,0.0,0.0,0.0,0.0527927741289028,0.0,0.0,0.0,0.9208108388066458,0.0,0.0,0.0,0.0,0.0263963870644514,0.0,0.0,0.0,HAc,FORM,"MeOH 
+ H$_2$O",3.0,2.581311926474605,0.0,2.6666666666666665,643,1,0.0890413333333333,0.267124,10.1016/j.jiec.2016.06.018,,2016,90.0,0.5419346429431326,0.1806448809810442,0.0594881019386154,0.4068126837943395,2.895274991230827,1,P-V-Ti,111.89747716019137,4.079189161193354,1.9081828799899798,46.60244591468957,0.07291823794284717,0.00629720939630882,-1.487560035965253
0.0,0.0,0.0,0.0,0.0,0.0,0.0,0.0,0.0,0.0,0.0,0.0,0.0,0.0,0.0,0.0,0.0,0.0,0.0,0.0,0.0,0.0527927741289028,0.0,0.0,0.0,0.9208108388066458,0.0,0.0,0.0,0.0,0.0263963870644514,0.0,0.0,0.0,HAc,FORM,"MeOH 
+ H$_2$O",3.0,2.581311926474605,0.0,2.6666666666666665,643,1,0.166483,0.499449,10.1016/j.jiec.2016.06.018,,2016,226.0,0.5419346429431326,0.1806448809810442,0.0594881019386154,0.4068126837943395,5.413374309666094,1,P-V-Ti,111.89747716019137,4.079189161193354,1.9081828799899798,46.60244591468957,0.07291823794284717,0.00629720939630882,-1.487560035965253
0.0025508073200719,0.0,0.0,0.0,0.0,0.0,0.0,0.0,0.0,0.0,0.0,0.0,0.0,0.0,0.0,0.0,0.0,0.0,0.0,0.0,0.0,0.0527723716360223,0.0,0.0,0.0,0.9182906352258944,0.0,0.0,0.0,0.0,0.0263861858180111,0.0,0.0,0.0,HAc,FORM,"MeOH 
+ H$_2$O",3.0,2.581311926474605,0.0,2.6666666666666665,643,1,0.1298346666666666,0.389504,10.1016/j.jiec.2016.06.018,,2016,172.0,0.5419346429431326,0.1806448809810442,0.0594881019386154,0.4068126837943395,4.221714223298439,1,P-V-Ti,111.92263839101308,4.07660775013396,1.9074399834807618,46.79340886058387,0.07584061739351783,0.006520878942146513,-1.478402316231981
0.0,0.0,0.0,0.0,0.0,0.0,0.0,0.0,0.0,0.0,0.0,0.0,0.0,0.0,0.0,0.0,0.0,0.0,0.0,0.0,0.0,0.1119651904840146,0.0,0.0,0.0,0.8371415411141605,0.0,0.0,0.0,0.0,0.0508932684018248,0.0,0.0,0.0,HAc,TRX,None,3.0,0.0,0.0,2.3423111571442603,633,1,0.1878333333333333,0.5635,10.1039/C7RA09778F,,2017,115.2,0.6824857948888823,0.2274952649629607,0.0,0.0,7.691614908397702,1,P-V-Ti,112.6896565109406,4.1628584588858395,1.9187287227718712,88.71222938359924,0.13633558125516876,0.012775626729533038,-1.1684424825551374
0.0,0.0,0.0,0.0,0.0,0.0024664702096687,0.0,0.0,0.0,0.0,0.0,0.0,0.0,0.0,0.0,0.0,0.0,0.0,0.0,0.0,0.0,0.1085246892254268,0.0,0.0,0.0,0.8396794363715286,0.0,0.0,0.0,0.0,0.0493294041933758,0.0,0.0,0.0,HAc,TRX,None,3.0,0.0,0.0,2.3423111571442603,633,1,0.247,0.741,10.1039/C7RA09778F,,2017,108.6,0.6824857948888823,0.2274952649629607,0.0,0.0,10.114439480253235,1,P-V-Ti,112.86711794871928,4.157854093418802,1.9162293739796203,106.59983543371665,0.13293617860973056,0.013960247825347539,-1.1095137298213011
0.0,0.0,0.0,0.0,0.0,0.0,0.0,0.0,0.0092059409232826,0.0,0.0,0.0,0.0,0.0,0.0,0.0,0.0,0.0,0.0,0.0,0.0,0.1012653501561095,0.0,0.0,0.0,0.8434990043041944,0.0,0.0,0.0,0.0,0.0460297046164134,0.0,0.0,0.0,HAc,TRX,None,3.0,0.0,0.0,2.3423111571442603,633,1,0.2556966666666667,0.76709,10.1039/C7RA09778F,,2017,80.1,0.6824857948888823,0.2274952649629607,0.0,0.0,10.470560568026256,1,P-V-Ti,113.75257633606152,4.119677232002675,1.9067203368739962,238.08385705195107,0.2158258832222442,0.02316945829854184,-0.4959100587591246
0.0,0.0,0.0,0.0,0.0,0.0,0.0,0.0,0.0,0.0,0.0,0.0,0.0,0.0,0.0,0.0,0.0,0.0,0.0,0.002468039994072,0.0,0.1085937597391715,0.0,0.0,0.0,0.8395774003853146,0.0,0.0,0.0,0.0,0.0493607998814416,0.0,0.0,0.0,HAc,TRX,None,3.0,0.0,0.0,2.3423111571442603,633,1,0.2354833333333333,0.7064499999999999,10.1039/C7RA09778F,,2017,113.6,0.6824857948888823,0.2274952649629607,0.0,0.0,9.642841795985015,1,P-V-Ti,112.86090215553031,4.162890639608756,1.916289063960875,105.33811826621539,0.1412933591247511,0.013891343801275902,-1.1005114723375373
0.0,0.0,0.0,0.0,0.0,0.0,0.0,0.0,0.0,0.0,0.0,0.0,0.0,0.0,0.0,0.0,0.0,0.0,0.0,0.0,0.0,0.0,0.0,0.0,0.0,0.9027351495355318,0.0,0.0,0.0,0.0,0.0,0.0972648504644681,0.0,0.0,HAc,TRX,None,3.0,0.0,0.0,2.295081967213115,673,1,0.1194783333333333,0.358435,10.1002/jctb.6360,,2020,119.9,0.6687244928800516,0.2229081642933505,0.0,0.0,4.793885272109226,2,Si-Cs-P,115.96050737368788,4.1945297009289355,1.880547029907106,228.37924265366962,0.3512175973143711,0.003512175973143709,-0.6608156890427282
0.0,0.0,0.0,0.0,0.0,0.0,0.0,0.0,0.0,0.0,0.0,0.0,0.0,0.0,0.0,0.0,0.0,0.0,0.0,0.0,0.0,0.0080777190376295,0.0,0.0,0.0,0.8949896525108159,0.0,0.0,0.0,0.0,0.0,0.0969326284515544,0.0,0.0,HAc,TRX,None,3.0,0.0,0.0,2.295081967213115,673,1,0.1413253333333333,0.4239759999999999,10.1002/jctb.6360,1,2020,118.2,0.6687244928800516,0.2229081642933505,0.0,0.0,5.670462711866255,2,Si-Cs-P,115.91125317487875,4.201942975940737,1.882956012830601,228.1306023593383,0.3550272673120455,0.004266143810496201,-0.6416782106849935
0.0,0.0,0.0,0.0,0.0,0.0,0.0,0.0,0.0,0.0,0.0,0.0,0.0,0.0,0.0,0.0,0.1448599173435835,0.0,0.0,0.0,0.0,0.0120716597786319,0.0,0.0,0.0,0.8430684228777845,0.0,0.0,0.0,0.0,0.0,0.0,0.0,0.0,HAc,TRX,None,3.0,0.0,0.0,2.295081967213115,633,1,0.1019766799999999,0.3059300399999999,10.1002/jctb.6360,,2020,97.0,0.6687244928800516,0.2229081642933505,0.0,0.0,4.091658217115478,2,Si-Cs-P,117.18068980665956,4.301791494465799,1.9411643598451347,229.83820723859841,0.5004332230210656,0.009113252478349444,-0.31868184907113745
0.0,0.0,0.0,0.0,0.0,0.0,0.0,0.0,0.0,0.0,0.0,0.0,0.0,0.0,0.0,0.0,0.0,0.0,0.0,0.0,0.0,0.4854368932038835,0.0,0.2572815533980583,0.0,0.0,0.0,0.0,0.0,0.2572815533980582,0.0,0.0,0.0,0.0,HAc,FORM,"MeOH 
+ H$_2$O",0.2,2.5813119264746045,0.0,1.0,633,1,0.355,0.071,10.1016/j.cej.2022.137324,,2022,52.6,0.0388053563955353,0.1940267819776769,0.0638948910283305,0.4369487553461347,0.8265540912249036,1,P-V-Ti,120.12135922330097,5.0,2.123106796116505,551.5629418418323,0.5145631067961165,0.14335927985672542,2.9102217647282784
0.0,0.0,0.0,0.0,0.0,0.0,0.0,0.0,0.0,0.0,0.0,0.0,0.0,0.0,0.0,0.0,0.0,0.0,0.0,0.0,0.0,0.4854368932038835,0.0,0.2572815533980583,0.0,0.0,0.0,0.0,0.0,0.2572815533980582,0.0,0.0,0.0,0.0,HAc,FORM,"MeOH 
+ H$_2$O",2.5,2.5813119264746045,0.0,1.0,633,1,0.1785,0.44625,10.1016/j.cej.2022.137324,,2022,52.6,0.191626484000536,0.0766505936002144,0.025241779899777,0.1726173115318143,2.0523196436457405,1,P-V-Ti,120.12135922330097,5.0,2.123106796116505,551.5629418418323,0.5145631067961165,0.14335927985672542,2.9102217647282784
0.0,0.0,0.0,0.0,0.0,0.0,0.0,0.0,0.0,0.0,0.0,0.0,0.0,0.0,0.0,0.0,0.0,0.0,0.0,0.0,0.0,0.4854368932038835,0.0,0.2572815533980583,0.0,0.0,0.0,0.0,0.0,0.2572815533980582,0.0,0.0,0.0,0.0,HAc,FORM,"MeOH 
+ H$_2$O",0.4,2.581311926474605,0.0,1.66,633,1,0.3348,0.13392,10.1016/j.cej.2022.137324,,2022,52.6,0.1136944759578683,0.2842361898946707,0.0936017192807812,0.640100547630033,2.283894633041659,1,P-V-Ti,120.12135922330097,5.0,2.123106796116505,551.5629418418323,0.5145631067961165,0.14335927985672542,2.9102217647282784
0.0,0.0,0.0,0.0,0.0,0.0,0.0,0.0,0.0,0.0,0.0,0.0,0.0,0.0,0.0,0.0,0.0,0.0,0.0,0.0,0.0,0.4854368932038835,0.0,0.2572815533980583,0.0,0.0,0.0,0.0,0.0,0.2572815533980582,0.0,0.0,0.0,0.0,HAc,FORM,"MeOH 
+ H$_2$O",0.4,2.581311926474605,0.0,1.0,633,1,0.315071,0.1260284,10.1016/j.fuel.2023.128414,,2023,55.5,0.0684906481673905,0.1712266204184764,0.0563865778799887,0.3856027395361645,1.2947650205248746,1,P-V-Ti,120.12135922330097,5.0,2.123106796116505,551.5629418418323,0.5145631067961165,0.14335927985672542,2.9102217647282784
0.0,0.0,0.0,0.0,0.0,0.0,0.0,0.0,0.007749624534376,0.0,0.0,0.0,0.0,0.0,0.0,0.0,0.0,0.0,0.0,0.0,0.0,0.4816749395464194,0.0,0.2552877179596023,0.0,0.0,0.0,0.0,0.0,0.2552877179596022,0.0,0.0,0.0,0.0,HAc,FORM,"MeOH 
+ H$_2$O",0.4,2.581311926474605,0.0,1.0,633,1,0.4298688,0.17194752,10.1016/j.fuel.2023.128414,,2023,46.4,0.0684906481673905,0.1712266204184764,0.0563865778799887,0.3856027395361645,1.7665195643363028,1,P-V-Ti,121.0813721771492,4.969001501862496,2.112775718982377,665.2920111146718,0.6336085215824397,0.1559139972482756,3.5994475734731624
0.0,0.0,0.0,0.0,0.0,0.0,0.0,0.0,0.007749624534376,0.0,0.0,0.0,0.0,0.0,0.0,0.0,0.0,0.0,0.0,0.0,0.0,0.4816749395464194,0.0,0.2552877179596023,0.0,0.0,0.0,0.0,0.0,0.2552877179596022,0.0,0.0,0.0,0.0,HAc,FORM,"MeOH 
+ H$_2$O",2.5,2.5813119264746045,0.0,1.0,633,1,0.2516138,0.6290344999999999,10.1016/j.fuel.2023.128414,,2023,46.4,0.191626484000536,0.0766505936002144,0.025241779899777,0.1726173115318143,2.892952069200844,1,P-V-Ti,121.0813721771492,4.969001501862496,2.112775718982377,665.2920111146718,0.6336085215824397,0.1559139972482756,3.5994475734731624
0.0,0.0,0.0,0.0,0.0,0.0,0.0,0.0,0.0,0.0,0.0,0.0,0.0,0.0,0.0,0.0,0.0,0.0,0.0,0.0,0.0,0.3472222222222222,0.0,0.3263888888888889,0.0,0.0,0.0,0.0,0.0,0.3263888888888889,0.0,0.0,0.0,0.0,HAc,FORM,"MeOH 
+ H$_2$O",0.4,2.581311926474605,0.21,1.0,633,1,0.39694186,0.158776744,10.1039/D2CC06618A,,2023,16.3,0.0684906481673905,0.1712266204184764,0.0563865778799887,0.3856027395361645,1.6312083165701758,1,P-V-Ti,123.64583333333334,5.0,2.105138888888889,641.0481770833333,0.6527777777777778,0.1803416473765432,4.015120752646059
0.0,0.0,0.0,0.0,0.0,0.0,0.0,0.0,0.0,0.0,0.0,0.0,0.0,0.0,0.0,0.0,0.0,0.0,0.0,0.0,0.0,0.3472222222222222,0.0,0.3263888888888889,0.0,0.0,0.0,0.0,0.0,0.3263888888888889,0.0,0.0,0.0,0.0,HAc,FORM,"MeOH 
+ H$_2$O",2.5,2.5813119264746045,0.21,1.0,633,1,0.22883056,0.5720763999999999,10.1039/D2CC06618A,,2023,16.3,0.191626484000536,0.0766505936002144,0.025241779899777,0.1726173115318143,2.6309997386804214,1,P-V-Ti,123.64583333333334,5.0,2.105138888888889,641.0481770833333,0.6527777777777778,0.1803416473765432,4.015120752646059
0.0,0.0,0.0,0.0,0.0,0.0,0.0,0.0,0.0,0.0,0.0,0.0,0.0,0.0,0.0,0.0,0.0,0.0,0.0,0.0,0.0,0.3472222222222222,0.0,0.3263888888888889,0.0,0.0,0.0,0.0,0.0,0.3263888888888889,0.0,0.0,0.0,0.0,HAc,FORM,"MeOH 
+ H$_2$O",2.5,2.581311926474605,0.21,5.0,633,1,0.1277268,0.319317,10.1039/D2CC06618A,1,2023,16.3,0.9581324200026798,0.3832529680010719,0.1262088994988852,0.8630865576590718,7.342751278991897,1,P-V-Ti,123.64583333333334,5.0,2.105138888888889,641.0481770833333,0.6527777777777778,0.1803416473765432,4.015120752646059
0.0,0.0,0.0,0.0,0.0,0.0,0.0,0.0,0.0,0.0,0.0,0.0,0.0,0.0,0.0,0.0,0.0,0.0,0.0,0.0,0.0,0.4126431684398502,0.0,0.2475859010639101,0.0,0.0,0.0,0.0,0.0,0.3397709304962398,0.0,0.0,0.0,0.0,HAc,MeOH,None,0.5,0.0,0.21,1.5,653,1,0.1832424860194942,0.0916212430097471,10.1016/j.jcat.2024.115612,1,2024,60.1,0.1807606985491203,0.3615213970982406,0.0,0.0,1.987382386605672,1,P-V-Ti,124.51268751417291,4.907814970567671,2.0657073965923693,648.7126633991263,0.5788587519087104,0.16576238242463542,3.65150366648528
0.0,0.0,0.0,0.0,0.0,0.0,0.0,0.0,0.0,0.0,0.0,0.0,0.0,0.0,0.0,0.0,0.0,0.0,0.0,0.0,0.0,0.1212966988560943,0.0,0.0,0.0,0.8353830515524434,0.0,0.0,0.0,0.0,0.0433202495914622,0.0,0.0,0.0,MAc,DMM,None,1.6,0.0,0.0,,643,1,0.0705256124999999,0.11284098,10.4028/www.scientific.net/AMR.233-235.2859,,2011,,,,,,,1,P-V-Ti,112.33426368741704,4.164616948447557,1.9234795752785723,76.57740787347709,0.13751820873137102,0.012807808113752973,-1.1950365421366946
0.0,0.0,0.0,0.0,0.0,0.0,0.0,0.0,0.0,0.0,0.0,0.0,0.0,0.0,0.0,0.0,0.0,0.0,0.0,0.0,0.0,0.1212966988560943,0.0,0.0,0.0,0.8353830515524434,0.0,0.0,0.0,0.0,0.0433202495914622,0.0,0.0,0.0,MAc,DMM,None,1.6,0.0,0.0,,673,1,0.28848661875,0.4615785899999999,10.4028/www.scientific.net/AMR.233-235.2859,,2011,,,,,,,1,P-V-Ti,112.33426368741704,4.164616948447557,1.9234795752785723,76.57740787347709,0.13751820873137102,0.012807808113752973,-1.1950365421366946
0.0,0.0,0.0,0.0,0.0,0.0,0.0,0.0,0.0,0.0,0.0,0.0,0.0,0.0,0.0,0.0,0.0,0.0,0.0,0.0,0.0,0.1080848099890603,0.0,0.0,0.0,0.8378727850164095,0.0,0.0,0.0,0.0,0.0540424049945301,0.0,0.0,0.0,HAc,TRX,None,3.0,0.0,0.0,5.0,623,1,0.156672,0.470016,10.1016/j.apcata.2023.119441,VPO-SiO2,2022,224.2,1.456864073774398,0.4856213579247994,0.0,0.0,13.69498848998295,1,P-V-Ti,112.83744176981402,4.16212721498359,1.9167531455483042,93.68396711271872,0.13584198114525503,0.012748955958418547,-1.1578057971297357
0.0,0.0,0.0,0.0,0.0,0.0,0.0,0.0,0.0,0.0,0.0,0.0,0.0,0.0,0.0078713419785482,0.0,0.0,0.0,0.0,0.0,0.0,0.1049512263806435,0.0,0.0,0.0,0.8347018184504864,0.0,0.0,0.0,0.0,0.0524756131903217,0.0,0.0,0.0,HAc,TRX,None,3.0,0.0,0.0,5.0,623,1,0.1984775799999999,0.5954327399999999,10.1016/j.apcata.2023.119441,VPO1%Mg-SiO2,2022,223.8,1.456864073774398,0.4856213579247994,0.0,0.0,17.349291345101037,1,P-V-Ti,113.02031110782737,4.141684155613868,1.9116233483216558,97.2487520981004,0.168837807533143,0.01525678225671265,-1.0513541534945385
0.0,0.0,0.0,0.0,0.0078068144069351,0.0,0.0,0.0,0.0,0.0,0.0,0.0,0.0,0.0,0.0,0.0,0.0,0.0,0.0,0.0,0.0,0.1040908587591352,0.0,0.0,0.0,0.836056897454362,0.0,0.0,0.0,0.0,0.0520454293795676,0.0,0.0,0.0,HAc,TRX,None,3.0,0.0,0.0,5.0,623,1,0.20087336,0.60262008,10.1016/j.apcata.2023.119441,VPO1%Ca-SiO2,2022,223.1,1.456864073774398,0.4856213579247994,0.0,0.0,17.558710893741075,1,P-V-Ti,113.27698753535607,4.140522659324832,1.909107950141424,121.2727097988372,0.1676169279827202,0.018788717937252505,-0.9316762938170378
0.0,0.0,0.0,0.0,0.0,0.0,0.0,0.0,0.0,0.0,0.0,0.0,0.0,0.0,0.0,0.0,0.0,0.0,0.0,0.0,0.0,0.1015808709236687,0.0,0.0,0.0,0.8400101282952218,0.0,0.0076185653192751,0.0,0.0,0.0507904354618344,0.0,0.0,0.0,HAc,TRX,None,3.0,0.0,0.0,5.0,623,1,0.2068854,0.6206562,10.1016/j.apcata.2023.119441,VPO1%Sr-SiO2,2022,222.5,1.456864073774398,0.4856213579247994,0.0,0.0,18.08423439890675,1,P-V-Ti,113.3668342925215,4.137134175746953,1.908507397939857,139.37431441400398,0.16403978550480733,0.019048953370786957,-0.889291844022033
0.0,0.0,0.007431213098437,0.0,0.0,0.0,0.0,0.0,0.0,0.0,0.0,0.0,0.0,0.0,0.0,0.0,0.0,0.0,0.0,0.0,0.0,0.099082841312494,0.0,0.0,0.0,0.8439445249328219,0.0,0.0,0.0,0.0,0.049541420656247,0.0,0.0,0.0,HAc,TRX,None,3.0,0.0,0.0,5.0,623,1,0.21824,0.65472,10.1016/j.apcata.2023.119441,VPO1%Ba-SiO2,2022,221.2,1.456864073774398,0.4856213579247994,0.0,0.0,19.07676092763148,1,P-V-Ti,113.45725446454985,4.133761835771867,1.907852315174015,163.31429286776398,0.16045688565342908,0.019463358148344663,-0.830139110266322
0.0,0.0,0.0,0.0,0.0,0.0,0.0,0.0,0.0,0.0,0.0,0.0,0.0,0.0,0.0,0.0,0.0,0.0,0.0,0.0,0.0,0.6250000000000001,0.0,0.0,0.0,0.0,0.0,0.0,0.0,0.25,0.125,0.0,0.0,0.0,HAc,TRX,None,3.0,0.0,0.01,2.5,638,1,0.180194,0.540582,10.19906/j.cnki.JFCT.2022036,1,2022,20.861455573462493,0.728432036887199,0.2428106789623997,0.0,0.0,7.875544947291116,1,P-V-Ti,126.00000000000001,4.75,1.9575,605.7500000000001,0.1875,0.09076874999999998,1.5661576447233791
0.0,0.0,0.0,0.0,0.0,0.0,0.0,0.0,0.0,0.0,0.0,0.0,0.0,0.0,0.0,0.0,0.0,0.0,0.0,0.0,0.0,0.2888772318084087,0.0,0.0,0.0,0.4703917416845839,0.0,0.0,0.0,0.0,0.2407310265070072,0.0,0.0,0.0,HAc,TRX,None,5.0,0.0,0.0,2.0,623,1,0.08488,0.4244,10.1039/D3CY00844D,,2023,140.12060647934757,0.5827864242127061,0.1165572848425412,0.0,0.0,2.9680147012304694,1,P-V-Ti,119.95519418606065,4.529608258315415,1.9187770200675462,349.0760635572403,0.24912335103952754,0.04149129054483096,0.15522161336468218
0.0,0.0,0.0,0.0,0.0,0.0,0.0,0.0,0.0,0.0,0.0,0.0,0.0,0.0,0.0,0.0,0.0,0.0,0.0,0.0,0.0,0.3269738485789243,0.0,0.0,0.0,0.0,0.0,0.0,0.0,0.4005479442719719,0.2724782071491036,0.0,0.0,0.0,HAc,TRX,None,5.0,0.0,0.0,2.0,623,1,0.09652,0.4826,10.1039/D3CY00844D,,2023,11.947626001913802,0.5827864242127061,0.1165572848425412,0.0,0.0,3.3750327399006235,1,P-V-Ti,140.76303857527324,4.599452055728027,1.7770560402197195,561.7602879520808,0.24010928861146916,0.08415795829784968,1.4244224140444937
0.5114282662476,0.0,0.0,0.0,0.0,0.0,0.0,0.0,0.0,0.0,0.0,0.0,0.0,0.0,0.0,0.0,0.0,0.0,0.0,0.0,0.0,0.2664936729558546,0.0,0.0,0.0,0.0,0.0,0.0,0.0,0.0,0.2220780607965455,0.0,0.0,0.0,HAc,TRX,None,5.0,0.0,0.0,2.0,623,1,0.10296,0.5148,10.1039/D3CY00844D,1,2023,28.3,0.5827864242127061,0.1165572848425412,0.0,0.0,3.600221414216413,1,P-V-Ti,124.3755865241075,3.9771434675048,1.7690078915303267,268.246109773274,0.9994775789222959,0.06445379323774798,1.5701599345522965
0.0,0.0,0.0,0.0,0.0,0.2366739400579309,0.0,0.0,0.0,0.0,0.0,0.0,0.0,0.0,0.0,0.0,0.0,0.0,0.0,0.0,0.0,0.4163596690593104,0.0,0.0,0.0,0.0,0.0,0.0,0.0,0.0,0.3469663908827586,0.0,0.0,0.0,HAc,TRX,None,5.0,0.0,0.0,2.0,623,1,0.07152,0.3576,10.1039/D3CY00844D,,2023,57.22577411894109,0.5827864242127061,0.1165572848425412,0.0,0.0,2.5008531035815644,1,P-V-Ti,145.91782616622618,4.763326059942068,1.7424577052436687,1446.4487916083888,0.18065938615538582,0.17948254855739557,5.178166512947239
0.0,0.0,0.0,0.0,0.0,0.0,0.0,0.0,0.0,0.0,0.0,0.0,0.0,0.0,0.0,0.0,0.0,0.0,0.0,0.0,0.0,0.0,0.0,0.0,0.0,1.0,0.0,0.0,0.0,0.0,0.0,0.0,0.0,0.0,MAc,TRX,None,0.5,0.0,0.0,3.6,663,1,0.08256,0.04128,10.1016/j.jiec.2014.11.014,,2015,860.8,0.7526722312417145,1.505344462483429,0.0,0.0,3.728437164678956,2,Si-Cs-P,111.00000000000001,4.0,1.9,0.0,0.0,0.0,-1.8292371528252536
0.0,0.0,0.0,0.0,0.0,0.0,0.0,0.0,0.0208753300457327,0.0,0.0,0.0,0.0,0.0,0.0,0.0,0.0,0.0,0.0,0.0,0.0,0.0,0.0,0.0,0.0,0.9791246699542674,0.0,0.0,0.0,0.0,0.0,0.0,0.0,0.0,MAc,TRX,None,0.5,0.0,0.0,3.6,663,1,0.468512,0.234256,10.1016/j.jiec.2014.11.014,1,2015,439.3,0.7526722312417145,1.505344462483429,0.0,0.0,21.15815834421109,2,Si-Cs-P,113.77641889608248,3.9373740098628023,1.8768283836492368,361.5552112924419,0.18395595577092988,0.025183570345040294,-0.21433215424539334
0.0,0.0,0.0,0.0,0.0,0.0,0.0,0.0,0.0208753300457327,0.0,0.0,0.0,0.0,0.0,0.0,0.0,0.0,0.0,0.0,0.0,0.0,0.0,0.0,0.0,0.0,0.9791246699542674,0.0,0.0,0.0,0.0,0.0,0.0,0.0,0.0,MAc,TRX,None,2.0,0.0,0.0,3.6,663,1,0.3006,0.6012,10.1016/j.jiec.2014.11.014,,2015,439.3,0.75309778321018,0.37654889160509,0.0,0.0,13.582871617978803,2,Si-Cs-P,113.77641889608248,3.9373740098628023,1.8768283836492368,361.5552112924419,0.18395595577092988,0.025183570345040294,-0.21433215424539334
1.0,0.0,0.0,0.0,0.0,0.0,0.0,0.0,0.0,0.0,0.0,0.0,0.0,0.0,0.0,0.0,0.0,0.0,0.0,0.0,0.0,0.0,0.0,0.0,0.0,0.0,0.0,0.0,0.0,0.0,0.0,0.0,0.0,0.0,MAc,TRX,MeOH,0.5,1.0,0.0,7.199999999999999,663,1,0.296258,0.148129,10.1007/s10562-017-2014-8,,2017,244.0,0.7461299265281326,1.4922598530562652,1.4922598530562652,0.0,13.262817586402292,0,Al-Si-Cs,121.0,3.0,1.61,0.0,0.0,0.0,-1.8292371528252536
0.7313730205613801,0.0,0.0,0.0,0.0,0.0,0.0,0.0,0.0,0.0,0.0,0.0,0.0,0.2686269794386199,0.0,0.0,0.0,0.0,0.0,0.0,0.0,0.0,0.0,0.0,0.0,0.0,0.0,0.0,0.0,0.0,0.0,0.0,0.0,0.0,MAc,TRX,MeOH,0.5,1.0,0.0,7.199999999999999,663,1,0.0721499999999999,0.0360749999999999,10.1007/s10562-017-2014-8,,2017,222.57769587288968,0.7461299265281326,1.4922598530562652,1.4922598530562652,0.0,3.229996451940285,0,Al-Si-Cs,122.88038885607034,2.46274604112276,1.4407650029536696,9.626859742458855,0.7858661014252126,0.07797756391391676,0.8570341802158006
0.9001908938946541,0.0,0.0,0.0,0.0,0.0,0.0,0.0,0.0,0.0,0.0,0.0,0.0,0.0,0.0,0.0,0.0,0.0998091061053459,0.0,0.0,0.0,0.0,0.0,0.0,0.0,0.0,0.0,0.0,0.0,0.0,0.0,0.0,0.0,0.0,MAc,TRX,MeOH,0.5,1.0,0.0,7.199999999999999,663,1,0.1443809999999999,0.0721904999999999,10.1007/s10562-017-2014-8,,2017,227.05208568189863,0.7461299265281326,1.4922598530562652,1.4922598530562652,0.0,6.463619095323498,0,Al-Si-Cs,125.49140977474056,2.8003817877893082,1.542129807848365,181.94067809869034,0.35938899377519085,0.04154536768041206,-0.0688613811705416
0.9387955087801284,0.0,0.0,0.0,0.0,0.0,0.0,0.0,0.0,0.0,0.0,0.0612044912198714,0.0,0.0,0.0,0.0,0.0,0.0,0.0,0.0,0.0,0.0,0.0,0.0,0.0,0.0,0.0,0.0,0.0,0.0,0.0,0.0,0.0,0.0,MAc,TRX,MeOH,0.5,1.0,0.0,7.199999999999999,663,1,0.152447,0.0762235,10.1007/s10562-017-2014-8,,2017,228.1310664541112,0.7461299265281326,1.4922598530562652,1.4922598530562652,0.0,6.824716134566054,0,Al-Si-Cs,126.01876828002943,2.8775910175602566,1.5616484519363014,386.3509639137852,0.22983400589755232,0.03585985077016562,0.11164649388340996
0.971039598471528,0.0,0.0,0.0,0.0,0.0,0.0,0.0,0.0,0.0,0.0,0.0,0.0,0.0,0.0,0.0,0.0,0.0,0.0,0.0,0.0,0.0,0.0289604015284721,0.0,0.0,0.0,0.0,0.0,0.0,0.0,0.0,0.0,0.0,0.0,MAc,TRX,MeOH,0.5,1.0,0.0,7.199999999999999,663,1,0.246784,0.123392,10.1007/s10562-017-2014-8,,2017,229.8129090250407,0.7461299265281326,1.4922598530562652,1.4922598530562652,0.0,11.047975667299122,0,Al-Si-Cs,123.86707975131874,2.9420791969430558,1.5871212827925072,275.6207490801333,0.11248678668712708,0.017550750892859013,-0.6721235891153982
0.981181852261838,0.0,0.0,0.0,0.0,0.0,0.0,0.0,0.0188181477381621,0.0,0.0,0.0,0.0,0.0,0.0,0.0,0.0,0.0,0.0,0.0,0.0,0.0,0.0,0.0,0.0,0.0,0.0,0.0,0.0,0.0,0.0,0.0,0.0,0.0,MAc,TRX,MeOH,0.5,1.0,0.0,7.199999999999999,663,1,0.2682839999999999,0.1341419999999999,10.1007/s10562-017-2014-8,,2017,230.7152315300785,0.7461299265281326,1.4922598530562652,1.4922598530562652,0.0,12.01048327252041,0,Al-Si-Cs,123.31463217179395,2.962363704523676,1.5945691188547073,279.3422350399509,0.07385610021546721,0.012415210446220041,-0.817762335977315
0.9050792529128784,0.0,0.0,0.0,0.0,0.0,0.0,0.0,0.0,0.0,0.0,0.0,0.0,0.0,0.0949207470871215,0.0,0.0,0.0,0.0,0.0,0.0,0.0,0.0,0.0,0.0,0.0,0.0,0.0,0.0,0.0,0.0,0.0,0.0,0.0,MAc,TRX,MeOH,0.5,1.0,0.0,7.199999999999999,663,1,0.2791519999999999,0.1395759999999999,10.1007/s10562-017-2014-8,,2017,227.17886052904012,0.7461299265281326,1.4922598530562652,1.4922598530562652,0.0,12.497019675010876,0,Al-Si-Cs,122.89841494174242,2.905079252912878,1.5815237758738634,34.364319543817686,0.08591079885954422,0.007731971897358981,-1.470191651098871
0.9402021767919584,0.0,0.0,0.0,0.0597978232080416,0.0,0.0,0.0,0.0,0.0,0.0,0.0,0.0,0.0,0.0,0.0,0.0,0.0,0.0,0.0,0.0,0.0,0.0,0.0,0.0,0.0,0.0,0.0,0.0,0.0,0.0,0.0,0.0,0.0,MAc,TRX,MeOH,0.5,1.0,0.0,7.199999999999999,663,1,0.293664,0.146832,10.1007/s10562-017-2014-8,,2017,228.1767970314144,0.7461299265281326,1.4922598530562652,1.4922598530562652,0.0,13.146689924637451,0,Al-Si-Cs,124.28888027644228,2.9402021767919586,1.5735233278430947,170.07168173155475,0.056222043547621406,0.02092022240406993,-0.9530786204067874
0.9717308401936156,0.0,0.0,0.0,0.0,0.0,0.0,0.0,0.0,0.0,0.0,0.0,0.0,0.0,0.0,0.0,0.0,0.0,0.0,0.0,0.0,0.0,0.0,0.0,0.0,0.0,0.0,0.0282691598063843,0.0,0.0,0.0,0.0,0.0,0.0,MAc,TRX,MeOH,0.5,1.0,0.0,7.199999999999999,663,1,0.323792,0.161896,10.1007/s10562-017-2014-8,,2017,229.8655596793825,0.7461299265281326,1.4922598530562652,1.4922598530562652,0.0,14.495454070223827,0,Al-Si-Cs,123.09191782567243,2.971730840193615,1.5913423545277863,150.42579891039435,0.027470014410225407,0.011965938277094194,-1.2082764155364158
0.9817767030089496,0.0,0.0182232969910503,0.0,0.0,0.0,0.0,0.0,0.0,0.0,0.0,0.0,0.0,0.0,0.0,0.0,0.0,0.0,0.0,0.0,0.0,0.0,0.0,0.0,0.0,0.0,0.0,0.0,0.0,0.0,0.0,0.0,0.0,0.0,MAc,TRX,MeOH,0.5,1.0,0.0,7.199999999999999,663,1,0.3605839999999999,0.1802919999999999,10.1007/s10562-017-2014-8,,2017,233.0,0.7461299265281326,1.4922598530562652,1.4922598530562652,0.0,16.142550805633206,0,Al-Si-Cs,122.71298991715872,2.9817767030089493,1.5968792261664437,158.086717756633,0.017891208437826277,0.009274802454169145,-1.253981517659101
1.0,0.0,0.0,0.0,0.0,0.0,0.0,0.0,0.0,0.0,0.0,0.0,0.0,0.0,0.0,0.0,0.0,0.0,0.0,0.0,0.0,0.0,0.0,0.0,0.0,0.0,0.0,0.0,0.0,0.0,0.0,0.0,0.0,0.0,MAc,TRX,MeOH,0.5,1.0,0.0,7.199999999999999,663,1,0.3347074067112566,0.1673537033556283,10.1007/s10562-017-2014-8,gamma-Alumina,2017,244.0,0.7461299265281326,1.4922598530562652,1.4922598530562652,0.0,14.9841127666735,0,Al-Si-Cs,121.0,3.0,1.61,0.0,0.0,0.0,-1.8292371528252536
0.9963014203494563,0.0,0.0036985796505435,0.0,0.0,0.0,0.0,0.0,0.0,0.0,0.0,0.0,0.0,0.0,0.0,0.0,0.0,0.0,0.0,0.0,0.0,0.0,0.0,0.0,0.0,0.0,0.0,0.0,0.0,0.0,0.0,0.0,0.0,0.0,MAc,TRX,MeOH,0.5,1.0,0.0,7.199999999999999,663,1,0.3451327193793119,0.1725663596896559,10.1007/s10562-017-2014-8,1Ba-gamma-Alumina,2017,235.0,0.7461299265281326,1.4922598530562652,1.4922598530562652,0.0,15.450831033176437,0,Al-Si-Cs,121.34766648715107,2.996301420349456,1.6073370226516086,32.55977780591439,0.0036849001591120856,0.0019102522424837055,-1.7107566382797854
0.9817767030089496,0.0,0.0182232969910503,0.0,0.0,0.0,0.0,0.0,0.0,0.0,0.0,0.0,0.0,0.0,0.0,0.0,0.0,0.0,0.0,0.0,0.0,0.0,0.0,0.0,0.0,0.0,0.0,0.0,0.0,0.0,0.0,0.0,0.0,0.0,MAc,TRX,MeOH,0.5,1.0,0.0,7.199999999999999,663,1,0.3991596945210403,0.1995798472605201,10.1007/s10562-017-2014-8,5Ba-gamma-Alumina,2017,231.0,0.7461299265281326,1.4922598530562652,1.4922598530562652,0.0,17.869499612758542,0,Al-Si-Cs,122.71298991715872,2.9817767030089493,1.5968792261664437,158.086717756633,0.017891208437826277,0.009274802454169145,-1.253981517659101
0.9642056962458,0.0,0.0357943037541999,0.0,0.0,0.0,0.0,0.0,0.0,0.0,0.0,0.0,0.0,0.0,0.0,0.0,0.0,0.0,0.0,0.0,0.0,0.0,0.0,0.0,0.0,0.0,0.0,0.0,0.0,0.0,0.0,0.0,0.0,0.0,MAc,TRX,MeOH,0.5,1.0,0.0,7.199999999999999,663,1,0.4000952274358071,0.2000476137179035,10.1007/s10562-017-2014-8,10Ba-gamma-Alumina,2017,219.0,0.7461299265281326,1.4922598530562652,1.4922598530562652,0.0,17.911381359056115,0,Al-Si-Cs,124.36466455289478,2.9642056962458,1.584228101296976,304.9575004186036,0.03451307157295198,0.017891576303418307,-0.7195391143597456
0.9817767030089496,0.0,0.0182232969910503,0.0,0.0,0.0,0.0,0.0,0.0,0.0,0.0,0.0,0.0,0.0,0.0,0.0,0.0,0.0,0.0,0.0,0.0,0.0,0.0,0.0,0.0,0.0,0.0,0.0,0.0,0.0,0.0,0.0,0.0,0.0,MAc,TRX,MeOH,0.5,1.0,0.0,7.199999999999999,683,1,0.3972799999999999,0.1986399999999999,10.1007/s10562-017-2014-8,,2017,235.0,0.7461299265281326,1.4922598530562652,1.4922598530562652,0.0,17.785349832665787,0,Al-Si-Cs,122.71298991715872,2.9817767030089493,1.5968792261664437,158.086717756633,0.017891208437826277,0.009274802454169145,-1.253981517659101
1.0,0.0,0.0,0.0,0.0,0.0,0.0,0.0,0.0,0.0,0.0,0.0,0.0,0.0,0.0,0.0,0.0,0.0,0.0,0.0,0.0,0.0,0.0,0.0,0.0,0.0,0.0,0.0,0.0,0.0,0.0,0.0,0.0,0.0,MAc,TRX,MeOH,0.5,1.0,0.0,7.199999999999999,663,1,0.2973479999999999,0.1486739999999999,10.1039/C7RA10008F,Alumina,2017,307.7,0.7461299265281326,1.4922598530562652,1.4922598530562652,0.0,13.311614483597229,0,Al-Si-Cs,121.0,3.0,1.61,0.0,0.0,0.0,-1.8292371528252536
0.9817767030089496,0.0,0.0182232969910503,0.0,0.0,0.0,0.0,0.0,0.0,0.0,0.0,0.0,0.0,0.0,0.0,0.0,0.0,0.0,0.0,0.0,0.0,0.0,0.0,0.0,0.0,0.0,0.0,0.0,0.0,0.0,0.0,0.0,0.0,0.0,MAc,TRX,MeOH,0.5,1.0,0.0,7.199999999999999,663,1,0.361566,0.180783,10.1039/C7RA10008F,5Ba-Alumina,2017,272.3,0.7461299265281326,1.4922598530562652,1.4922598530562652,0.0,16.18651278090425,0,Al-Si-Cs,122.71298991715872,2.9817767030089493,1.5968792261664437,158.086717756633,0.017891208437826277,0.009274802454169145,-1.253981517659101
0.947606204785719,0.0,0.0175890395926565,0.0,0.0,0.0,0.0,0.0,0.0,0.0,0.0,0.0,0.0,0.0348047556216245,0.0,0.0,0.0,0.0,0.0,0.0,0.0,0.0,0.0,0.0,0.0,0.0,0.0,0.0,0.0,0.0,0.0,0.0,0.0,0.0,MAc,TRX,MeOH,0.5,1.0,0.0,7.199999999999999,663,1,0.264408,0.132204,10.1039/C7RA10008F,,2017,281.06273945032154,0.7461299265281326,1.4922598530562652,1.4922598530562652,0.0,11.836963296807031,0,Al-Si-Cs,122.89700301106109,2.912801449164095,1.575408895451664,153.52356644219762,0.1492044748112725,0.021735621117181983,-0.8302212193007179
0.9799315353958356,0.0,0.0181890478208377,0.0,0.0,0.0,0.0,0.0,0.0018794167833265,0.0,0.0,0.0,0.0,0.0,0.0,0.0,0.0,0.0,0.0,0.0,0.0,0.0,0.0,0.0,0.0,0.0,0.0,0.0,0.0,0.0,0.0,0.0,0.0,0.0,MAc,TRX,MeOH,0.5,1.0,0.0,7.199999999999999,663,1,0.324576,0.162288,10.1039/C7RA10008F,,2017,282.42725688268933,0.7461299265281326,1.4922598530562652,1.4922598530562652,0.0,14.530552021967711,0,Al-Si-Cs,122.94093875950787,2.9780521186125086,1.5953627638066687,185.38487979170844,0.02522500545674434,0.010478673552051648,-1.1551225750002614
0.9800263207821776,0.0,0.0181908071844898,0.0,0.0,0.0017828720333326,0.0,0.0,0.0,0.0,0.0,0.0,0.0,0.0,0.0,0.0,0.0,0.0,0.0,0.0,0.0,0.0,0.0,0.0,0.0,0.0,0.0,0.0,0.0,0.0,0.0,0.0,0.0,0.0,MAc,TRX,MeOH,0.5,1.0,0.0,7.199999999999999,663,1,0.3455999999999999,0.1727999999999999,10.1039/C7RA10008F,,2017,282.3015438681966,0.7461299265281326,1.4922598530562652,1.4922598530562652,0.0,15.471750156487357,0,Al-Si-Cs,122.85791425410865,2.983592064848843,1.5960290115308344,169.56433234416008,0.019704458881897823,0.009662993500837113,-1.2165744354610304
0.979090760413139,0.0,0.0181734417342751,0.0,0.0,0.0,0.0,0.0,0.0,0.0,0.0,0.0,0.0,0.0,0.0,0.0,0.0,0.0,0.0,0.0,0.0,0.0,0.0,0.0,0.0,0.0,0.0,0.0,0.0,0.0,0.0,0.0,0.0,0.0027357978525857,MAc,TRX,MeOH,0.5,1.0,0.0,7.199999999999999,663,1,0.370328,0.185164,10.1039/C7RA10008F,,2017,282.9414668075663,0.7461299265281326,1.4922598530562652,1.4922598530562652,0.0,16.578768205878617,0,Al-Si-Cs,122.85603660706147,2.9845623561183103,1.5961490985525977,165.11324581544238,0.020670918738242935,0.009443751275785287,-1.2296758652827244
0.9800110940267144,0.0,0.0181905245523127,0.0,0.0,0.0,0.0,0.0,0.0,0.0,0.0,0.0,0.0017983814209731,0.0,0.0,0.0,0.0,0.0,0.0,0.0,0.0,0.0,0.0,0.0,0.0,0.0,0.0,0.0,0.0,0.0,0.0,0.0,0.0,0.0,MAc,TRX,MeOH,0.5,1.0,0.0,7.199999999999999,663,1,0.37762,0.18881,10.1039/C7RA10008F,5Ba-0.5La-Alumina,2017,292.6,0.7461299265281326,1.4922598530562652,1.4922598530562652,0.0,16.90521497133321,0,Al-Si-Cs,122.86457011012111,2.9818094754476876,1.595985647797639,170.5556822381951,0.017859629368824407,0.009701324867862177,-1.216435255159105
0.0,0.0,0.0,0.0,0.0,0.0,0.0,0.0,0.0,0.0,0.0,0.0,0.0,0.0,0.0,0.0,0.0,0.0,0.0,0.0,0.0,0.0,0.0,0.0,0.0,0.0,0.0,0.0,0.0,1.0,0.0,0.0,0.0,0.0,MAc,TRX,MeOH,0.5,1.0,0.0,7.199999999999999,663,1,0.103992,0.051996,10.1007/s10562-018-2535-9,TiO2,2018,48.0,0.7461299265281326,1.4922598530562652,1.4922598530562652,0.0,4.655492599170814,2,Si-Cs-P,160.0,4.0,1.54,0.0,0.0,0.0,-1.8292371528252536
1.0,0.0,0.0,0.0,0.0,0.0,0.0,0.0,0.0,0.0,0.0,0.0,0.0,0.0,0.0,0.0,0.0,0.0,0.0,0.0,0.0,0.0,0.0,0.0,0.0,0.0,0.0,0.0,0.0,0.0,0.0,0.0,0.0,0.0,MAc,TRX,MeOH,0.5,1.0,0.0,7.199999999999999,663,1,0.28960092,0.14480046,10.1007/s10562-018-2535-9,Al2O3,2018,357.0,0.7461299265281326,1.4922598530562652,1.4922598530562652,0.0,12.964794789724776,0,Al-Si-Cs,121.0,3.0,1.61,0.0,0.0,0.0,-1.8292371528252536
0.986842105263158,0.0,0.0,0.0,0.0,0.0,0.0,0.0,0.0,0.0,0.0,0.0,0.0,0.0,0.0,0.0,0.0,0.0,0.0,0.0,0.0,0.0,0.0,0.0,0.0,0.0,0.0,0.0,0.0,0.0131578947368421,0.0,0.0,0.0,0.0,MAc,TRX,MeOH,0.5,1.0,0.0,7.199999999999999,663,1,0.26691808,0.13345904,10.1007/s10562-018-2535-9,Ti-Al2O3,2018,281.0,0.7461299265281326,1.4922598530562652,1.4922598530562652,0.0,11.949334045165813,0,Al-Si-Cs,121.51315789473685,3.0131578947368425,1.6090789473684213,19.749826869806085,0.012984764542936282,6.362534626038789e-05,-1.7601684965850983
0.986842105263158,0.0,0.0,0.0,0.0,0.0,0.0,0.0,0.0,0.0,0.0,0.0,0.0,0.0,0.0,0.0,0.0,0.0,0.0,0.0,0.0,0.0,0.0,0.0,0.0,0.0,0.0,0.0,0.0,0.0131578947368421,0.0,0.0,0.0,0.0,MAc,TRX,MeOH,0.5,1.0,0.0,7.199999999999999,663,1,0.332175,0.1660875,10.1007/s10562-018-2535-9,gamma-TiAl2O3,2018,320.0,0.7461299265281326,1.4922598530562652,1.4922598530562652,0.0,14.870742500668946,0,Al-Si-Cs,121.51315789473685,3.0131578947368425,1.6090789473684213,19.749826869806085,0.012984764542936282,6.362534626038789e-05,-1.7601684965850983
0.0,0.0,0.0267796523838205,0.0,0.0,0.0,0.0,0.0,0.0,0.0,0.0,0.0,0.0,0.0,0.0,0.0,0.0,0.0,0.0,0.0,0.0,0.0,0.0,0.0,0.0,0.0,0.0,0.0,0.0,0.9732203476161796,0.0,0.0,0.0,0.0,MAc,TRX,MeOH,0.5,1.0,0.0,7.199999999999999,663,1,0.20468523,0.102342615,10.1007/s10562-018-2535-9,Ba-TiO2,2018,45.0,0.7461299265281326,1.4922598530562652,1.4922598530562652,0.0,9.163306537277634,0,Al-Si-Cs,161.47288088111014,3.946440695232359,1.5225932259505168,78.83907037111727,0.10425001040808896,0.011011407349354397,-1.2750596479605907
0.9827386228095196,0.0,0.0172613771904803,0.0,0.0,0.0,0.0,0.0,0.0,0.0,0.0,0.0,0.0,0.0,0.0,0.0,0.0,0.0,0.0,0.0,0.0,0.0,0.0,0.0,0.0,0.0,0.0,0.0,0.0,0.0,0.0,0.0,0.0,0.0,MAc,TRX,MeOH,0.5,1.0,0.0,7.199999999999999,663,1,0.36957286,0.18478643,10.1007/s10562-018-2535-9,Ba-Al2O3,2018,319.0,0.7461299265281326,1.4922598530562652,1.4922598530562652,0.0,16.54496225271551,0,Al-Si-Cs,122.62256945590515,2.9827386228095194,1.597571808422854,149.88879721584757,0.016963422047968267,0.00879383798966675,-1.2838126132416603
0.9696830661945772,0.0,0.0173878262561616,0.0,0.0,0.0,0.0,0.0,0.0,0.0,0.0,0.0,0.0,0.0,0.0,0.0,0.0,0.0,0.0,0.0,0.0,0.0,0.0,0.0,0.0,0.0,0.0,0.0,0.0,0.012929107549261,0.0,0.0,0.0,0.0,MAc,TRX,MeOH,0.5,1.0,0.0,7.199999999999999,663,1,0.38134003,0.190670015,10.1007/s10562-018-2535-9,Ba-Ti-Al2O3,2018,247.0,0.7461299265281326,1.4922598530562652,1.4922598530562652,0.0,17.071752513968153,0,Al-Si-Cs,123.13869086250035,2.995541281293099,1.5965757275671153,168.73000677652732,0.030297053632915336,0.00889699066783325,-1.2156482175765562
0.9696830661945772,0.0,0.0173878262561616,0.0,0.0,0.0,0.0,0.0,0.0,0.0,0.0,0.0,0.0,0.0,0.0,0.0,0.0,0.0,0.0,0.0,0.0,0.0,0.0,0.0,0.0,0.0,0.0,0.0,0.0,0.012929107549261,0.0,0.0,0.0,0.0,MAc,TRX,MeOH,0.5,1.0,0.0,7.199999999999999,663,1,0.451,0.2255,10.1007/s10562-018-2535-9,Ba-gamma-TiAl2O3,2018,310.0,0.7461299265281326,1.4922598530562652,1.4922598530562652,0.0,20.19027581185127,0,Al-Si-Cs,123.13869086250035,2.995541281293099,1.5965757275671153,168.73000677652732,0.030297053632915336,0.00889699066783325,-1.2156482175765562
0.0,0.0,0.0,0.0,0.0,0.0,0.0,0.0,0.0,0.0,0.0,0.0,0.0,0.0,0.0,0.0,0.0,0.0,0.0,0.0,0.0,0.0,0.0,0.0,0.0,1.0,0.0,0.0,0.0,0.0,0.0,0.0,0.0,0.0,MAc,TRX,MeOH,3.0,3.0,0.0,7.199999999999999,663,1,0.0,0.0,10.1007/s11144-018-1419-8,SBA15,2018,857.0,0.9981460601120156,0.3327153533706719,0.9981460601120156,0.0,0.0,2,Si-Cs-P,111.00000000000001,4.0,1.9,0.0,0.0,0.0,-1.8292371528252536
0.0,0.0,0.0,0.0,0.0,0.0909090909090909,0.0,0.0,0.0,0.0,0.0,0.0,0.0,0.0,0.0,0.0,0.0,0.0,0.0,0.0,0.0,0.0,0.0,0.0,0.0,0.9090909090909092,0.0,0.0,0.0,0.0,0.0,0.0,0.0,0.0,MAc,TRX,MeOH,3.0,3.0,0.0,7.199999999999999,663,1,0.0532799,0.1598397,10.1007/s11144-018-1419-8,Ce-SBA15(10),2018,869.0,0.9981460601120156,0.3327153533706719,0.9981460601120156,0.0,3.1908673360897306,2,Si-Cs-P,119.45454545454548,4.0,1.829090909090909,714.7933884297518,0.0,0.050280991735537156,0.7947377021271714
0.0,0.0,0.0,0.0,0.0,0.0873240350214437,0.0,0.0,0.0394750766069558,0.0,0.0,0.0,0.0,0.0,0.0,0.0,0.0,0.0,0.0,0.0,0.0,0.0,0.0,0.0,0.0,0.8732008883716004,0.0,0.0,0.0,0.0,0.0,0.0,0.0,0.0,MAc,TRX,MeOH,3.0,3.0,0.0,7.199999999999999,663,1,0.1733004,0.5199012000000001,10.1007/s11144-018-1419-8,10Cs-Ce-SBA15imp,2018,285.0,0.9981460601120156,0.3327153533706719,0.9981460601120156,0.0,10.378746688550182,2,Si-Cs-P,124.37132044571938,3.881574770179132,1.7880699176495527,1274.747998538794,0.34125115440447695,0.0892368414594987,3.384455662532086
0.0,0.0,0.0,0.0,0.0,0.0863440471020415,0.0,0.0,0.0502154818775429,0.0,0.0,0.0,0.0,0.0,0.0,0.0,0.0,0.0,0.0,0.0,0.0,0.0,0.0,0.0,0.0,0.8634404710204153,0.0,0.0,0.0,0.0,0.0,0.0,0.0,0.0,MAc,TRX,MeOH,3.0,3.0,0.0,7.199999999999999,663,1,0.22425,0.67275,10.1007/s11144-018-1419-8,10Cs-Ce-SBA15(10),2018,372.0,0.9981460601120156,0.3327153533706719,0.9981460601120156,0.0,13.430055238807167,2,Si-Cs-P,125.70865547020304,3.84935355436737,1.7769124583763345,1418.7067765762781,0.4292449853161416,0.09925167057524514,4.050655828655121
0.9650828723177752,0.0,0.0,0.0,0.0,0.0,0.0,0.0,0.0349171276822248,0.0,0.0,0.0,0.0,0.0,0.0,0.0,0.0,0.0,0.0,0.0,0.0,0.0,0.0,0.0,0.0,0.0,0.0,0.0,0.0,0.0,0.0,0.0,0.0,0.0,MAc,TRX,MeOH,5.0,0.75,0.0,2.0,623,1,0.06232,0.3116,10.1039/C6CY00620E,,2016,178.0,0.3887474820078295,0.0777494964015659,0.0583121223011744,0.0,1.453604584723676,0,Al-Si-Cs,125.29480670491365,2.9301657446355507,1.5813679553005757,509.8158600718077,0.13479168750659204,0.022658482669858124,0.016763340507080095
0.9327519273163696,0.0,0.0,0.0,0.0,0.0,0.0,0.0,0.0337473797081572,0.0,0.0,0.0,0.0,0.0,0.0,0.0,0.0,0.0,0.0,0.0,0.0,0.0335006929754734,0.0,0.0,0.0,0.0,0.0,0.0,0.0,0.0,0.0,0.0,0.0,0.0,MAc,TRX,MeOH,5.0,0.75,0.0,2.0,623,1,0.08868,0.4434,10.1039/C6CY00620E,,2016,169.0,0.3887474820078295,0.0777494964015659,0.0583121223011744,0.0,2.0684476022672595,0,Al-Si-Cs,124.68191800244672,2.9995066265346333,1.601757550565086,503.5737232511619,0.2689920473171461,0.03389343326002703,0.4188436802611362
0.9327519273163696,0.0,0.0,0.0,0.0,0.0,0.0,0.0,0.0337473797081572,0.0,0.0,0.0,0.0,0.0,0.0,0.0,0.0,0.0,0.0,0.0,0.0,0.0335006929754734,0.0,0.0,0.0,0.0,0.0,0.0,0.0,0.0,0.0,0.0,0.0,0.0,MAc,TRX,MeOH,5.0,0.75,0.0,3.4,653,1,0.0941999999999999,0.471,10.1039/C6CY00620E,1,2016,169.0,0.6608707194133101,0.132174143882662,0.0991306079119965,0.0,3.735241306124028,0,Al-Si-Cs,124.68191800244672,2.9995066265346333,1.601757550565086,503.5737232511619,0.2689920473171461,0.03389343326002703,0.4188436802611362
0.9327519273163696,0.0,0.0,0.0,0.0,0.0,0.0,0.0,0.0337473797081572,0.0,0.0,0.0,0.0,0.0,0.0,0.0,0.0,0.0,0.0,0.0,0.0,0.0335006929754734,0.0,0.0,0.0,0.0,0.0,0.0,0.0,0.0,0.0,0.0,0.0,0.0,MAc,TRX,None,5.0,0.0,0.0,,623,1,0.0802,0.401,10.1021/acs.iecr.7b02522,,2017,142.0,,,,,,0,Al-Si-Cs,124.68191800244672,2.9995066265346333,1.601757550565086,503.5737232511619,0.2689920473171461,0.03389343326002703,0.4188436802611362
0.8709800370912081,0.0,0.0,0.0,0.0,0.0,0.0,0.0,0.0,0.0,0.0,0.0,0.0,0.0,0.0,0.0,0.0,0.0,0.0,0.0,0.0,0.1290199629087919,0.0,0.0,0.0,0.0,0.0,0.0,0.0,0.0,0.0,0.0,0.0,0.0,MAc,TRX,None,5.0,0.0,0.21,1.2,623,1,0.068710972,0.3435548600000001,10.1002/cjce.22889,,2017,205.52794200665977,0.2510609837849648,0.0502121967569929,0.0,0.0,1.03503865362847,0,Al-Si-Cs,119.19372051927691,3.2580399258175836,1.6848315784870993,22.02526716764195,0.4494952483192234,0.037802550383646674,-0.37657621727758733
0.9630588681995124,0.0,0.0,0.0,0.0,0.0,0.0,0.0,0.0369411318004877,0.0,0.0,0.0,0.0,0.0,0.0,0.0,0.0,0.0,0.0,0.0,0.0,0.0,0.0,0.0,0.0,0.0,0.0,0.0,0.0,0.0,0.0,0.0,0.0,0.0,MAc,TRX,None,5.0,0.0,0.21,1.2,623,1,0.040294268,0.20147134,10.1002/cjce.22889,,2017,220.0,0.2510609837849648,0.0502121967569929,0.0,0.0,0.6069791138985016,0,Al-Si-Cs,125.54375921145999,2.9261177363990245,1.5797082719236002,538.2366352378509,0.1423059383271468,0.023921628232793375,0.11967258497431457
0.8428220595882177,0.0,0.0,0.0,0.0,0.0,0.0,0.0,0.0323290733471101,0.0,0.0,0.0,0.0,0.0,0.0,0.0,0.0,0.0,0.0,0.0,0.0,0.1248488670646721,0.0,0.0,0.0,0.0,0.0,0.0,0.0,0.0,0.0,0.0,0.0,0.0,MAc,TRX,None,5.0,0.0,0.21,1.2,623,1,0.068579456,0.3428972799999999,10.1002/cjce.22889,,2017,204.62842332231585,0.2510609837849648,0.0502121967569929,0.0,0.0,1.0330575414478622,0,Al-Si-Cs,123.22859188278912,3.1850395874351234,1.6559025027528793,508.6103068330708,0.5944721127289679,0.061630188040174394,1.4511921834375738
0.0532854016359133,0.0,0.0,0.0,0.0,0.0,0.0,0.0,0.0,0.0,0.0,0.0,0.0,0.0,0.0,0.0,0.0,0.0,0.0,0.0,0.0,0.1474335738253869,0.0,0.0,0.0,0.7992810245386999,0.0,0.0,0.0,0.0,0.0,0.0,0.0,0.0,MAc,TRX,None,5.0,0.0,0.21,1.2,623,1,0.0802909119999999,0.4014545599999999,10.1002/cjce.22889,1,2017,200.0,0.2510609837849648,0.0502121967569929,0.0,0.0,1.2094749213427218,0,Al-Si-Cs,110.94311972105761,4.094148172189474,1.9273029699349475,7.684241978664955,0.19185509713468143,0.016135013669026706,-1.2133179292223728
0.0598212493079963,0.0,0.0,0.0,0.0,0.0,0.0,0.0,0.0428600110720581,0.0,0.0,0.0,0.0,0.0,0.0,0.0,0.0,0.0,0.0,0.0,0.0,0.0,0.0,0.0,0.0,0.8973187396199455,0.0,0.0,0.0,0.0,0.0,0.0,0.0,0.0,MAc,TRX,None,5.0,0.0,0.21,1.2,623,1,0.060626668,0.30313334,10.1002/cjce.22889,,2017,196.89187032800564,0.2510609837849648,0.0502121967569929,0.0,0.0,0.9132594547010668,0,Al-Si-Cs,117.29859396566368,3.811598717475829,1.8350772254106964,724.4605748401402,0.4100663056997669,0.05362382004831175,1.5298573395585322
0.0513259174405612,0.0,0.0,0.0,0.0,0.0,0.0,0.0,0.0367733776080123,0.0,0.0,0.0,0.0,0.0,0.0,0.0,0.0,0.0,0.0,0.0,0.0,0.1420119433430072,0.0,0.0,0.0,0.7698887616084192,0.0,0.0,0.0,0.0,0.0,0.0,0.0,0.0,MAc,TRX,None,5.0,0.0,0.21,1.2,623,1,0.080091472,0.40045736,10.1002/cjce.22889,,2017,198.9156599237369,0.2510609837849648,0.0502121967569929,0.0,0.0,1.2064706251863575,0,Al-Si-Cs,115.83607062289923,3.980365893078409,1.8854804983668156,634.5014802760049,0.5239127611010707,0.06135737671505401,1.6356138206265454
0.0,0.0,0.0,0.0,0.0,0.0,0.0,0.0,0.0,0.0,0.0,0.0,0.0,0.0,0.0,0.0,0.0,0.0,0.0,0.0,0.0,0.1486335042281489,0.0,0.0,0.0,0.8513664957718511,0.0,0.0,0.0,0.0,0.0,0.0,0.0,0.0,MAc,TRX,None,5.0,0.0,0.21,1.2,623,1,0.0096421399999999,0.0482106999999999,10.1002/cjce.22889,,2017,165.4504863424888,0.2510609837849648,0.0502121967569929,0.0,0.0,0.1452459092515416,2,Si-Cs-P,110.40546598308741,4.148633504228149,1.943103716226163,2.02466537038417,0.12654158564900975,0.010642147353081721,-1.4302840533540255
0.0,0.0,0.0,0.0,0.0,0.0,0.0,0.0,0.0432520172785346,0.0,0.0,0.0,0.0,0.0,0.0,0.0,0.0,0.0,0.0,0.0,0.0,0.0,0.0,0.0,0.0,0.9567479827214652,0.0,0.0,0.0,0.0,0.0,0.0,0.0,0.0,MAc,TRX,None,5.0,0.0,0.21,1.2,623,1,0.003708474,0.01854237,10.1002/cjce.22889,,2017,168.58689148711707,0.2510609837849648,0.0502121967569929,0.0,0.0,0.0558631878468578,2,Si-Cs-P,116.75251829804509,3.8702439481643953,1.851990260820826,731.9934668706546,0.37243152251884754,0.050985875432830216,1.4402494197831175
0.0,0.0,0.0,0.0,0.0,0.0,0.0,0.0,0.03706157609873,0.0,0.0,0.0,0.0,0.0,0.0,0.0,0.0,0.0,0.0,0.0,0.0,0.1431249123003765,0.0,0.0,0.0,0.8198135116008936,0.0,0.0,0.0,0.0,0.0,0.0,0.0,0.0,MAc,TRX,None,5.0,0.0,0.21,1.2,623,1,0.00996246,0.0498123,10.1002/cjce.22889,,2017,165.03519207529197,0.2510609837849648,0.0502121967569929,0.0,0.0,0.1500711005111016,2,Si-Cs-P,115.3566899719296,4.031940184004187,1.9003678750975188,638.8914706957291,0.47565892183472513,0.05770023770361952,1.5031191503462662
0.0,0.0,0.0,0.0,0.0,0.0,0.0,0.0,0.0,0.0,0.0,0.0,0.0,0.0,0.0,0.0,0.0,0.0,0.0,0.0,0.0,0.1486335042281489,0.0,0.0,0.0,0.8513664957718511,0.0,0.0,0.0,0.0,0.0,0.0,0.0,0.0,MAc,TRX,None,5.0,0.0,0.21,1.2,623,1,0.014416364,0.07208182,10.1002/cjce.22889,,2017,204.07836097718652,0.2510609837849648,0.0502121967569929,0.0,0.0,0.217163191706529,2,Si-Cs-P,110.40546598308741,4.148633504228149,1.943103716226163,2.02466537038417,0.12654158564900975,0.010642147353081721,-1.4302840533540255
0.0,0.0,0.0,0.0,0.0,0.0,0.0,0.0,0.0432520172785346,0.0,0.0,0.0,0.0,0.0,0.0,0.0,0.0,0.0,0.0,0.0,0.0,0.0,0.0,0.0,0.0,0.9567479827214652,0.0,0.0,0.0,0.0,0.0,0.0,0.0,0.0,MAc,TRX,None,5.0,0.0,0.21,1.2,623,1,0.0030778159999999,0.01538908,10.1002/cjce.22889,,2017,216.8214666579007,0.2510609837849648,0.0502121967569929,0.0,0.0,0.0463631707721463,2,Si-Cs-P,116.75251829804509,3.8702439481643953,1.851990260820826,731.9934668706546,0.37243152251884754,0.050985875432830216,1.4402494197831175
0.0,0.0,0.0,0.0,0.0,0.0,0.0,0.0,0.03706157609873,0.0,0.0,0.0,0.0,0.0,0.0,0.0,0.0,0.0,0.0,0.0,0.0,0.1431249123003765,0.0,0.0,0.0,0.8198135116008936,0.0,0.0,0.0,0.0,0.0,0.0,0.0,0.0,MAc,TRX,None,5.0,0.0,0.21,1.2,623,1,0.014667932,0.07333966,10.1002/cjce.22889,,2017,199.2651405350389,0.2510609837849648,0.0502121967569929,0.0,0.0,0.2209527262806579,2,Si-Cs-P,115.3566899719296,4.031940184004187,1.9003678750975188,638.8914706957291,0.47565892183472513,0.05770023770361952,1.5031191503462662
0.0532854016359133,0.0,0.0,0.0,0.0,0.0,0.0,0.0,0.0,0.0,0.0,0.0,0.0,0.0,0.0,0.0,0.0,0.0,0.0,0.0,0.0,0.1474335738253869,0.0,0.0,0.0,0.7992810245386999,0.0,0.0,0.0,0.0,0.0,0.0,0.0,0.0,MAc,TRX,None,5.0,0.0,0.21,1.2,623,1,0.01827675,0.09138375,10.1002/cjce.22889,,2017,260.21058583860645,0.2510609837849648,0.0502121967569929,0.0,0.0,0.2753147301235113,0,Al-Si-Cs,110.94311972105761,4.094148172189474,1.9273029699349475,7.684241978664955,0.19185509713468143,0.016135013669026706,-1.2133179292223728
0.0598212493079963,0.0,0.0,0.0,0.0,0.0,0.0,0.0,0.0428600110720581,0.0,0.0,0.0,0.0,0.0,0.0,0.0,0.0,0.0,0.0,0.0,0.0,0.0,0.0,0.0,0.0,0.8973187396199455,0.0,0.0,0.0,0.0,0.0,0.0,0.0,0.0,MAc,TRX,None,5.0,0.0,0.21,1.2,623,1,0.00569906,0.0284953,10.1002/cjce.22889,,2017,262.22479774951205,0.2510609837849648,0.0502121967569929,0.0,0.0,0.0858486966149724,0,Al-Si-Cs,117.29859396566368,3.811598717475829,1.8350772254106964,724.4605748401402,0.4100663056997669,0.05362382004831175,1.5298573395585322
0.0513259174405612,0.0,0.0,0.0,0.0,0.0,0.0,0.0,0.0367733776080123,0.0,0.0,0.0,0.0,0.0,0.0,0.0,0.0,0.0,0.0,0.0,0.0,0.1420119433430072,0.0,0.0,0.0,0.7698887616084192,0.0,0.0,0.0,0.0,0.0,0.0,0.0,0.0,MAc,TRX,None,5.0,0.0,0.21,1.2,623,1,0.017905914,0.08952957,10.1002/cjce.22889,,2017,262.22284001915136,0.2510609837849648,0.0502121967569929,0.0,0.0,0.2697285830645384,0,Al-Si-Cs,115.83607062289923,3.980365893078409,1.8854804983668156,634.5014802760049,0.5239127611010707,0.06135737671505401,1.6356138206265454
0.9630588681995124,0.0,0.0,0.0,0.0,0.0,0.0,0.0,0.0369411318004877,0.0,0.0,0.0,0.0,0.0,0.0,0.0,0.0,0.0,0.0,0.0,0.0,0.0,0.0,0.0,0.0,0.0,0.0,0.0,0.0,0.0,0.0,0.0,0.0,0.0,EAc,TRX,EtOH,5.0,1.0,0.0,1.288659793814433,623,1,0.0608443199999999,0.3042216,10.1016/j.jiec.2016.11.002,,2017,204.0,0.1960189924641642,0.0392037984928328,0.0392037984928328,0.0,0.7155985382140317,0,Al-Si-Cs,125.54375921145999,2.9261177363990245,1.5797082719236002,538.2366352378509,0.1423059383271468,0.023921628232793375,0.11967258497431457
0.9193411975625972,0.0,0.0,0.0,0.0,0.0,0.0,0.0,0.035264203954916,0.0,0.0,0.0,0.0,0.0,0.0,0.0,0.0,0.0,0.0,0.0,0.0,0.0453945984824868,0.0,0.0,0.0,0.0,0.0,0.0,0.0,0.0,0.0,0.0,0.0,0.0,EAc,TRX,EtOH,5.0,1.0,0.0,1.288659793814433,623,1,0.25128879,1.25644395,10.1016/j.jiec.2016.11.002,,2017,199.0,0.1960189924641642,0.0392037984928328,0.0392037984928328,0.0,2.9554425260003363,0,Al-Si-Cs,124.70197270769985,3.0202607890551416,1.6074122198768115,528.704881007937,0.32222471017647425,0.0389756970628281,0.6557947284022733
0.9162763025301396,0.0,0.0,0.0,0.0,0.0033337949398801,0.0,0.0,0.0351466403302122,0.0,0.0,0.0,0.0,0.0,0.0,0.0,0.0,0.0,0.0,0.0,0.0,0.045243262199768,0.0,0.0,0.0,0.0,0.0,0.0,0.0,0.0,0.0,0.0,0.0,0.0,EAc,TRX,EtOH,5.0,1.0,0.0,1.288659793814433,623,1,0.31377681,1.56888405,10.1016/j.jiec.2016.11.002,1,2017,198.0,0.1960189924641642,0.0392037984928328,0.0392037984928328,0.0,3.690372849289169,0,Al-Si-Cs,124.96633606982938,3.023527038678991,1.6057872874845502,547.8358924689392,0.3243398835107981,0.03963513158036401,0.7169292873018559
0.5,0.0,0.0,0.0,0.0,0.0,0.0,0.0,0.0,0.0,0.0,0.0,0.0,0.0,0.0,0.0,0.0,0.0,0.0,0.0,0.0,0.0,0.0,0.0,0.0,0.5,0.0,0.0,0.0,0.0,0.0,0.0,0.0,0.0,MAc,FORM,"MeOH 
+ H$_2$O",5.0,2.581311926474605,0.0,1.2,643,1,0.0573276,0.286638,10.1016/j.micromeso.2017.07.045,,2018,350.0,0.2115326460031463,0.0423065292006292,0.013931948185236,0.0952744002080943,0.7275995350205983,0,Al-Si-Cs,116.0,3.5,1.755,24.99999999999993,0.25,0.021024999999999974,-0.9907676174736405
0.4897680775965186,0.0,0.0,0.0,0.0,0.0,0.0,0.0,0.0204638448069625,0.0,0.0,0.0,0.0,0.0,0.0,0.0,0.0,0.0,0.0,0.0,0.0,0.0,0.0,0.0,0.0,0.4897680775965187,0.0,0.0,0.0,0.0,0.0,0.0,0.0,0.0,MAc,FORM,"MeOH 
+ H$_2$O",5.0,2.581311926474605,0.0,1.2,643,1,0.0602299999999999,0.30115,10.1016/j.micromeso.2017.07.045,,2018,196.17824984341027,0.2115326460031463,0.0423065292006292,0.013931948185236,0.0952744002080943,0.7644366761261702,0,Al-Si-Cs,118.61937213529119,3.4488403879825933,1.7352523897612806,352.9069268139594,0.37016576294000336,0.03926122343315688,0.3161789451499071
0.4208137646001544,0.0,0.0,0.0,0.0,0.0,0.0,0.0,0.0527482371677082,0.0,0.0,0.0,0.0,0.0,0.0,0.0,0.0,0.0,0.0,0.0,0.0,0.1056242336319828,0.0,0.0,0.0,0.4208137646001545,0.0,0.0,0.0,0.0,0.0,0.0,0.0,0.0,MAc,FORM,"MeOH 
+ H$_2$O",5.0,2.581311926474605,0.0,1.2,643,1,0.077025,0.385125,10.1016/j.micromeso.2017.07.045,,2018,196.250627487206,0.2115326460031463,0.0423065292006292,0.013931948185236,0.0952744002080943,0.9775981235035408,0,Al-Si-Cs,121.80115625477879,3.5265657575287035,1.7500444927630738,860.1699550175701,0.7770321507971409,0.08677788451497224,3.0392950148622484
0.4442470113139903,0.0,0.0,0.0,0.0,0.0,0.0,0.0,0.0,0.0,0.0,0.0,0.0,0.0,0.0,0.0,0.0,0.0,0.0,0.0,0.0,0.1115059773720191,0.0,0.0,0.0,0.4442470113139903,0.0,0.0,0.0,0.0,0.0,0.0,0.0,0.0,MAc,TRX,None,5.0,0.0,0.0,1.2,643,1,0.086,0.43,10.1016/j.micromeso.2017.07.045,Trioxane,2018,196.15788602134543,0.2510609837849648,0.0502121967569929,0.0,0.0,1.295474676330418,0,Al-Si-Cs,114.9964462036518,3.6672589660580277,1.8035051001568279,30.23721451066819,0.44503639301723735,0.03742756065274963,-0.3707997893313076
0.4442470113139903,0.0,0.0,0.0,0.0,0.0,0.0,0.0,0.0,0.0,0.0,0.0,0.0,0.0,0.0,0.0,0.0,0.0,0.0,0.0,0.0,0.1115059773720191,0.0,0.0,0.0,0.4442470113139903,0.0,0.0,0.0,0.0,0.0,0.0,0.0,0.0,MAc,FORM,"MeOH 
+ H$_2$O",5.0,2.581311926474605,0.0,1.2,643,1,0.086,0.43,10.1016/j.micromeso.2017.07.045,Formalin,2018,196.15788602134543,0.2115326460031463,0.0423065292006292,0.013931948185236,0.0952744002080943,1.091508453376235,0,Al-Si-Cs,114.9964462036518,3.6672589660580277,1.8035051001568279,30.23721451066819,0.44503639301723735,0.03742756065274963,-0.3707997893313076
0.8546766747470742,0.0,0.0,0.0,0.0,0.0,0.0,0.0,0.0384887409095415,0.0,0.0,0.0,0.0,0.0,0.0,0.0,0.0,0.0,0.0,0.0,0.0,0.1068345843433842,0.0,0.0,0.0,0.0,0.0,0.0,0.0,0.0,0.0,0.0,0.0,0.0,MAc,TRX,MeOH,0.5,1.0,0.0,1.7142857142857142,643,1,0.212,0.106,10.1016/j.cjche.2021.11.025,1,2022,245.0,0.1776499825066982,0.3552999650133965,0.3552999650133965,0.0,2.2597077774852017,0,Al-Si-Cs,124.23843095106622,3.136691686867685,1.6404032913733388,592.7483047269329,0.5626086837529695,0.060894623434357996,1.5887008879878837
0.8546766747470742,0.0,0.0,0.0,0.0,0.0,0.0,0.0,0.0384887409095415,0.0,0.0,0.0,0.0,0.0,0.0,0.0,0.0,0.0,0.0,0.0,0.0,0.1068345843433842,0.0,0.0,0.0,0.0,0.0,0.0,0.0,0.0,0.0,0.0,0.0,0.0,MAc,TRX,MeOH,0.5,1.0,0.0,1.7142857142857142,663,1,0.225,0.1125,10.1016/j.cjche.2021.11.025,,2022,245.0,0.1776499825066982,0.3552999650133965,0.3552999650133965,0.0,2.3982747638404263,0,Al-Si-Cs,124.23843095106622,3.136691686867685,1.6404032913733388,592.7483047269329,0.5626086837529695,0.060894623434357996,1.5887008879878837
0.7824239977556576,0.0,0.0,0.0,0.0,0.0,0.0,0.0,0.0,0.0,0.0,0.1197730025248853,0.0,0.0,0.0,0.0,0.0,0.0,0.0,0.0,0.0,0.0978029997194571,0.0,0.0,0.0,0.0,0.0,0.0,0.0,0.0,0.0,0.0,0.0,0.0,MAc,TRX,MeOH,0.5,1.0,0.0,1.7142857142857142,663,1,0.193,0.0965,10.1016/j.cjche.2021.11.025,,2022,243.29623509398132,0.1776499825066982,0.3552999650133965,0.3552999650133965,0.0,2.057186797427566,0,Al-Si-Cs,129.45214421096819,2.9560599943891432,1.5721050678426258,753.0843151593388,0.8683732848842876,0.1062152340981943,3.280680666471538
0.7218447268807011,0.0,0.0,0.0,0.0,0.0,0.0,0.0,0.0,0.0,0.0,0.0,0.0,0.0,0.0,0.0,0.0,0.1879246822592112,0.0,0.0,0.0,0.0902305908600876,0.0,0.0,0.0,0.0,0.0,0.0,0.0,0.0,0.0,0.0,0.0,0.0,MAc,TRX,MeOH,0.5,1.0,0.0,1.7142857142857142,663,1,0.173,0.0865,10.1016/j.cjche.2021.11.025,,2022,242.4752342504959,0.1776499825066982,0.3552999650133965,0.3552999650133965,0.0,1.8440068184195275,0,Al-Si-Cs,128.19338242962326,2.804611817201752,1.534544958762587,346.487926604667,1.074444550499994,0.11155648059385306,2.73132907236176
0.8557371303616709,0.0,0.0372957283431203,0.0,0.0,0.0,0.0,0.0,0.0,0.0,0.0,0.0,0.0,0.0,0.0,0.0,0.0,0.0,0.0,0.0,0.0,0.1069671412952088,0.0,0.0,0.0,0.0,0.0,0.0,0.0,0.0,0.0,0.0,0.0,0.0,MAc,TRX,MeOH,0.5,1.0,0.0,1.7142857142857142,663,1,0.203,0.1015,10.1016/j.cjche.2021.11.025,,2022,244.31113762034465,0.1776499825066982,0.3552999650133965,0.3552999650133965,0.0,2.1637767869315847,0,Al-Si-Cs,123.00825848612038,3.1766385542472975,1.6451880175441744,346.4775131865974,0.43396311467738014,0.054079655326092664,0.6710171017503528
0.784721529772107,0.0,0.0,0.0,0.1171882790063796,0.0,0.0,0.0,0.0,0.0,0.0,0.0,0.0,0.0,0.0,0.0,0.0,0.0,0.0,0.0,0.0,0.0980901912215133,0.0,0.0,0.0,0.0,0.0,0.0,0.0,0.0,0.0,0.0,0.0,0.0,MAc,TRX,MeOH,0.5,1.0,0.0,1.7142857142857142,663,1,0.185,0.0925,10.1016/j.cjche.2021.11.025,,2022,243.32943616905445,0.1776499825066982,0.3552999650133965,0.3552999650133965,0.0,1.9719148058243503,0,Al-Si-Cs,126.07209266824968,3.0789921034366468,1.5954074607145858,347.9940974384026,0.5033092914870868,0.07639035674239458,1.1896537523468482
0.729260782917656,0.0,0.0,0.0,0.0,0.0,0.0,0.0,0.0,0.0,0.0,0.0,0.0,0.0,0.179581619217637,0.0,0.0,0.0,0.0,0.0,0.0,0.091157597864707,0.0,0.0,0.0,0.0,0.0,0.0,0.0,0.0,0.0,0.0,0.0,0.0,MAc,TRX,MeOH,0.5,1.0,0.0,1.7142857142857142,663,1,0.174,0.087,10.1016/j.cjche.2021.11.025,,2022,242.5697165553056,0.1776499825066982,0.3552999650133965,0.3552999650133965,0.0,1.8546658173699293,0,Al-Si-Cs,123.31542601424684,3.0027335765117766,1.608996920996239,84.33833924108636,0.5442045382359192,0.046826755483786967,0.0868158945787513
0.888888888888889,0.0,0.0,0.0,0.0,0.0,0.0,0.0,0.0,0.0,0.0,0.0,0.0,0.0,0.0,0.0,0.0,0.0,0.0,0.0,0.0,0.1111111111111111,0.0,0.0,0.0,0.0,0.0,0.0,0.0,0.0,0.0,0.0,0.0,0.0,MAc,TRX,MeOH,0.5,1.0,0.0,1.7142857142857142,663,1,0.141,0.0705,10.1016/j.cjche.2021.11.025,,2022,327.0,0.1776499825066982,0.3552999650133965,0.3552999650133965,0.0,1.5029188520066672,0,Al-Si-Cs,119.44444444444444,3.2222222222222223,1.6744444444444446,19.358024691358022,0.39506172839506176,0.03322469135802467,-0.552492310437328
0.5,0.0,0.0,0.0,0.0,0.0,0.0,0.0,0.0,0.0,0.0,0.0,0.0,0.0,0.0,0.0,0.0,0.0,0.0,0.0,0.0,0.5,0.0,0.0,0.0,0.0,0.0,0.0,0.0,0.0,0.0,0.0,0.0,0.0,MAc,TRX,MeOH,0.5,1.0,0.0,1.7142857142857142,663,1,0.1087,0.05435,10.1016/j.cjche.2021.11.025,,2022,126.0,0.1776499825066982,0.3552999650133965,0.3552999650133965,0.0,1.158633185908686,0,Al-Si-Cs,114.0,4.0,1.9,49.0,1.0,0.08409999999999995,1.4025232294691827
0.5,0.0,0.0,0.0,0.0,0.0,0.0,0.0,0.0,0.0,0.0,0.0,0.0,0.0,0.0,0.0,0.0,0.0,0.0,0.0,0.0,0.5,0.0,0.0,0.0,0.0,0.0,0.0,0.0,0.0,0.0,0.0,0.0,0.0,MAc,TRX,MeOH,0.5,1.0,0.0,1.7142857142857142,663,1,0.0,0.0,10.1016/j.cjche.2021.11.025,,2022,1.9,0.1776499825066982,0.3552999650133965,0.3552999650133965,0.0,0.0,0,Al-Si-Cs,114.0,4.0,1.9,49.0,1.0,0.08409999999999995,1.4025232294691827
1.0,0.0,0.0,0.0,0.0,0.0,0.0,0.0,0.0,0.0,0.0,0.0,0.0,0.0,0.0,0.0,0.0,0.0,0.0,0.0,0.0,0.0,0.0,0.0,0.0,0.0,0.0,0.0,0.0,0.0,0.0,0.0,0.0,0.0,MAc,TRX,MeOH,0.5,1.0,0.0,1.7142857142857142,663,1,0.111,0.0555,10.1016/j.cjche.2021.11.025,,2022,246.0,0.1776499825066982,0.3552999650133965,0.3552999650133965,0.0,1.1831488834946104,0,Al-Si-Cs,121.0,3.0,1.61,0.0,0.0,0.0,-1.8292371528252536
0.0,0.0,0.0,0.0,0.0,0.0,0.0,0.0,0.0,0.0,0.0,0.0,0.0,0.0,0.0,0.0,0.0,0.0,0.0,0.0,0.0,0.0,0.0,0.0,0.0,1.0,0.0,0.0,0.0,0.0,0.0,0.0,0.0,0.0,MAc,TRX,MeOH,1.0,2.0,0.0,1.2,628,1,0.0008682599999999,0.0008682599999999,10.1021/acs.iecr.1c04460,,2022,240.0,0.1243782115317232,0.1243782115317232,0.2487564230634464,0.0,0.006479557556672,2,Si-Cs-P,111.00000000000001,4.0,1.9,0.0,0.0,0.0,-1.8292371528252536
0.0341493681948184,0.0,0.0,0.0,0.0,0.0,0.0,0.0,0.0,0.0,0.0,0.0,0.0,0.0,0.0,0.0,0.0,0.0,0.0,0.0,0.0,0.0,0.0,0.0,0.0,0.9658506318051816,0.0,0.0,0.0,0.0,0.0,0.0,0.0,0.0,MAc,TRX,MeOH,1.0,2.0,0.0,1.2,628,1,0.05075648,0.05075648,10.1021/acs.iecr.1c04460,,2022,290.0,0.1243782115317232,0.1243782115317232,0.2487564230634464,0.0,0.3787800123627407,0,Al-Si-Cs,111.3414936819482,3.9658506318051816,1.8900966832235024,3.2983188846713025,0.03298318884671312,0.00277388618200857,-1.7186155567183814
0.032798570720447,0.0,0.0,0.0,0.0,0.0,0.0,0.0,0.0395555626875822,0.0,0.0,0.0,0.0,0.0,0.0,0.0,0.0,0.0,0.0,0.0,0.0,0.0,0.0,0.0,0.0,0.9276458665919708,0.0,0.0,0.0,0.0,0.0,0.0,0.0,0.0,MAc,TRX,MeOH,1.0,2.0,0.0,1.2,628,1,0.2,0.2,10.1021/acs.iecr.1c04460,1,2022,249.0,0.1243782115317232,0.1243782115317232,0.2487564230634464,0.0,1.4925385383806786,0,Al-Si-Cs,116.58887554465292,3.8485347412168065,1.8465817399078541,671.7426755990668,0.365856910290427,0.048641258073687466,1.2429917415503786
0.032798570720447,0.0,0.0,0.0,0.0,0.0,0.0,0.0,0.0395555626875822,0.0,0.0,0.0,0.0,0.0,0.0,0.0,0.0,0.0,0.0,0.0,0.0,0.0,0.0,0.0,0.0,0.9276458665919708,0.0,0.0,0.0,0.0,0.0,0.0,0.0,0.0,MAc,TRX,MeOH,0.6666666666666666,2.0,0.0,1.2,628,1,0.275,0.1833333333333333,10.1021/acs.iecr.1c04460,,2022,249.0,0.0993187503178147,0.1489781254767221,0.2979562509534442,0.0,1.6387593802439433,0,Al-Si-Cs,116.58887554465292,3.8485347412168065,1.8465817399078541,671.7426755990668,0.365856910290427,0.048641258073687466,1.2429917415503786
0.0,0.0,0.0,0.0,0.0,0.0,0.0,0.0,0.0408969233193196,0.0,0.0,0.0,0.0,0.0,0.0,0.0,0.0,0.0,0.0,0.0,0.0,0.0,0.0,0.0,0.0,0.9591030766806804,0.0,0.0,0.0,0.0,0.0,0.0,0.0,0.0,MAc,TRX,MeOH,0.5,1.0,0.0,1.2,623,1,0.146,0.073,10.1021/acs.iecr.2c00444,,2022,174.0,0.1243549877546888,0.2487099755093776,0.2487099755093776,0.0,1.0893496927310735,2,Si-Cs-P,116.43929080146953,3.8773092300420413,1.8546044151155552,693.8397921724935,0.3530192848409996,0.04832834009473284,1.269834063954063
0.032798570720447,0.0,0.0,0.0,0.0,0.0,0.0,0.0,0.0395555626875822,0.0,0.0,0.0,0.0,0.0,0.0,0.0,0.0,0.0,0.0,0.0,0.0,0.0,0.0,0.0,0.0,0.9276458665919708,0.0,0.0,0.0,0.0,0.0,0.0,0.0,0.0,MAc,TRX,MeOH,0.5,1.0,0.0,1.2,623,1,0.285,0.1425,10.1021/acs.iecr.2c00444,1,2022,232.0,0.1243549877546888,0.2487099755093776,0.2487099755093776,0.0,2.1264702906051784,0,Al-Si-Cs,116.58887554465292,3.8485347412168065,1.8465817399078541,671.7426755990668,0.365856910290427,0.048641258073687466,1.2429917415503786
0.032798570720447,0.0,0.0,0.0,0.0,0.0,0.0,0.0,0.0395555626875822,0.0,0.0,0.0,0.0,0.0,0.0,0.0,0.0,0.0,0.0,0.0,0.0,0.0,0.0,0.0,0.0,0.9276458665919708,0.0,0.0,0.0,0.0,0.0,0.0,0.0,0.0,MAc,TRX,MeOH,0.5,1.0,0.0,1.2,663,1,0.502,0.251,10.1021/acs.iecr.2c00444,,2022,232.0,0.1243549877546888,0.2487099755093776,0.2487099755093776,0.0,3.7455722311712254,0,Al-Si-Cs,116.58887554465292,3.8485347412168065,1.8465817399078541,671.7426755990668,0.365856910290427,0.048641258073687466,1.2429917415503786
0.9630588681995124,0.0,0.0,0.0,0.0,0.0,0.0,0.0,0.0369411318004877,0.0,0.0,0.0,0.0,0.0,0.0,0.0,0.0,0.0,0.0,0.0,0.0,0.0,0.0,0.0,0.0,0.0,0.0,0.0,0.0,0.0,0.0,0.0,0.0,0.0,MAc,TRX,MeOH,1.0,2.0,0.0,3.08,633,1,0.076245,0.076245,10.1021/acs.iecr.2c03415,,2022,220.0,0.3192374095980896,0.3192374095980896,0.6384748191961792,0.0,1.4604153776883804,0,Al-Si-Cs,125.54375921145999,2.9261177363990245,1.5797082719236002,538.2366352378509,0.1423059383271468,0.023921628232793375,0.11967258497431457
0.9146333447990858,0.0,0.0,0.0,0.0,0.0,0.0,0.0,0.0,0.0,0.0,0.0,0.0,0.0,0.0,0.0,0.0,0.0,0.0,0.0,0.0,0.0,0.0,0.0,0.0,0.0853666552009142,0.0,0.0,0.0,0.0,0.0,0.0,0.0,0.0,MAc,TRX,MeOH,1.0,2.0,0.0,3.08,633,1,0.036456,0.036456,10.1021/acs.iecr.2c03415,,2022,238.0,0.3192374095980896,0.3192374095980896,0.6384748191961792,0.0,0.6982871402584774,0,Al-Si-Cs,120.14633344799086,3.0853666552009145,1.634756330008265,7.807918938072222,0.07807918938072243,0.006566459826918748,-1.567369066262514
0.883632324501284,0.0,0.0,0.0,0.0,0.0,0.0,0.0,0.0338944785624578,0.0,0.0,0.0,0.0,0.0,0.0,0.0,0.0,0.0,0.0,0.0,0.0,0.0,0.0,0.0,0.0,0.0824731969362581,0.0,0.0,0.0,0.0,0.0,0.0,0.0,0.0,MAc,TRX,MeOH,1.0,2.0,0.0,3.08,633,1,0.178192,0.178192,10.1021/acs.iecr.2c03415,,2022,191.0,0.3192374095980896,0.3192374095980896,0.6384748191961792,0.0,3.4131331494661667,0,Al-Si-Cs,124.34428889381972,3.0146842398113423,1.6061237546902993,509.8526176597239,0.21783548428725227,0.029711617970034947,0.276740446429439
0.883632324501284,0.0,0.0,0.0,0.0,0.0,0.0,0.0,0.0338944785624578,0.0,0.0,0.0,0.0,0.0,0.0,0.0,0.0,0.0,0.0,0.0,0.0,0.0,0.0,0.0,0.0,0.0824731969362581,0.0,0.0,0.0,0.0,0.0,0.0,0.0,0.0,MAc,TRX,MeOH,0.5,0.5,0.0,3.08,633,1,0.2364479999999999,0.1182239999999999,10.1021/acs.iecr.2c03415,1,2022,191.0,0.4268070194254403,0.8536140388508807,0.4268070194254403,0.0,6.055059967746391,0,Al-Si-Cs,124.34428889381972,3.0146842398113423,1.6061237546902993,509.8526176597239,0.21783548428725227,0.029711617970034947,0.276740446429439
0.0476190476190476,0.0,0.0,0.0,0.0,0.0,0.0,0.0,0.0,0.0,0.0,0.0,0.0,0.0,0.0,0.0,0.0,0.0,0.0,0.0,0.0,0.0,0.0,0.0,0.0,0.9523809523809524,0.0,0.0,0.0,0.0,0.0,0.0,0.0,0.0,MAc,TRX,MeOH,1.0,2.0,0.0,2.0,633,1,0.02296,0.02296,10.1016/j.cej.2023.145655,,2023,615.0,0.2072970192195386,0.2072970192195386,0.4145940384390773,0.0,0.2855723736768365,0,Al-Si-Cs,111.4761904761905,3.9523809523809526,1.8861904761904762,4.535147392290235,0.04535147392290247,0.0038140589569160936,-1.6771338357546661
0.0441513128838737,0.0,0.0,0.0,0.0,0.0,0.0,0.0,0.0728224294386516,0.0,0.0,0.0,0.0,0.0,0.0,0.0,0.0,0.0,0.0,0.0,0.0,0.0,0.0,0.0,0.0,0.8830262576774747,0.0,0.0,0.0,0.0,0.0,0.0,0.0,0.0,MAc,TRX,MeOH,1.0,2.0,0.0,2.0,653,1,0.43148475,0.43148475,10.1016/j.cej.2023.145655,1,2023,348.0,0.2072970192195386,0.2072970192195386,0.4145940384390773,0.0,5.36673015082127,0,Al-Si-Cs,121.1268962441794,3.7373813988001716,1.8063632225867732,1190.0170580883205,0.6305846481355836,0.08466979464056223,3.558244526765249
0.0441513128838737,0.0,0.0,0.0,0.0,0.0,0.0,0.0,0.0728224294386516,0.0,0.0,0.0,0.0,0.0,0.0,0.0,0.0,0.0,0.0,0.0,0.0,0.0,0.0,0.0,0.0,0.8830262576774747,0.0,0.0,0.0,0.0,0.0,0.0,0.0,0.0,MAc,TRX,MeOH,1.0,2.0,0.0,3.2,653,1,0.396404,0.396404,10.1016/j.cej.2023.145655,,2023,348.0,0.3316752307512619,0.3316752307512619,0.6633504615025237,0.0,7.888643290243393,0,Al-Si-Cs,121.1268962441794,3.7373813988001716,1.8063632225867732,1190.0170580883205,0.6305846481355836,0.08466979464056223,3.558244526765249
0.0,0.0,0.0,0.0,0.0,0.0,0.0,0.0,0.0408969233193196,0.0,0.0,0.0,0.0,0.0,0.0,0.0,0.0,0.0,0.0,0.0,0.0,0.0,0.0,0.0,0.0,0.9591030766806804,0.0,0.0,0.0,0.0,0.0,0.0,0.0,0.0,MAc,TRX,MeOH,1.0,2.0,0.0,1.2,633,1,0.1347192,0.1347192,10.1080/00219592.2023.2300818,,2024,200.0,0.1243782115317232,0.1243782115317232,0.2487564230634464,0.0,1.0053679892990717,2,Si-Cs-P,116.43929080146953,3.8773092300420413,1.8546044151155552,693.8397921724935,0.3530192848409996,0.04832834009473284,1.269834063954063
0.0,0.0,0.0,0.0,0.0,0.0,0.0,0.0,0.0399624839678831,0.0,0.0,0.0,0.0,0.0,0.0,0.0,0.0,0.0,0.0,0.0,0.0,0.0,0.0,0.0,0.0,0.9371888693468784,0.0,0.0,0.0,0.0,0.0,0.0,0.0,0.0228486466852382,MAc,TRX,MeOH,1.0,2.0,0.0,1.2,633,1,0.28612752,0.28612752,10.1080/00219592.2023.2300818,1,2024,239.0,0.1243782115317232,0.1243782115317232,0.2487564230634464,0.0,2.135281752456442,2,Si-Cs-P,117.77732375558368,3.8801125480963496,1.8426179141850634,754.5523184426205,0.34528935458699805,0.05336859803238997,1.4943939232890218
0.0,0.0,0.0,0.0,0.0,0.0,0.0,0.0,0.0408969233193196,0.0,0.0,0.0,0.0,0.0,0.0,0.0,0.0,0.0,0.0,0.0,0.0,0.0,0.0,0.0,0.0,0.9591030766806804,0.0,0.0,0.0,0.0,0.0,0.0,0.0,0.0,MAc,TRX,MeOH,0.5,1.0,0.0,1.2,633,1,0.1784,0.0892,10.1021/acs.iecr.4c00771,,2024,114.0,0.1243549877546888,0.2487099755093776,0.2487099755093776,0.0,1.331095788926189,2,Si-Cs-P,116.43929080146953,3.8773092300420413,1.8546044151155552,693.8397921724935,0.3530192848409996,0.04832834009473284,1.269834063954063
0.0,0.0,0.0,0.0,0.0,0.0,0.0,0.0,0.0403310882825226,0.0,0.0,0.0,0.0,0.0,0.0,0.0,0.0,0.0,0.0,0.0,0.0,0.0,0.0,0.0,0.0,0.9458332734622712,0.0,0.0,0.0,0.0,0.0,0.0,0.0,0.0138356382552061,MAc,TRX,MeOH,0.5,1.0,0.0,1.2,643,1,0.449,0.2245,10.1021/acs.iecr.4c00771,,2024,224.0,0.1243549877546888,0.2487099755093776,0.2487099755093776,0.0,3.350123370111316,2,Si-Cs-P,117.2495155899087,3.8790067351524318,1.8473461782009322,731.0309498143545,0.3483404244042297,0.05141470779196458,1.4074624786675884
0.0,0.0,0.0,0.0,0.0,0.0,0.0,0.0,0.0403310882825226,0.0,0.0,0.0,0.0,0.0,0.0,0.0,0.0,0.0,0.0,0.0,0.0,0.0,0.0,0.0,0.0,0.9458332734622712,0.0,0.0,0.0,0.0,0.0,0.0,0.0,0.0138356382552061,MAc,TRX,MeOH,2.0,2.0,0.0,1.2,643,1,0.2376,0.4752,10.1021/acs.iecr.4c00771,1,2024,224.0,0.166350751335778,0.083175375667889,0.166350751335778,0.0,2.3714963110428515,2,Si-Cs-P,117.2495155899087,3.8790067351524318,1.8473461782009322,731.0309498143545,0.3483404244042297,0.05141470779196458,1.4074624786675884
0.0,0.0,0.0,0.0,0.0,0.0,0.0,0.0,0.0407626803310625,0.0,0.0,0.0,0.0,0.0,0.0,0.0,0.0,0.0,0.0,0.0,0.0,0.0,0.0,0.0,0.0,0.9592373196689374,0.0,0.0,0.0,0.0,0.0,0.0,0.0,0.0,MAc,TRX,MeOH,2.0,2.0,0.0,1.6000000000000003,643,1,0.1301749999999999,0.2603499999999999,10.1016/j.ces.2024.120716,,2025,117.0,0.2218010017810374,0.1109005008905187,0.2218010017810374,0.0,1.7323767244107924,2,Si-Cs-P,116.42143648403132,3.8777119590068123,1.8547534248325206,691.6590788257786,0.35190975800961105,0.04817644587151573,1.2600937953198736
0.0,0.0,0.0,0.0,0.0,0.0,0.0,0.0,0.0402038767525463,0.0,0.0,0.0,0.0,0.0,0.0,0.0,0.0,0.0,0.0,0.0,0.0,0.0,0.0,0.0,0.0,0.9460874177850626,0.0,0.0,0.0,0.0,0.0,0.0,0.0,0.013708705462391,MAc,TRX,MeOH,2.0,2.0,0.0,1.6000000000000003,643,1,0.13335,0.2667,10.1016/j.ces.2024.120716,,2025,155.0,0.2218010017810374,0.1109005008905187,0.2218010017810374,0.0,1.77462981525008,2,Si-Cs-P,117.22447275768168,3.8793883697423603,1.8475597346911101,728.5731723386234,0.34728772541951125,0.05123917352587643,1.3967200642889845
0.0,0.0,0.0,0.0,0.0,0.0,0.0,0.0,0.0402038767525463,0.0,0.0,0.0,0.0,0.0,0.0,0.0,0.0,0.0,0.0,0.0,0.0,0.0,0.0,0.0,0.0,0.9460874177850626,0.0,0.0,0.0,0.0,0.0,0.0,0.0,0.013708705462391,MAc,TRX,MeOH,2.0,2.0,0.0,1.6000000000000003,643,1,0.232024,0.464048,10.1016/j.ces.2024.120716,1,2025,189.0,0.2218010017810374,0.1109005008905187,0.2218010017810374,0.0,3.087789338234605,2,Si-Cs-P,117.22447275768168,3.8793883697423603,1.8475597346911101,728.5731723386234,0.34728772541951125,0.05123917352587643,1.3967200642889845
0.0,0.0,0.0,0.0,0.0,0.0,0.0,0.0,0.0196088095795581,0.0,0.0,0.0,0.0,0.0,0.0,0.0,0.0,0.0,0.0,0.0,0.0,0.0,0.0,0.0,0.0,0.980391190420442,0.0,0.0,0.0,0.0,0.0,0.0,0.0,0.0,MAc,FORM,"MeOH 
+ H$_2$O",6.0,3.581311926474605,0.0,1.0613146692418964,653,1,0.1458,0.8748,10.4028/www.scientific.net/AMR.629.376,,2012,112.0,0.1789879483670605,0.0298313247278434,0.0396550677353195,0.0671802112950429,1.565786572315046,2,Si-Cs-P,113.60797167408126,3.941173571261326,1.8782342213666907,340.0587163999931,0.17301873749787658,0.0236862651634593,-0.3103473573720969
0.9803921357912844,0.0,0.0,0.0,0.0,0.0,0.0,0.0,0.0196078642087158,0.0,0.0,0.0,0.0,0.0,0.0,0.0,0.0,0.0,0.0,0.0,0.0,0.0,0.0,0.0,0.0,0.0,0.0,0.0,0.0,0.0,0.0,0.0,0.0,0.0,MAc,FORM,"MeOH 
+ H$_2$O",6.0,3.581311926474605,0.0,1.0613146692418964,683,1,0.02810928,0.16865568,10.4028/www.scientific.net/AMR.629.376,,2012,42.0,0.1789879483670605,0.0298313247278434,0.0396550677353195,0.0671802112950429,0.3018733414365149,0,Al-Si-Cs,123.41176729767206,2.960784271582569,1.5939215513488534,290.830756115541,0.07689358347955345,0.012925811382912938,-0.7761633642030528
0.9803921357912844,0.0,0.0,0.0,0.0,0.0,0.0,0.0,0.0196078642087158,0.0,0.0,0.0,0.0,0.0,0.0,0.0,0.0,0.0,0.0,0.0,0.0,0.0,0.0,0.0,0.0,0.0,0.0,0.0,0.0,0.0,0.0,0.0,0.0,0.0,MAc,FORM,"MeOH 
+ H$_2$O",6.0,3.581311926474605,0.0,1.0613146692418964,653,1,0.1344,0.8064,10.4028/www.scientific.net/AMR.629.376,,2012,207.0,0.1789879483670605,0.0298313247278434,0.0396550677353195,0.0671802112950429,1.4433588156319763,0,Al-Si-Cs,123.41176729767206,2.960784271582569,1.5939215513488534,290.830756115541,0.07689358347955345,0.012925811382912938,-0.7761633642030528
0.9803921357912844,0.0,0.0,0.0,0.0,0.0,0.0,0.0,0.0196078642087158,0.0,0.0,0.0,0.0,0.0,0.0,0.0,0.0,0.0,0.0,0.0,0.0,0.0,0.0,0.0,0.0,0.0,0.0,0.0,0.0,0.0,0.0,0.0,0.0,0.0,MAc,FORM,"MeOH 
+ H$_2$O",6.0,3.581311926474605,0.0,1.0613146692418964,663,1,0.1651,0.9906,10.4028/www.scientific.net/AMR.629.376,,2012,103.0,0.1789879483670605,0.0298313247278434,0.0396550677353195,0.0671802112950429,1.773054616524102,0,Al-Si-Cs,123.41176729767206,2.960784271582569,1.5939215513488534,290.830756115541,0.07689358347955345,0.012925811382912938,-0.7761633642030528
0.003900944253601,0.0,0.0,0.0,0.0,0.0,0.0,0.0,0.0208629923461464,0.0,0.0,0.0,0.0,0.0,0.0,0.0,0.0,0.0,0.0,0.0,0.0,0.0,0.0,0.0,0.0,0.9752360634002526,0.0,0.0,0.0,0.0,0.0,0.0,0.0,0.0,MAc,FORM,"MeOH 
+ H$_2$O",6.0,3.581311926474605,0.0,1.0613146692418964,663,1,0.0290851999999999,0.1745111999999999,10.1556/JFC-D-14-00035,,2015,300.0,0.1789879483670605,0.0298313247278434,0.0396550677353195,0.0671802112950429,0.3123540165507378,0,Al-Si-Cs,113.8137874245735,3.9335100787079598,1.875710804662233,361.51816636565593,0.18724696573549687,0.025443397271258623,-0.20447876155881625
0.9822312187571812,0.0,0.0,0.0,0.0,0.0,0.0,0.0,0.0177687812428189,0.0,0.0,0.0,0.0,0.0,0.0,0.0,0.0,0.0,0.0,0.0,0.0,0.0,0.0,0.0,0.0,0.0,0.0,0.0,0.0,0.0,0.0,0.0,0.0,0.0,MAc,FORM,"MeOH 
+ H$_2$O",6.0,3.581311926474605,0.0,1.0613146692418964,653,1,0.02378145,0.1426887,10.1556/JFC-D-14-00035,,2015,128.0,0.1789879483670605,0.0298313247278434,0.0396550677353195,0.0671802112950429,0.25539557668163,0,Al-Si-Cs,123.18556009286675,2.9644624375143627,1.595429599380889,264.04721850307556,0.069812206623855,0.011735431933470028,-0.8731443087323821
0.0,0.0,0.0,0.0,0.0,0.0,0.0,0.0,0.0208753300457327,0.0,0.0,0.0,0.0,0.0,0.0,0.0,0.0,0.0,0.0,0.0,0.0,0.0,0.0,0.0,0.0,0.9791246699542674,0.0,0.0,0.0,0.0,0.0,0.0,0.0,0.0,MAc,FORM,"MeOH 
+ H$_2$O",6.0,3.581311926474605,0.0,1.0613146692418964,653,1,0.06340655,0.3804393,10.1556/JFC-D-14-00035,,2015,139.0,0.1789879483670605,0.0298313247278434,0.0396550677353195,0.0671802112950429,0.6809404978520068,2,Si-Cs-P,113.77641889608248,3.9373740098628023,1.8768283836492368,361.5552112924419,0.18395595577092988,0.025183570345040294,-0.21433215424539334
0.0,0.0,0.0,0.0,0.0,0.0,0.0,0.0,0.0208753300457327,0.0,0.0,0.0,0.0,0.0,0.0,0.0,0.0,0.0,0.0,0.0,0.0,0.0,0.0,0.0,0.0,0.9791246699542674,0.0,0.0,0.0,0.0,0.0,0.0,0.0,0.0,MAc,FORM,"MeOH 
+ H$_2$O",6.0,3.581311926474605,0.0,1.0613146692418964,653,1,0.0883382499999999,0.5300294999999999,10.1556/JFC-D-14-00035,,2015,108.0,0.1789879483670605,0.0298313247278434,0.0396550677353195,0.0671802112950429,0.9486889277901892,2,Si-Cs-P,113.77641889608248,3.9373740098628023,1.8768283836492368,361.5552112924419,0.18395595577092988,0.025183570345040294,-0.21433215424539334
0.0,0.0,0.0,0.0,0.0,0.0,0.0,0.0,0.0208753300457327,0.0,0.0,0.0,0.0,0.0,0.0,0.0,0.0,0.0,0.0,0.0,0.0,0.0,0.0,0.0,0.0,0.9791246699542674,0.0,0.0,0.0,0.0,0.0,0.0,0.0,0.0,MAc,FORM,"MeOH 
+ H$_2$O",10.0,3.5813119264746045,0.0,1.06535581986919,653,1,0.0695773,0.695773,10.1556/JFC-D-14-00035,,2015,139.0,0.194782604283748,0.0194782604283747,0.0258926394888677,0.0438650868902492,0.8131468615818971,2,Si-Cs-P,113.77641889608248,3.9373740098628023,1.8768283836492368,361.5552112924419,0.18395595577092988,0.025183570345040294,-0.21433215424539334
0.0,0.0,0.0,0.0,0.0,0.0,0.0,0.0,0.0208753300457327,0.0,0.0,0.0,0.0,0.0,0.0,0.0,0.0,0.0,0.0,0.0,0.0,0.0,0.0,0.0,0.0,0.9791246699542674,0.0,0.0,0.0,0.0,0.0,0.0,0.0,0.0,MAc,FORM,"MeOH 
+ H$_2$O",10.0,3.5813119264746045,0.0,1.06535581986919,653,1,0.06037317,0.6037317,10.1556/JFC-D-14-00035,,2015,153.0,0.194782604283748,0.0194782604283747,0.0258926394888677,0.0438650868902492,0.7055785968879268,2,Si-Cs-P,113.77641889608248,3.9373740098628023,1.8768283836492368,361.5552112924419,0.18395595577092988,0.025183570345040294,-0.21433215424539334
0.0,0.0,0.0,0.0,0.0,0.0,0.0,0.0,0.0208053817277992,0.0,0.0,0.0,0.0,0.0,0.0,0.0,0.0,0.0,0.0,0.0,0.0,0.0,0.0,0.0,0.0,0.9791946182722008,0.0,0.0,0.0,0.0,0.0,0.0,0.0,0.0,MAc,FORM,"MeOH 
+ H$_2$O",10.0,3.5813119264746045,0.0,1.06535581986919,653,1,0.05048,0.5047999999999999,10.1039/C5RA05133A,,2015,115.0,0.194782604283748,0.0194782604283747,0.0258926394888677,0.0438650868902492,0.5899575518546158,2,Si-Cs-P,113.76711576979731,3.9375838548166024,1.8769060262821429,360.36946769957905,0.18335266037063783,0.025100979204740314,-0.21962833915807453
0.0,0.0,0.0,0.0,0.0,0.0,0.0,0.0,0.0208053817277992,0.0,0.0,0.0,0.0,0.0,0.0,0.0,0.0,0.0,0.0,0.0,0.0,0.0,0.0,0.0,0.0,0.9791946182722008,0.0,0.0,0.0,0.0,0.0,0.0,0.0,0.0,MAc,FORM,"MeOH 
+ H$_2$O",10.0,3.5813119264746045,0.0,1.06535581986919,653,1,0.06854,0.6854,10.1039/C5RA05133A,,2015,114.0,0.194782604283748,0.0194782604283747,0.0258926394888677,0.0438650868902492,0.8010239818564853,2,Si-Cs-P,113.76711576979731,3.9375838548166024,1.8769060262821429,360.36946769957905,0.18335266037063783,0.025100979204740314,-0.21962833915807453
0.0,0.0,0.0,0.0,0.0,0.0,0.0,0.0,0.0205570587127438,0.0,0.0,0.0,0.0,0.0,0.0,0.0,0.0,0.0,0.0,0.0,0.0,0.0,0.0,0.0,0.0119355183338756,0.9675074229533804,0.0,0.0,0.0,0.0,0.0,0.0,0.0,0.0,MAc,FORM,"MeOH 
+ H$_2$O",10.0,3.5813119264746045,0.0,1.06535581986919,653,1,0.0810399999999999,0.8103999999999999,10.1039/C5RA05133A,,2015,111.0,0.194782604283748,0.0194782604283747,0.0258926394888677,0.0438650868902492,0.947110935069296,2,Si-Cs-P,114.06828332214343,3.9502643421956436,1.8789719925789352,363.5768953985399,0.1944754110913378,0.0251547241063835,-0.1933066381986512
0.0,0.0,0.0,0.0,0.0,0.0,0.0,0.0,0.0203442117570152,0.0,0.0,0.0,0.0103539596156616,0.0,0.0,0.0,0.0,0.0,0.0,0.0,0.0,0.0,0.0,0.0,0.0118119384590547,0.9574898901682684,0.0,0.0,0.0,0.0,0.0,0.0,0.0,0.0,MAc,FORM,"MeOH 
+ H$_2$O",10.0,3.5813119264746045,0.0,1.06535581986919,653,1,0.091,0.91,10.1039/C5RA05133A,Cs–La–Sb --SiO2-(V),2015,106.0,0.194782604283748,0.0194782604283747,0.0258926394888677,0.0438650868902492,1.063513019389264,2,Si-Cs-P,115.03049456364006,3.940425343572347,1.8709065480260418,448.3065269121459,0.20171466419938028,0.03111197712740958,0.1291773114767943
0.0,0.0,0.0,0.0,0.0,0.0,0.0,0.0,0.0203442117570152,0.0,0.0,0.0,0.0103539596156616,0.0,0.0,0.0,0.0,0.0,0.0,0.0,0.0,0.0,0.0,0.0,0.0118119384590547,0.9574898901682684,0.0,0.0,0.0,0.0,0.0,0.0,0.0,0.0,MAc,FORM,"MeOH 
+ H$_2$O",10.0,3.5813119264746045,0.0,1.06535581986919,653,1,0.09204,0.9204,10.1039/C5RA05133A,Cs–La–Sb--SiO2-(U),2015,106.0,0.194782604283748,0.0194782604283747,0.0258926394888677,0.0438650868902492,1.07566745389657,2,Si-Cs-P,115.03049456364006,3.940425343572347,1.8709065480260418,448.3065269121459,0.20171466419938028,0.03111197712740958,0.1291773114767943
0.0,0.0,0.0,0.0,0.0,0.0,0.0,0.0,0.0,0.0,0.0,0.0,0.0,0.0,0.0,0.0,0.0,0.0,0.0,0.0,0.0,0.0,0.0,0.0,0.0,1.0,0.0,0.0,0.0,0.0,0.0,0.0,0.0,0.0,MAc,TRX,MeOH,0.5,1.0,0.0,3.6,663,1,0.0042,0.0021,10.1021/acs.iecr.7b02841,SBA15,2018,493.0,0.3730649632640664,0.7461299265281328,0.7461299265281328,0.0,0.0940123707425447,2,Si-Cs-P,111.00000000000001,4.0,1.9,0.0,0.0,0.0,-1.8292371528252536
0.0,0.0,0.0,0.0,0.0,0.0,0.0,0.0,0.0,0.0,0.0,0.0,0.0,0.0217472531225363,0.0,0.0,0.0,0.0,0.0,0.0,0.0,0.0,0.0,0.0,0.0,0.9782527468774638,0.0,0.0,0.0,0.0,0.0,0.0,0.0,0.0,MAc,TRX,MeOH,0.5,1.0,0.0,3.6,663,1,0.0318,0.0159,10.1021/acs.iecr.7b02841,Li-SBA15,2018,269.0,0.3730649632640664,0.7461299265281328,0.7461299265281328,0.0,0.7118079499078387,2,Si-Cs-P,111.36970330308314,3.9347582406323913,1.8799925271272668,6.148275620102414,0.1914687909374457,0.01800657607216156,-1.1836469219253036
0.0,0.0,0.0,0.0,0.0,0.0,0.0,0.0,0.0,0.0,0.0,0.0,0.0,0.0,0.0,0.0,0.0,0.0217474666265387,0.0,0.0,0.0,0.0,0.0,0.0,0.0,0.9782525333734612,0.0,0.0,0.0,0.0,0.0,0.0,0.0,0.0,MAc,TRX,MeOH,0.5,1.0,0.0,3.6,663,1,0.0654,0.0327,10.1021/acs.iecr.7b02841,Na-SBA15,2018,224.0,0.3730649632640664,0.7461299265281328,0.7461299265281328,0.0,1.4639069158481963,2,Si-Cs-P,112.19611066445962,3.9347576001203834,1.8789049573722572,64.35540582364548,0.19147062889679656,0.02001719052544398,-1.0077833023939375
0.0,0.0,0.0,0.0,0.0,0.0,0.0,0.0,0.0,0.0,0.0,0.021748178131884,0.0,0.0,0.0,0.0,0.0,0.0,0.0,0.0,0.0,0.0,0.0,0.0,0.0,0.978251821868116,0.0,0.0,0.0,0.0,0.0,0.0,0.0,0.0,MAc,TRX,MeOH,0.5,1.0,0.0,3.6,663,1,0.1648,0.0824,10.1021/acs.iecr.7b02841,K-SBA15,2018,200.0,0.3730649632640664,0.7461299265281328,0.7461299265281328,0.0,3.688866356755089,2,Si-Cs-P,113.00083238813335,3.934755465604348,1.8765119676175652,180.0732494628627,0.1914767539184506,0.02481538730783119,-0.6436204338666605
0.0,0.0,0.0,0.0,0.0,0.0,0.0,0.0,0.0,0.0,0.0,0.0,0.0,0.0,0.0,0.0,0.0,0.0,0.0,0.0,0.0,0.0,0.021747800737615,0.0,0.0,0.9782521992623848,0.0,0.0,0.0,0.0,0.0,0.0,0.0,0.0,MAc,TRX,MeOH,0.5,1.0,0.0,3.6,663,1,0.1857,0.09285,10.1021/acs.iecr.7b02841,Rb-SBA15,2018,247.0,0.3730649632640664,0.7461299265281328,0.7461299265281328,0.0,4.156689820688228,2,Si-Cs-P,113.37051028040003,3.934756597787154,1.8765123752033754,252.76630157412166,0.19147350510622796,0.024814966261767143,-0.4695722026113786
0.0,0.0,0.0,0.0,0.0,0.0,0.0,0.0,0.0217479811313568,0.0,0.0,0.0,0.0,0.0,0.0,0.0,0.0,0.0,0.0,0.0,0.0,0.0,0.0,0.0,0.0,0.9782520188686432,0.0,0.0,0.0,0.0,0.0,0.0,0.0,0.0,MAc,TRX,MeOH,0.5,1.0,0.0,3.6,663,1,0.2051,0.10255,10.1021/acs.iecr.7b02841,Cs-SBA15,2018,266.0,0.3730649632640664,0.7461299265281328,0.7461299265281328,0.0,4.590937437927601,2,Si-Cs-P,113.89248149047047,3.93475605660593,1.875859740944194,376.33358905985625,0.19147505803260254,0.026212935444663285,-0.1483237677470027
0.0,0.0,0.0,0.0,0.0,0.0,0.0,0.0,0.0217479811313568,0.0,0.0,0.0,0.0,0.0,0.0,0.0,0.0,0.0,0.0,0.0,0.0,0.0,0.0,0.0,0.0,0.9782520188686432,0.0,0.0,0.0,0.0,0.0,0.0,0.0,0.0,MAc,TRX,MeOH,0.5,1.0,0.0,1.0,663,1,0.294028235662009,0.1470141178310045,10.1021/acs.iecr.7b02841,LHSV-0.5,2018,266.0,0.1036291564622406,0.2072583129244813,0.2072583129244813,0.0,1.8281938822640933,2,Si-Cs-P,113.89248149047047,3.93475605660593,1.875859740944194,376.33358905985625,0.19147505803260254,0.026212935444663285,-0.1483237677470027
0.0,0.0,0.0,0.0,0.0,0.0,0.0,0.0,0.0217479811313568,0.0,0.0,0.0,0.0,0.0,0.0,0.0,0.0,0.0,0.0,0.0,0.0,0.0,0.0,0.0,0.0,0.9782520188686432,0.0,0.0,0.0,0.0,0.0,0.0,0.0,0.0,MAc,TRX,MeOH,0.5,1.0,0.0,3.6,663,1,0.268735619409261,0.1343678097046305,10.1021/acs.iecr.7b02841,LHSV-1.8,2018,266.0,0.3730649632640664,0.7461299265281328,0.7461299265281328,0.0,6.015350638959725,2,Si-Cs-P,113.89248149047047,3.93475605660593,1.875859740944194,376.33358905985625,0.19147505803260254,0.026212935444663285,-0.1483237677470027
0.0,0.0,0.0,0.0,0.0,0.0,0.0,0.0,0.0217479811313568,0.0,0.0,0.0,0.0,0.0,0.0,0.0,0.0,0.0,0.0,0.0,0.0,0.0,0.0,0.0,0.0,0.9782520188686432,0.0,0.0,0.0,0.0,0.0,0.0,0.0,0.0,MAc,TRX,MeOH,0.5,1.0,0.0,5.4,663,1,0.192136683649699,0.0960683418248495,10.1021/acs.iecr.7b02841,LHSV-2.7,2018,266.0,0.5595974448960995,1.119194889792199,1.119194889792199,0.0,6.451151834470904,2,Si-Cs-P,113.89248149047047,3.93475605660593,1.875859740944194,376.33358905985625,0.19147505803260254,0.026212935444663285,-0.1483237677470027
0.0,0.0,0.0,0.0,0.0,0.0,0.0,0.0,0.0217479811313568,0.0,0.0,0.0,0.0,0.0,0.0,0.0,0.0,0.0,0.0,0.0,0.0,0.0,0.0,0.0,0.0,0.9782520188686432,0.0,0.0,0.0,0.0,0.0,0.0,0.0,0.0,MAc,TRX,MeOH,0.5,1.0,0.0,3.6,618,1,0.122571880503689,0.0612859402518445,10.1021/acs.iecr.7b02841,LHSV-1.8_T-618,2018,266.0,0.3730649632640664,0.7461299265281328,0.7461299265281328,0.0,2.7436364458389764,2,Si-Cs-P,113.89248149047047,3.93475605660593,1.875859740944194,376.33358905985625,0.19147505803260254,0.026212935444663285,-0.1483237677470027
0.0,0.0,0.0,0.0,0.0,0.0,0.0,0.0,0.0217479811313568,0.0,0.0,0.0,0.0,0.0,0.0,0.0,0.0,0.0,0.0,0.0,0.0,0.0,0.0,0.0,0.0,0.9782520188686432,0.0,0.0,0.0,0.0,0.0,0.0,0.0,0.0,MAc,TRX,MeOH,0.5,1.0,0.0,3.6,648,1,0.216209306210327,0.1081046531051635,10.1021/acs.iecr.7b02841,LHSV-1.8_T-648,2018,266.0,0.3730649632640664,0.7461299265281328,0.7461299265281328,0.0,4.839607012722296,2,Si-Cs-P,113.89248149047047,3.93475605660593,1.875859740944194,376.33358905985625,0.19147505803260254,0.026212935444663285,-0.1483237677470027
0.0,0.0,0.0,0.0,0.0,0.0,0.0,0.0,0.0217479811313568,0.0,0.0,0.0,0.0,0.0,0.0,0.0,0.0,0.0,0.0,0.0,0.0,0.0,0.0,0.0,0.0,0.9782520188686432,0.0,0.0,0.0,0.0,0.0,0.0,0.0,0.0,MAc,TRX,MeOH,0.5,1.0,0.0,3.6,678,1,0.283177704807706,0.141588852403853,10.1021/acs.iecr.7b02841,LHSV-1.8_T-678,2018,266.0,0.3730649632640664,0.7461299265281328,0.7461299265281328,0.0,6.338620802477369,2,Si-Cs-P,113.89248149047047,3.93475605660593,1.875859740944194,376.33358905985625,0.19147505803260254,0.026212935444663285,-0.1483237677470027
0.0,0.0,0.0,0.0,0.0,0.0,0.0,0.0,0.0217479811313568,0.0,0.0,0.0,0.0,0.0,0.0,0.0,0.0,0.0,0.0,0.0,0.0,0.0,0.0,0.0,0.0,0.9782520188686432,0.0,0.0,0.0,0.0,0.0,0.0,0.0,0.0,MAc,TRX,MeOH,0.5,1.0,0.0,3.6,708,1,0.261363223909161,0.1306816119545805,10.1021/acs.iecr.7b02841,LHSV-1.8_T-708,2018,266.0,0.3730649632640664,0.7461299265281328,0.7461299265281328,0.0,5.850327691574947,2,Si-Cs-P,113.89248149047047,3.93475605660593,1.875859740944194,376.33358905985625,0.19147505803260254,0.026212935444663285,-0.1483237677470027
0.0,0.0,0.0,0.0,0.0,0.0,0.0,0.0,0.0217479811313568,0.0,0.0,0.0,0.0,0.0,0.0,0.0,0.0,0.0,0.0,0.0,0.0,0.0,0.0,0.0,0.0,0.9782520188686432,0.0,0.0,0.0,0.0,0.0,0.0,0.0,0.0,MAc,TRX,MeOH,1.0,1.3333333333333333,0.0,1.8,663,1,0.246184865536795,0.246184865536795,10.1021/acs.iecr.7b02841,LHSV-0.9_T-663_R_1.5-1.5-2,2018,266.0,0.2242791220253805,0.2242791220253805,0.2990388293671741,0.0,3.3128475299117253,2,Si-Cs-P,113.89248149047047,3.93475605660593,1.875859740944194,376.33358905985625,0.19147505803260254,0.026212935444663285,-0.1483237677470027
0.0,0.0,0.0,0.0,0.0,0.0,0.0,0.0,0.0217479811313568,0.0,0.0,0.0,0.0,0.0,0.0,0.0,0.0,0.0,0.0,0.0,0.0,0.0,0.0,0.0,0.0,0.9782520188686432,0.0,0.0,0.0,0.0,0.0,0.0,0.0,0.0,MAc,TRX,MeOH,2.0,2.0,0.0,1.8,663,1,0.151632732424488,0.303265464848976,10.1021/acs.iecr.7b02841,LHSV-0.9_T-663_R_2-1-2,2018,266.0,0.249526127003667,0.1247630635018335,0.249526127003667,0.0,2.270179706931952,2,Si-Cs-P,113.89248149047047,3.93475605660593,1.875859740944194,376.33358905985625,0.19147505803260254,0.026212935444663285,-0.1483237677470027
0.0,0.0,0.0,0.0,0.0,0.0,0.0,0.0,0.0217479811313568,0.0,0.0,0.0,0.0,0.0,0.0,0.0,0.0,0.0,0.0,0.0,0.0,0.0,0.0,0.0,0.0,0.9782520188686432,0.0,0.0,0.0,0.0,0.0,0.0,0.0,0.0,MAc,TRX,MeOH,0.5,1.0,0.0,1.8,663,1,0.2851754862844408,0.1425877431422204,10.1021/acs.iecr.7b02841,Cs-SBA15-long,2018,266.0,0.1865324816320332,0.3730649632640664,0.3730649632640664,0.0,3.191669469435516,2,Si-Cs-P,113.89248149047047,3.93475605660593,1.875859740944194,376.33358905985625,0.19147505803260254,0.026212935444663285,-0.1483237677470027
0.0,0.0,0.0,0.0,0.0,0.0,0.0,0.0,0.0,0.0,0.0,0.0,0.0,0.0,0.0,0.0,0.0,0.0,0.0,0.0,0.0,0.0,0.0,0.0,0.0,1.0,0.0,0.0,0.0,0.0,0.0,0.0,0.0,0.0,MAc,TRX,MeOH,0.5,1.0,0.0,1.8,663,1,0.00684,0.00342,10.1007/s10562-018-2609-8,,2019,573.0,0.1865324816320332,0.3730649632640664,0.3730649632640664,0.0,0.0765529304617864,2,Si-Cs-P,111.00000000000001,4.0,1.9,0.0,0.0,0.0,-1.8292371528252536
0.0,0.0,0.0,0.0,0.0,0.0,0.0,0.0,0.0,0.0,0.0,0.0,0.0,0.0,0.0,0.0,0.0,0.0,0.0,0.0,0.0,0.0,0.0,0.0,0.0,1.0,0.0,0.0,0.0,0.0,0.0,0.0,0.0,0.0,MAc,TRX,MeOH,0.5,1.0,0.0,1.8,663,1,0.04464,0.02232,10.1007/s10562-018-2609-8,,2019,527.0,0.1865324816320332,0.3730649632640664,0.3730649632640664,0.0,0.4996085988032377,2,Si-Cs-P,111.00000000000001,4.0,1.9,0.0,0.0,0.0,-1.8292371528252536
0.0,0.0,0.0,0.0,0.0,0.0,0.0,0.0,0.0,0.0,0.0,0.0,0.0,0.0,0.0,0.0,0.0,0.0,0.0,0.0,0.0,0.0,0.0,0.0,0.0,1.0,0.0,0.0,0.0,0.0,0.0,0.0,0.0,0.0,MAc,TRX,MeOH,0.5,1.0,0.0,1.8,663,1,0.0455799999999999,0.0227899999999999,10.1007/s10562-018-2609-8,,2019,328.0,0.1865324816320332,0.3730649632640664,0.3730649632640664,0.0,0.5101290307672843,2,Si-Cs-P,111.00000000000001,4.0,1.9,0.0,0.0,0.0,-1.8292371528252536
0.0,0.0,0.0,0.0,0.0,0.0,0.0,0.0,0.0217479811313568,0.0,0.0,0.0,0.0,0.0,0.0,0.0,0.0,0.0,0.0,0.0,0.0,0.0,0.0,0.0,0.0,0.9782520188686432,0.0,0.0,0.0,0.0,0.0,0.0,0.0,0.0,MAc,TRX,MeOH,0.5,1.0,0.0,1.8,663,1,0.19838,0.09919,10.1007/s10562-018-2609-8,0.37micrompgCs-ASilica,2019,154.0,0.1865324816320332,0.3730649632640664,0.3730649632640664,0.0,2.220258822369765,2,Si-Cs-P,113.89248149047047,3.93475605660593,1.875859740944194,376.33358905985625,0.19147505803260254,0.026212935444663285,-0.1483237677470027
0.0,0.0,0.0,0.0,0.0,0.0,0.0,0.0,0.0217479811313568,0.0,0.0,0.0,0.0,0.0,0.0,0.0,0.0,0.0,0.0,0.0,0.0,0.0,0.0,0.0,0.0,0.9782520188686432,0.0,0.0,0.0,0.0,0.0,0.0,0.0,0.0,MAc,TRX,MeOH,0.5,1.0,0.0,1.8,663,1,0.3276,0.1638,10.1007/s10562-018-2609-8,0.37micrompgCs-BSilica,2019,321.0,0.1865324816320332,0.3730649632640664,0.3730649632640664,0.0,3.6664824589592446,2,Si-Cs-P,113.89248149047047,3.93475605660593,1.875859740944194,376.33358905985625,0.19147505803260254,0.026212935444663285,-0.1483237677470027
0.0,0.0,0.0,0.0,0.0,0.0,0.0,0.0,0.0217479811313568,0.0,0.0,0.0,0.0,0.0,0.0,0.0,0.0,0.0,0.0,0.0,0.0,0.0,0.0,0.0,0.0,0.9782520188686432,0.0,0.0,0.0,0.0,0.0,0.0,0.0,0.0,MAc,TRX,MeOH,0.5,1.0,0.0,1.8,663,1,0.3185,0.15925,10.1007/s10562-018-2609-8,0.37micrompgCs-CSilica,2019,242.0,0.1865324816320332,0.3730649632640664,0.3730649632640664,0.0,3.5646357239881548,2,Si-Cs-P,113.89248149047047,3.93475605660593,1.875859740944194,376.33358905985625,0.19147505803260254,0.026212935444663285,-0.1483237677470027
0.0,0.0,0.0,0.0,0.0,0.0,0.0,0.0,0.0071585917989334,0.0,0.0,0.0,0.0,0.0,0.0,0.0,0.0,0.0,0.0,0.0,0.0,0.0,0.0,0.0,0.0,0.9928414082010664,0.0,0.0,0.0,0.0,0.0,0.0,0.0,0.0,MAc,TRX,MeOH,0.5,1.0,0.0,1.8,663,1,0.239180830464716,0.119590415232358,10.1007/s10562-018-2609-8,0.12micrompgCs-BSilica,2019,319.06747408986195,0.1865324816320332,0.3730649632640664,0.3730649632640664,0.0,2.6768996319236447,2,Si-Cs-P,111.95209270925812,3.978524224603199,1.8920539631031834,125.72184980431038,0.06396611726150679,0.008756961453100277,-1.2676940265239471
0.0,0.0,0.0,0.0,0.0,0.0,0.0,0.0,0.0147989648536412,0.0,0.0,0.0,0.0,0.0,0.0,0.0,0.0,0.0,0.0,0.0,0.0,0.0,0.0,0.0,0.0,0.9852010351463588,0.0,0.0,0.0,0.0,0.0,0.0,0.0,0.0,MAc,TRX,MeOH,0.5,1.0,0.0,1.8,663,1,0.308251809760048,0.154125904880024,10.1007/s10562-018-2609-8,0.25micrompgCs-BSilica,2019,320.0721638794215,0.1865324816320332,0.3730649632640664,0.3730649632640664,0.0,3.4499385025264293,2,Si-Cs-P,112.9682623255343,3.9556031054390766,1.8835731490124583,257.9048327139416,0.13121959943611705,0.017963963162804415,-0.6772919159724241
0.0,0.0,0.0,0.0,0.0,0.0,0.0,0.0,0.0431206136686249,0.0,0.0,0.0,0.0,0.0,0.0,0.0,0.0,0.0,0.0,0.0,0.0,0.0,0.0,0.0,0.0,0.9568793863313748,0.0,0.0,0.0,0.0,0.0,0.0,0.0,0.0,MAc,TRX,MeOH,0.5,1.0,0.0,1.8,663,1,0.143811063582059,0.0719055317910295,10.1007/s10562-018-2609-8,0.75micrompgCs-BSilica,2019,318.1886664152535,0.1865324816320332,0.3730649632640664,0.3730649632640664,0.0,1.6095260745662148,2,Si-Cs-P,116.7350416179271,3.870638158994124,1.8521361188278258,729.8698328249496,0.3713510371091949,0.05083795698024877,1.4307640987907742
0.0,0.0,0.0,0.0,0.0,0.0,0.0,0.0,0.0630521516586404,0.0,0.0,0.0,0.0,0.0,0.0,0.0,0.0,0.0,0.0,0.0,0.0,0.0,0.0,0.0,0.0,0.9369478483413596,0.0,0.0,0.0,0.0,0.0,0.0,0.0,0.0,MAc,TRX,MeOH,0.5,1.0,0.0,1.8,663,1,0.0876939480611521,0.043846974030576,10.1007/s10562-018-2609-8,1.12micrompgCs-BSilica,2019,315.5952158575826,0.1865324816320332,0.3730649632640664,0.3730649632640664,0.0,0.9814661853574398,2,Si-Cs-P,119.38593617059918,3.8108435450240785,1.830012111658909,1045.0055852323264,0.5316892004687059,0.07278825154416582,2.838334190159933
0.0,0.0,0.0,0.0,0.0,0.0,0.0,0.0,0.0217479811313568,0.0,0.0,0.0,0.0,0.0,0.0,0.0,0.0,0.0,0.0,0.0,0.0,0.0,0.0,0.0,0.0,0.9782520188686432,0.0,0.0,0.0,0.0,0.0,0.0,0.0,0.0,MAc,TRX,MeOH,0.5,1.0,0.0,1.8,663,1,0.3067048956404252,0.1533524478202126,10.1007/s10562-018-2609-8,CsSBA15,2019,266.0,0.1865324816320332,0.3730649632640664,0.3730649632640664,0.0,3.432625518750136,2,Si-Cs-P,113.89248149047047,3.93475605660593,1.875859740944194,376.33358905985625,0.19147505803260254,0.026212935444663285,-0.1483237677470027
0.9651981990325555,0.0,0.0,0.0,0.0,0.0,0.0,0.0,0.0348018009674444,0.0,0.0,0.0,0.0,0.0,0.0,0.0,0.0,0.0,0.0,0.0,0.0,0.0,0.0,0.0,0.0,0.0,0.0,0.0,0.0,0.0,0.0,0.0,0.0,0.0,MAc,TRX,MeOH,0.5,0.235,0.0,4.8,663,1,0.07459254,0.03729627,10.1016/j.cattod.2020.06.026,Cs-Al2O3-A,2021,148.08750611818235,0.8098990221379879,1.6197980442759758,0.3806525404048543,0.0,3.624745512287325,0,Al-Si-Cs,125.28062151899566,2.9303963980651107,1.5814625232066957,508.19272624757764,0.13436254246746715,0.022586343388781235,0.01088610899087925
0.9651981990325555,0.0,0.0,0.0,0.0,0.0,0.0,0.0,0.0348018009674444,0.0,0.0,0.0,0.0,0.0,0.0,0.0,0.0,0.0,0.0,0.0,0.0,0.0,0.0,0.0,0.0,0.0,0.0,0.0,0.0,0.0,0.0,0.0,0.0,0.0,MAc,TRX,MeOH,0.5,0.235,0.0,4.8,663,1,0.04866763,0.024333815,10.1016/j.cattod.2020.06.026,Cs-Al2O3-B,2021,187.7836850241629,0.8098990221379879,1.6197980442759758,0.3806525404048543,0.0,2.364951956806405,0,Al-Si-Cs,125.28062151899566,2.9303963980651107,1.5814625232066957,508.19272624757764,0.13436254246746715,0.022586343388781235,0.01088610899087925
0.9651981990325555,0.0,0.0,0.0,0.0,0.0,0.0,0.0,0.0348018009674444,0.0,0.0,0.0,0.0,0.0,0.0,0.0,0.0,0.0,0.0,0.0,0.0,0.0,0.0,0.0,0.0,0.0,0.0,0.0,0.0,0.0,0.0,0.0,0.0,0.0,MAc,TRX,MeOH,0.5,0.235,0.0,4.8,663,1,0.07772128,0.03886064,10.1016/j.cattod.2020.06.026,Cs-Al2O3-C,2021,184.8431165634337,0.8098990221379879,1.6197980442759758,0.3806525404048543,0.0,3.7767833202787657,0,Al-Si-Cs,125.28062151899566,2.9303963980651107,1.5814625232066957,508.19272624757764,0.13436254246746715,0.022586343388781235,0.01088610899087925
0.9651981990325555,0.0,0.0,0.0,0.0,0.0,0.0,0.0,0.0348018009674444,0.0,0.0,0.0,0.0,0.0,0.0,0.0,0.0,0.0,0.0,0.0,0.0,0.0,0.0,0.0,0.0,0.0,0.0,0.0,0.0,0.0,0.0,0.0,0.0,0.0,MAc,TRX,MeOH,0.5,0.235,0.0,4.8,663,1,0.03882492,0.01941246,10.1016/j.cattod.2020.06.026,Cs-Al2O3-D,2021,60.60306229875351,0.8098990221379879,1.6197980442759758,0.3806525404048543,0.0,1.8866558845551369,0,Al-Si-Cs,125.28062151899566,2.9303963980651107,1.5814625232066957,508.19272624757764,0.13436254246746715,0.022586343388781235,0.01088610899087925
0.98213549801916,0.0,0.0163277283374096,0.0,0.0,0.0,0.0,0.0,0.0,0.0,0.0,0.0,0.0015367736434303,0.0,0.0,0.0,0.0,0.0,0.0,0.0,0.0,0.0,0.0,0.0,0.0,0.0,0.0,0.0,0.0,0.0,0.0,0.0,0.0,0.0,MAc,TRX,MeOH,0.5,1.0,0.0,7.199999999999999,663,1,0.41,0.205,10.1021/acs.energyfuels.1c03082,MAc_1,2022,227.0,0.7461299265281326,1.4922598530562652,1.4922598530562652,0.0,18.35479619259206,0,Al-Si-Cs,122.6669689970515,2.98367227166259,1.5974602810389154,152.85899981903083,0.016061133624749355,0.00870676464314638,-1.2797137560705782
0.98213549801916,0.0,0.0163277283374096,0.0,0.0,0.0,0.0,0.0,0.0,0.0,0.0,0.0,0.0015367736434303,0.0,0.0,0.0,0.0,0.0,0.0,0.0,0.0,0.0,0.0,0.0,0.0,0.0,0.0,0.0,0.0,0.0,0.0,0.0,0.0,0.0,MAc,TRX,MeOH,1.0,1.0,0.0,7.199999999999999,663,1,0.27,0.27,10.1021/acs.energyfuels.1c03082,MAc_2,2022,227.0,0.9979798724774384,0.9979798724774384,0.9979798724774384,0.0,16.167273934134503,0,Al-Si-Cs,122.6669689970515,2.98367227166259,1.5974602810389154,152.85899981903083,0.016061133624749355,0.00870676464314638,-1.2797137560705782
0.98213549801916,0.0,0.0163277283374096,0.0,0.0,0.0,0.0,0.0,0.0,0.0,0.0,0.0,0.0015367736434303,0.0,0.0,0.0,0.0,0.0,0.0,0.0,0.0,0.0,0.0,0.0,0.0,0.0,0.0,0.0,0.0,0.0,0.0,0.0,0.0,0.0,MAc,TRX,MeOH,2.0,1.0,0.0,7.199999999999999,663,1,0.44,0.88,10.1021/acs.energyfuels.1c03082,MAc_4,2022,227.0,1.2006073873834966,0.6003036936917483,0.6003036936917483,0.0,31.696035026924307,0,Al-Si-Cs,122.6669689970515,2.98367227166259,1.5974602810389154,152.85899981903083,0.016061133624749355,0.00870676464314638,-1.2797137560705782
0.98213549801916,0.0,0.0163277283374096,0.0,0.0,0.0,0.0,0.0,0.0,0.0,0.0,0.0,0.0015367736434303,0.0,0.0,0.0,0.0,0.0,0.0,0.0,0.0,0.0,0.0,0.0,0.0,0.0,0.0,0.0,0.0,0.0,0.0,0.0,0.0,0.0,MAc,TRX,MeOH,3.0,1.0,0.0,7.199999999999999,663,1,0.56,1.6800000000000002,10.1021/acs.energyfuels.1c03082,MeOH_2,2022,227.0,1.287762131227153,0.4292540437423843,0.4292540437423843,0.0,43.26880760923235,0,Al-Si-Cs,122.6669689970515,2.98367227166259,1.5974602810389154,152.85899981903083,0.016061133624749355,0.00870676464314638,-1.2797137560705782
0.98213549801916,0.0,0.0163277283374096,0.0,0.0,0.0,0.0,0.0,0.0,0.0,0.0,0.0,0.0015367736434303,0.0,0.0,0.0,0.0,0.0,0.0,0.0,0.0,0.0,0.0,0.0,0.0,0.0,0.0,0.0,0.0,0.0,0.0,0.0,0.0,0.0,MAc,TRX,MeOH,3.0,3.0,0.0,7.199999999999999,663,1,0.6,1.7999999999999998,10.1021/acs.energyfuels.1c03082,MeOH_6,2022,227.0,0.9981460601120156,0.3327153533706719,0.9981460601120156,0.0,35.93325816403256,0,Al-Si-Cs,122.6669689970515,2.98367227166259,1.5974602810389154,152.85899981903083,0.016061133624749355,0.00870676464314638,-1.2797137560705782
0.98213549801916,0.0,0.0163277283374096,0.0,0.0,0.0,0.0,0.0,0.0,0.0,0.0,0.0,0.0015367736434303,0.0,0.0,0.0,0.0,0.0,0.0,0.0,0.0,0.0,0.0,0.0,0.0,0.0,0.0,0.0,0.0,0.0,0.0,0.0,0.0,0.0,MAc,TRX,MeOH,3.0,4.0,0.0,7.199999999999999,663,1,0.63,1.89,10.1021/acs.energyfuels.1c03082,MeOH_8,2022,227.0,0.8972507786691845,0.2990835928897281,1.1963343715589123,0.0,33.91607943369517,0,Al-Si-Cs,122.6669689970515,2.98367227166259,1.5974602810389154,152.85899981903083,0.016061133624749355,0.00870676464314638,-1.2797137560705782
0.98213549801916,0.0,0.0163277283374096,0.0,0.0,0.0,0.0,0.0,0.0,0.0,0.0,0.0,0.0015367736434303,0.0,0.0,0.0,0.0,0.0,0.0,0.0,0.0,0.0,0.0,0.0,0.0,0.0,0.0,0.0,0.0,0.0,0.0,0.0,0.0,0.0,MAc,TRX,MeOH,3.0,5.0,0.0,7.199999999999999,663,1,0.51,1.53,10.1021/acs.energyfuels.1c03082,MeOH_10,2022,227.0,0.8148804742814045,0.2716268247604682,1.358134123802341,0.0,24.93534251301098,0,Al-Si-Cs,122.6669689970515,2.98367227166259,1.5974602810389154,152.85899981903083,0.016061133624749355,0.00870676464314638,-1.2797137560705782
0.0476190476190476,0.0,0.0,0.0,0.0,0.0,0.0,0.0,0.0,0.0,0.0,0.0,0.0,0.0,0.0,0.0,0.0,0.0,0.0,0.0,0.0,0.0,0.0,0.0,0.0,0.9523809523809524,0.0,0.0,0.0,0.0,0.0,0.0,0.0,0.0,MAc,TRX,None,5.0,0.0,0.0,1.3894954146651315,563,1,0.0607049999999999,0.303525,10.1039/D2CY00447J,N-HZSM5,2022,384.0,0.2907067381421045,0.0581413476284209,0.0,0.0,1.0588411523349874,0,Al-Si-Cs,111.4761904761905,3.9523809523809526,1.8861904761904762,4.535147392290235,0.04535147392290247,0.0038140589569160936,-1.6771338357546661
0.0476190476190476,0.0,0.0,0.0,0.0,0.0,0.0,0.0,0.0,0.0,0.0,0.0,0.0,0.0,0.0,0.0,0.0,0.0,0.0,0.0,0.0,0.0,0.0,0.0,0.0,0.9523809523809524,0.0,0.0,0.0,0.0,0.0,0.0,0.0,0.0,MAc,TRX,None,5.0,0.0,0.0,1.3894954146651315,583,1,0.0785088,0.392544,10.1039/D2CY00447J,,2022,384.0,0.2907067381421045,0.0581413476284209,0.0,0.0,1.3693822298070517,0,Al-Si-Cs,111.4761904761905,3.9523809523809526,1.8861904761904762,4.535147392290235,0.04535147392290247,0.0038140589569160936,-1.6771338357546661
0.0089285714285714,0.0,0.0,0.0,0.0,0.0,0.0,0.0,0.0,0.0,0.0,0.0,0.0,0.0,0.0,0.0,0.0,0.0,0.0,0.0,0.0,0.0,0.0,0.0,0.0,0.9910714285714286,0.0,0.0,0.0,0.0,0.0,0.0,0.0,0.0,MAc,TRX,None,5.0,0.0,0.0,1.3894954146651315,563,1,0.037582,0.18791,10.1039/D2CY00447J,,2022,364.0,0.2907067381421045,0.0581413476284209,0.0,0.0,0.6555204379713944,0,Al-Si-Cs,111.08928571428572,3.991071428571429,1.8974107142857144,0.8848852040816273,0.008848852040816299,0.0007441884566326498,-1.79955918138902
0.0089285714285714,0.0,0.0,0.0,0.0,0.0,0.0,0.0,0.0,0.0,0.0,0.0,0.0,0.0,0.0,0.0,0.0,0.0,0.0,0.0,0.0,0.0,0.0,0.0,0.0,0.9910714285714286,0.0,0.0,0.0,0.0,0.0,0.0,0.0,0.0,MAc,TRX,None,5.0,0.0,0.0,1.3894954146651315,583,1,0.0545928,0.272964,10.1039/D2CY00447J,,2022,364.0,0.2907067381421045,0.0581413476284209,0.0,0.0,0.9522296888426574,0,Al-Si-Cs,111.08928571428572,3.991071428571429,1.8974107142857144,0.8848852040816273,0.008848852040816299,0.0007441884566326498,-1.79955918138902
0.0526315789473684,0.0,0.0,0.0,0.0,0.0,0.0,0.0,0.0,0.0,0.0,0.0,0.0,0.0,0.0,0.0,0.0,0.0,0.0,0.0,0.0,0.0,0.0,0.0,0.0,0.9473684210526316,0.0,0.0,0.0,0.0,0.0,0.0,0.0,0.0,MAc,TRX,None,5.0,0.0,0.0,1.3894954146651315,563,1,0.01056,0.0528,10.1039/D2CY00447J,M-HZSM5,2022,372.0,0.2907067381421045,0.0581413476284209,0.0,0.0,0.1841917892868374,0,Al-Si-Cs,111.5263157894737,3.947368421052632,1.8847368421052633,4.986149584487518,0.04986149584487532,0.004193351800554009,-1.6620077718132977
0.0499999999999999,0.0,0.0,0.0,0.0,0.0,0.0,0.0,0.0,0.0,0.0,0.0,0.0,0.0,0.0,0.0,0.0,0.0,0.0,0.0,0.0,0.0,0.0,0.0,0.0,0.95,0.0,0.0,0.0,0.0,0.0,0.0,0.0,0.0,MAc,TRX,None,5.0,0.0,0.0,1.3894954146651315,563,1,0.033098,0.16549,10.1039/D2CY00447J,,2022,300.0,0.2907067381421045,0.0581413476284209,0.0,0.0,0.5773086971416427,0,Al-Si-Cs,111.49999999999999,3.9499999999999993,1.8854999999999997,4.749999999999978,0.0474999999999999,0.003994749999999987,-1.6699279411084476
0.0666666666666666,0.0,0.0,0.0,0.0,0.0,0.0,0.0,0.0,0.0,0.0,0.0,0.0,0.0,0.0,0.0,0.0,0.0,0.0,0.0,0.0,0.0,0.0,0.0,0.0,0.9333333333333332,0.0,0.0,0.0,0.0,0.0,0.0,0.0,0.0,MAc,TRX,None,5.0,0.0,0.0,1.3894954146651315,563,1,0.0109439999999999,0.05472,10.1039/D2CY00447J,,2022,400.0,0.2907067381421045,0.0581413476284209,0.0,0.0,0.1908896725336315,0,Al-Si-Cs,111.66666666666667,3.9333333333333327,1.8806666666666663,6.222222222222199,0.062222222222222165,0.005232888888888876,-1.620551401804408
0.0526315789473684,0.0,0.0,0.0,0.0,0.0,0.0,0.0,0.0,0.0,0.0,0.0,0.0,0.0,0.0,0.0,0.0,0.0,0.0,0.0,0.0,0.0,0.0,0.0,0.0,0.9473684210526316,0.0,0.0,0.0,0.0,0.0,0.0,0.0,0.0,MAc,TRX,None,5.0,0.0,0.0,1.3894954146651315,563,1,0.045638,0.2281899999999999,10.1039/D2CY00447J,,2022,600.0,0.2907067381421045,0.0581413476284209,0.0,0.0,0.796036446919762,0,Al-Si-Cs,111.5263157894737,3.947368421052632,1.8847368421052633,4.986149584487518,0.04986149584487532,0.004193351800554009,-1.6620077718132977
0.0,0.1715902962650225,0.0,0.0,0.0,0.0,0.0,0.0,0.0,0.0,0.0,0.0,0.0,0.0,0.0,0.0,0.0,0.0,0.0,0.0,0.0,0.0,0.0,0.0,0.0,0.8284097037349775,0.0,0.0,0.0,0.0,0.0,0.0,0.0,0.0,HAc,TRX,None,3.0,0.0,0.0,2.6666666666666665,673,1,0.0794733333333333,0.23842,10.1002/jctb.7032,,2022,123.0,0.776994172679679,0.2589980575598929,0.0,0.0,3.705019013005781,2,Si-Cs-P,106.3670620008444,3.8284097037349776,1.9240226414771031,103.62521147318155,0.1421470664927043,0.0027860825032570095,-1.3047791895205578
0.0,0.1697909845325068,0.0,0.0,0.0,0.0,0.0,0.0,0.0104860925802975,0.0,0.0,0.0,0.0,0.0,0.0,0.0,0.0,0.0,0.0,0.0,0.0,0.0,0.0,0.0,0.0,0.8197229228871956,0.0,0.0,0.0,0.0,0.0,0.0,0.0,0.0,HAc,TRX,None,3.0,0.0,0.0,2.6666666666666665,673,1,0.1207461333333333,0.3622384,10.1002/jctb.7032,1,2022,92.0,0.776994172679679,0.2589980575598929,0.0,0.0,5.629142518416213,2,Si-Cs-P,107.81029373080189,3.7987507377266003,1.9121311750704204,299.0918932933182,0.22366455218959685,0.016100652556432487,-0.4656526180209576
0.0,0.1704922015235135,0.0,0.0,0.0,0.0,0.0,0.0,0.0,0.0,0.0,0.0,0.0,0.0,0.0,0.0,0.0,0.0,0.0,0.0,0.0,0.0,0.0,0.0,0.0,0.8231082830877314,0.0,0.0,0.0,0.0,0.0,0.006399515388755,0.0,0.0,HAc,TRX,None,3.0,0.0,0.0,2.6666666666666665,673,1,0.1176264,0.3528792,10.1002/jctb.7032,,2022,105.0,0.776994172679679,0.2589980575598929,0.0,0.0,5.48370164119734,2,Si-Cs-P,106.72308584369165,3.842306829253996,1.9225890051355405,122.64195973636235,0.17122312697860528,0.003087364612397577,-1.2075953005014126
0.0,0.1712244942542763,0.0,0.0021318339014999,0.0,0.0,0.0,0.0,0.0,0.0,0.0,0.0,0.0,0.0,0.0,0.0,0.0,0.0,0.0,0.0,0.0,0.0,0.0,0.0,0.0,0.8266436718442237,0.0,0.0,0.0,0.0,0.0,0.0,0.0,0.0,HAc,TRX,None,3.0,0.0,0.0,2.6666666666666665,673,1,0.0953484399999999,0.28604532,10.1002/jctb.7032,,2022,113.0,0.776994172679679,0.2589980575598929,0.0,0.0,4.44511093524588,2,Si-Cs-P,106.45581650949005,3.830907339647223,1.9239714291955985,107.09153332709757,0.1447640003705968,0.0027813706697042196,-1.2924082098762524
0.0624999999999999,0.0,0.0,0.0,0.0,0.0,0.0,0.0,0.0,0.0,0.0,0.0,0.0,0.0,0.0,0.0,0.0,0.0,0.0,0.0,0.0,0.0,0.0,0.0,0.0,0.9375,0.0,0.0,0.0,0.0,0.0,0.0,0.0,0.0,MAc,DMM,None,0.5,0.0,0.0,,623,30,0.444,0.222,10.1039/c7cc04574c,1,2017,218.94984471776968,,,,,,0,Al-Si-Cs,111.625,3.9374999999999996,1.881875,5.859374999999974,0.05859374999999992,0.004927734374999987,-1.6327208554772195
0.0624999999999999,0.0,0.0,0.0,0.0,0.0,0.0,0.0,0.0,0.0,0.0,0.0,0.0,0.0,0.0,0.0,0.0,0.0,0.0,0.0,0.0,0.0,0.0,0.0,0.0,0.9375,0.0,0.0,0.0,0.0,0.0,0.0,0.0,0.0,MAc,DMM,None,2.0,0.0,0.0,,623,30,0.2595,0.519,10.1039/c7cc04574c,,2017,218.94984471776968,,,,,,0,Al-Si-Cs,111.625,3.9374999999999996,1.881875,5.859374999999974,0.05859374999999992,0.004927734374999987,-1.6327208554772195
0.0624999999999999,0.0,0.0,0.0,0.0,0.0,0.0,0.0,0.0,0.0,0.0,0.0,0.0,0.0,0.0,0.0,0.0,0.0,0.0,0.0,0.0,0.0,0.0,0.0,0.0,0.9375,0.0,0.0,0.0,0.0,0.0,0.0,0.0,0.0,MAc,DMM,None,0.5,0.0,0.0,,673,30,0.611,0.3055,10.1039/c7cc04574c,,2017,218.94984471776968,,,,,,0,Al-Si-Cs,111.625,3.9374999999999996,1.881875,5.859374999999974,0.05859374999999992,0.004927734374999987,-1.6327208554772195
0.0624999999999999,0.0,0.0,0.0,0.0,0.0,0.0,0.0,0.0,0.0,0.0,0.0,0.0,0.0,0.0,0.0,0.0,0.0,0.0,0.0,0.0,0.0,0.0,0.0,0.0,0.9375,0.0,0.0,0.0,0.0,0.0,0.0,0.0,0.0,MAc,DMM,None,0.5,0.0,0.0,,683,30,0.209,0.1045,10.1039/c7cc04574c,,2017,,,,,,,0,Al-Si-Cs,111.625,3.9374999999999996,1.881875,5.859374999999974,0.05859374999999992,0.004927734374999987,-1.6327208554772195
0.0624999999999999,0.0,0.0,0.0,0.0,0.0,0.0,0.0,0.0,0.0,0.0,0.0,0.0,0.0,0.0,0.0,0.0,0.0,0.0,0.0,0.0,0.0,0.0,0.0,0.0,0.9375,0.0,0.0,0.0,0.0,0.0,0.0,0.0,0.0,MAc,DMM,None,0.5,0.0,0.0,,683,30,0.017,0.0085,10.1039/c7cc04574c,,2017,400.0,,,,,,0,Al-Si-Cs,111.625,3.9374999999999996,1.881875,5.859374999999974,0.05859374999999992,0.004927734374999987,-1.6327208554772195
0.0624999999999999,0.0,0.0,0.0,0.0,0.0,0.0,0.0,0.0,0.0,0.0,0.0,0.0,0.0,0.0,0.0,0.0,0.0,0.0,0.0,0.0,0.0,0.0,0.0,0.0,0.9375,0.0,0.0,0.0,0.0,0.0,0.0,0.0,0.0,MAc,DMM,None,0.5,0.0,0.0,,683,30,0.095,0.0475,10.1039/c7cc04574c,,2017,600.0,,,,,,0,Al-Si-Cs,111.625,3.9374999999999996,1.881875,5.859374999999974,0.05859374999999992,0.004927734374999987,-1.6327208554772195
0.0624999999999999,0.0,0.0,0.0,0.0,0.0,0.0,0.0,0.0,0.0,0.0,0.0,0.0,0.0,0.0,0.0,0.0,0.0,0.0,0.0,0.0,0.0,0.0,0.0,0.0,0.9375,0.0,0.0,0.0,0.0,0.0,0.0,0.0,0.0,MAc,DMM,None,0.5,0.0,0.0,,653,30,0.032,0.016,10.1039/c7cc04574c,,2017,600.0,,,,,,0,Al-Si-Cs,111.625,3.9374999999999996,1.881875,5.859374999999974,0.05859374999999992,0.004927734374999987,-1.6327208554772195
0.0249999999999999,0.0,0.0,0.0,0.0,0.0,0.0,0.0,0.0,0.0,0.0,0.0,0.0,0.0,0.0,0.0,0.0,0.0,0.0,0.0,0.0,0.0,0.0,0.0,0.0,0.975,0.0,0.0,0.0,0.0,0.0,0.0,0.0,0.0,MAc,DMM,None,0.5,0.0,0.0,,623,30,0.2754,0.1377,10.1016/S1872‐2067(18)63069‐4,,2018,262.0,,,,,,0,Al-Si-Cs,111.25,3.9749999999999996,1.8927499999999997,2.4374999999999836,0.024374999999999904,0.0020499374999999893,-1.7474863731284718
0.0248879145509236,0.0,0.0,0.0,0.0,0.0,0.0,0.0,0.0044834179630559,0.0,0.0,0.0,0.0,0.0,0.0,0.0,0.0,0.0,0.0,0.0,0.0,0.0,0.0,0.0,0.0,0.9706286674860204,0.0,0.0,0.0,0.0,0.0,0.0,0.0,0.0,MAc,DMM,None,0.5,0.0,0.0,,623,30,0.2464,0.1232,10.1016/S1872‐2067(18)63069‐4,,2018,258.0,,,,,,0,Al-Si-Cs,111.84517373459568,3.9616618315599084,1.8878059108412397,81.08165316193775,0.06376886105908589,0.00746839707560206,-1.3982797537098115
1.0,0.0,0.0,0.0,0.0,0.0,0.0,0.0,0.0,0.0,0.0,0.0,0.0,0.0,0.0,0.0,0.0,0.0,0.0,0.0,0.0,0.0,0.0,0.0,0.0,0.0,0.0,0.0,0.0,0.0,0.0,0.0,0.0,0.0,MAc,DMM,None,0.5,0.0,0.0,,623,30,0.1522,0.0761,10.1016/S1872‐2067(18)63069‐4,,2018,250.0,,,,,,0,Al-Si-Cs,121.0,3.0,1.61,0.0,0.0,0.0,-1.8292371528252536
0.0249999999999999,0.0,0.0,0.0,0.0,0.0,0.0,0.0,0.0,0.0,0.0,0.0,0.0,0.0,0.0,0.0,0.0,0.0,0.0,0.0,0.0,0.0,0.0,0.0,0.0,0.975,0.0,0.0,0.0,0.0,0.0,0.0,0.0,0.0,MAc,DMM,None,0.5,0.0,0.0,,623,30,0.24,0.12,10.1016/S1872-2067(18)63145-6,,2018,262.0,,,,,,0,Al-Si-Cs,111.25,3.9749999999999996,1.8927499999999997,2.4374999999999836,0.024374999999999904,0.0020499374999999893,-1.7474863731284718
0.0245262776977383,0.0,0.0,0.0,0.0,0.0,0.0,0.0,0.0,0.0,0.0,0.0,0.0,0.0,0.0,0.0,0.0,0.0189488920904648,0.0,0.0,0.0,0.0,0.0,0.0,0.0,0.9565248302117968,0.0,0.0,0.0,0.0,0.0,0.0,0.0,0.0,MAc,DMM,None,0.5,0.0,0.0,,623,30,0.2202,0.1101,10.1016/S1872-2067(18)63145-6,,2018,262.0,,,,,,0,Al-Si-Cs,112.28745184195296,3.918627046030867,1.8745069541399046,58.115494098081776,0.18844474887425894,0.019241777135073208,-1.0416016609298206
0.022798269874903,0.0,0.0,0.0,0.0,0.0,0.0,0.0,0.0,0.0,0.0,0.0,0.0,0.0,0.0,0.0,0.0,0.0880692050038782,0.0,0.0,0.0,0.0,0.0,0.0,0.0,0.8891325251212187,0.0,0.0,0.0,0.0,0.0,0.0,0.0,0.0,MAc,DMM,None,0.5,0.0,0.0,,623,30,0.1899,0.09495,10.1016/S1872-2067(18)63145-6,,2018,262.0,,,,,,0,Al-Si-Cs,116.07178897396233,3.712994115113462,1.807961372882516,242.96612872781583,0.7330487369503024,0.07631054060295711,1.3016161965536388
0.4588848443958805,0.0,0.0,0.0,0.0,0.0,0.0,0.0,0.0,0.0,0.0,0.0,0.0,0.0,0.0,0.0,0.0,0.0822303112082386,0.0,0.0,0.0,0.0,0.0,0.0,0.0,0.4588848443958807,0.0,0.0,0.0,0.0,0.0,0.0,0.0,0.0,HAc,FORM,"MeOH 
+ H$_2$O",10.0,0.0,0.0,,658,1,0.038,0.38,10.1021/i360017a011,,1966,,,,,,,0,Al-Si-Cs,120.1115155604119,3.2944242219794027,1.6871599932532027,211.615460036881,0.701120466740658,0.0706618467575487,1.07333190237412
0.4721643037239434,0.0,0.0,0.0,0.0,0.0,0.0,0.0,0.0,0.0,0.0,0.0556713925521128,0.0,0.0,0.0,0.0,0.0,0.0,0.0,0.0,0.0,0.0,0.0,0.0,0.0,0.4721643037239436,0.0,0.0,0.0,0.0,0.0,0.0,0.0,0.0,HAc,FORM,"MeOH 
+ H$_2$O",10.0,0.0,0.0,,658,1,0.0409999999999999,0.41,10.1021/i360017a011,,1966,,,,,,,0,Al-Si-Cs,120.8434111520338,3.3608215186197175,1.7029472479637742,421.52635382549306,0.5646577056333553,0.06581434313091786,1.2712461816450713
0.4855753109757245,0.0,0.0,0.0,0.0,0.0,0.0,0.0,0.0,0.0,0.0,0.0,0.0,0.0,0.0,0.0,0.0,0.0,0.0,0.0,0.0,0.0,0.0288493780485508,0.0,0.0,0.4855753109757246,0.0,0.0,0.0,0.0,0.0,0.0,0.0,0.0,HAc,FORM,"MeOH 
+ H$_2$O",10.0,0.0,0.0,,658,1,0.032,0.32,10.1021/i360017a011,,1966,,,,,,,0,Al-Si-Cs,119.00033531704926,3.4278765548786225,1.7280258315246049,327.3116265071785,0.4178944769551285,0.04491168358608452,0.43323606474386295
0.467774618833823,0.0,0.0,0.0,0.0,0.0,0.0,0.0,0.0,0.0,0.0,0.0,0.0,0.0,0.0644507623323537,0.0,0.0,0.0,0.0,0.0,0.0,0.0,0.0,0.0,0.0,0.4677746188338231,0.0,0.0,0.0,0.0,0.0,0.0,0.0,0.0,HAc,FORM,"MeOH 
+ H$_2$O",10.0,0.0,0.0,,658,1,0.046,0.46,10.1021/i360017a011,,1966,,,,,,,0,Al-Si-Cs,117.61126905830884,3.4033238565014687,1.7263194107621023,61.07426942114866,0.3695552479429589,0.031610208733793575,-0.5224135903480867
0.4764111532978967,0.0,0.0,0.0,0.0471776934042064,0.0,0.0,0.0,0.0,0.0,0.0,0.0,0.0,0.0,0.0,0.0,0.0,0.0,0.0,0.0,0.0,0.0,0.0,0.0,0.0,0.4764111532978968,0.0,0.0,0.0,0.0,0.0,0.0,0.0,0.0,HAc,FORM,"MeOH 
+ H$_2$O",10.0,0.0,0.0,,658,1,0.054,0.54,10.1021/i360017a011,,1966,,,,,,,0,Al-Si-Cs,118.83066160425238,3.42923345989369,1.719380841479824,185.64760880224912,0.33934748360979483,0.04565682922522387,-0.017208489667541883
0.4869516380855974,0.0,0.0,0.0,0.0,0.0,0.0,0.0,0.0,0.0,0.0,0.0,0.0,0.0,0.0,0.0,0.0,0.0,0.0,0.0,0.0,0.0,0.0,0.0,0.0,0.4869516380855975,0.0,0.0260967238288049,0.0,0.0,0.0,0.0,0.0,0.0,HAc,FORM,"MeOH 
+ H$_2$O",10.0,0.0,0.0,,658,1,0.05,0.5,10.1021/i360017a011,,1966,,,,,,,0,Al-Si-Cs,118.06164118247557,3.4608549142567915,1.7339921373178118,182.96687095457182,0.3006611099197667,0.03694631554618698,-0.24313901861412615
0.4911065658417864,0.0,0.0177868683164268,0.0,0.0,0.0,0.0,0.0,0.0,0.0,0.0,0.0,0.0,0.0,0.0,0.0,0.0,0.0,0.0,0.0,0.0,0.0,0.0,0.0,0.0,0.4911065658417866,0.0,0.0,0.0,0.0,0.0,0.0,0.0,0.0,HAc,FORM,"MeOH 
+ H$_2$O",10.0,0.0,0.0,,658,1,0.049,0.49,10.1021/i360017a011,,1966,,,,,,,0,Al-Si-Cs,117.76089996332624,3.4733196975253593,1.7396143589062905,195.7836559805459,0.2848618980927153,0.03372289268784111,-0.2960376607548256
0.4877910974607598,0.0,0.0,0.0,0.0,0.0,0.0,0.0,0.0,0.0,0.0,0.0,0.0,0.0,0.0,0.0244178050784801,0.0,0.0,0.0,0.0,0.0,0.0,0.0,0.0,0.0,0.4877910974607599,0.0,0.0,0.0,0.0,0.0,0.0,0.0,0.0,HAc,FORM,"MeOH 
+ H$_2$O",10.0,0.0,0.0,,658,1,0.05,0.5,10.1021/i360017a011,,1966,,,,,,,0,Al-Si-Cs,116.8302053726683,3.58546231777468,1.7499943499589112,51.92729658295356,0.5357098531823407,0.021512717374314205,-0.46364584228040834
0.4820794329084454,0.0,0.0,0.0,0.0,0.0,0.0,0.0,0.0,0.0,0.0,0.0,0.0,0.0,0.0,0.0,0.0,0.0,0.0,0.0,0.0358411341831088,0.0,0.0,0.0,0.0,0.4820794329084455,0.0,0.0,0.0,0.0,0.0,0.0,0.0,0.0,HAc,FORM,"MeOH 
+ H$_2$O",10.0,0.0,0.0,,658,1,0.006,0.06,10.1021/i360017a011,,1966,,,,,,,0,Al-Si-Cs,116.28672907346484,3.732967372190206,1.7605553757983814,26.31559067157114,1.7010538391853591,0.021101661202288045,1.3184922989708407
0.4835033155513232,0.0,0.0,0.0,0.0,0.0,0.0,0.0,0.0,0.0,0.0,0.0,0.0,0.0,0.0,0.0,0.0,0.0,0.0,0.0,0.0,0.0,0.0,0.0,0.0,0.4835033155513233,0.0,0.0,0.0,0.0,0.0,0.0,0.0329933688973532,0.0,HAc,FORM,"MeOH 
+ H$_2$O",10.0,0.0,0.0,,658,1,0.045,0.45,10.1021/i360017a011,,1966,,,,,,,0,Al-Si-Cs,116.1979602133841,3.7804436356275013,1.7515356962657773,25.32373881178772,2.5468739278454593,0.02068306491066349,2.6519430423730217
0.5,0.0,0.0,0.0,0.0,0.0,0.0,0.0,0.0,0.0,0.0,0.0,0.0,0.0,0.0,0.0,0.0,0.0,0.0,0.0,0.0,0.0,0.0,0.0,0.0,0.5,0.0,0.0,0.0,0.0,0.0,0.0,0.0,0.0,HAc,FORM,"MeOH 
+ H$_2$O",10.0,0.0,0.0,,658,1,0.034,0.34,10.1021/i360017a011,,1966,,,,,,,0,Al-Si-Cs,116.0,3.5,1.755,24.99999999999993,0.25,0.021024999999999974,-0.9907676174736405
0.0,0.0,0.0,0.0,0.0,0.0,0.0,0.0,0.0,0.0,0.0,0.0,0.0,0.0,0.0,0.0,0.0,0.088374457869482,0.0,0.0,0.0,0.0,0.0,0.0,0.0,0.911625542130518,0.0,0.0,0.0,0.0,0.0,0.0,0.0,0.0,HAc,FORM,"MeOH 
+ H$_2$O",10.0,0.0,0.0,,658,1,0.028,0.28,10.1021/i360017a011,,1966,,,,,,,2,Si-Cs-P,115.86059518282153,3.734876626391554,1.8142767758666025,243.70734952391527,0.7250797175918144,0.0758030562535709,1.2815246873444393
0.0,0.0,0.0,0.0,0.0508478592579866,0.0,0.0,0.0,0.0,0.0,0.0,0.0,0.0,0.0,0.0,0.0,0.0,0.0,0.0,0.0,0.0,0.0,0.0,0.0,0.0,0.9491521407420134,0.0,0.0,0.0,0.0,0.0,0.0,0.0,0.0,HAc,FORM,"MeOH 
+ H$_2$O",10.0,0.0,0.0,,658,1,0.037,0.37,10.1021/i360017a011,,1966,,,,,,,2,Si-Cs-P,114.30511085176914,3.8983042814840267,1.854236926667812,203.90844762251123,0.19304941786746632,0.03909250711816193,-0.32496953688498126
0.0,0.0,0.0,0.0,0.0,0.0,0.0,0.0,0.0,0.0,0.0,0.0,0.0,0.0,0.0,0.0,0.0,0.088374457869482,0.0,0.0,0.0,0.0,0.0,0.0,0.0,0.911625542130518,0.0,0.0,0.0,0.0,0.0,0.0,0.0,0.0,HAc,FORM,"MeOH 
+ H$_2$O",10.0,0.0,0.0,,658,1,0.032,0.32,10.1021/i360017a011,,1966,,,,,,,2,Si-Cs-P,115.86059518282153,3.734876626391554,1.8142767758666025,243.70734952391527,0.7250797175918144,0.0758030562535709,1.2815246873444393
0.0,0.0,0.0,0.0,0.0,0.0,0.0,0.0,0.0,0.0,0.0,0.0599607400510359,0.0,0.0,0.0,0.0,0.0,0.0,0.0,0.0,0.0,0.0,0.0,0.0,0.0,0.940039259948964,0.0,0.0,0.0,0.0,0.0,0.0,0.0,0.0,HAc,FORM,"MeOH 
+ H$_2$O",10.0,0.0,0.0,,658,1,0.039,0.39,10.1021/i360017a011,,1966,,,,,,,2,Si-Cs-P,116.51638808469531,3.8201177798468917,1.835242400744881,477.0771662909991,0.507289047332112,0.06574466053424169,1.3118771785660392
0.0,0.0,0.0,0.0,0.0,0.0,0.0,0.0,0.0,0.0,0.0,0.0,0.0,0.0,0.0,0.0,0.0,0.0,0.0,0.0,0.0,0.0,0.0311403010942615,0.0,0.0,0.9688596989057384,0.0,0.0,0.0,0.0,0.0,0.0,0.0,0.0,HAc,FORM,"MeOH 
+ H$_2$O",10.0,0.0,0.0,,658,1,0.048,0.48,10.1021/i360017a011,,1966,,,,,,,2,Si-Cs-P,114.39429281927451,3.9065790967172154,1.8663684748181972,358.4566935579425,0.27153524467818213,0.03519096771029241,0.09895105646169387
0.0,0.0,0.0,0.0,0.0,0.0,0.0,0.0,0.0208753300457327,0.0,0.0,0.0,0.0,0.0,0.0,0.0,0.0,0.0,0.0,0.0,0.0,0.0,0.0,0.0,0.0,0.9791246699542674,0.0,0.0,0.0,0.0,0.0,0.0,0.0,0.0,HAc,FORM,"MeOH 
+ H$_2$O",10.0,0.0,0.0,,658,1,0.038,0.38,10.1021/i360017a011,,1966,,,,,,,2,Si-Cs-P,113.77641889608248,3.9373740098628023,1.8768283836492368,361.5552112924419,0.18395595577092988,0.025183570345040294,-0.21433215424539334
0.0,0.0,0.0192167026002341,0.0,0.0,0.0,0.0,0.0,0.0,0.0,0.0,0.0,0.0,0.0,0.0,0.0,0.0,0.0,0.0,0.0,0.0,0.0,0.0,0.0,0.0,0.9807832973997658,0.0,0.0,0.0,0.0,0.0,0.0,0.0,0.0,HAc,FORM,"MeOH 
+ H$_2$O",10.0,0.0,0.0,,658,1,0.025,0.25,10.1021/i360017a011,,1966,,,,,,,2,Si-Cs-P,112.99853707042435,3.9615665947995313,1.8805911303737632,203.85370490227166,0.07538968376563303,0.01922625410233056,-0.8724843052425169
0.4911065658417864,0.0,0.0177868683164268,0.0,0.0,0.0,0.0,0.0,0.0,0.0,0.0,0.0,0.0,0.0,0.0,0.0,0.0,0.0,0.0,0.0,0.0,0.0,0.0,0.0,0.0,0.4911065658417866,0.0,0.0,0.0,0.0,0.0,0.0,0.0,0.0,HAc,FORM,"MeOH 
+ H$_2$O",10.0,0.0,0.0,,658,1,0.039,0.39,10.1021/i360017a011,,1966,,,,,,,0,Al-Si-Cs,117.76089996332624,3.4733196975253593,1.7396143589062905,195.7836559805459,0.2848618980927153,0.03372289268784111,-0.2960376607548256
0.467774618833823,0.0,0.0,0.0,0.0,0.0,0.0,0.0,0.0,0.0,0.0,0.0,0.0,0.0,0.0644507623323537,0.0,0.0,0.0,0.0,0.0,0.0,0.0,0.0,0.0,0.0,0.4677746188338231,0.0,0.0,0.0,0.0,0.0,0.0,0.0,0.0,HAc,FORM,"MeOH 
+ H$_2$O",10.0,0.0,0.0,,658,1,0.0349999999999999,0.35,10.1021/i360017a011,,1966,,,,,,,0,Al-Si-Cs,117.61126905830884,3.4033238565014687,1.7263194107621023,61.07426942114866,0.3695552479429589,0.031610208733793575,-0.5224135903480867
1.0,0.0,0.0,0.0,0.0,0.0,0.0,0.0,0.0,0.0,0.0,0.0,0.0,0.0,0.0,0.0,0.0,0.0,0.0,0.0,0.0,0.0,0.0,0.0,0.0,0.0,0.0,0.0,0.0,0.0,0.0,0.0,0.0,0.0,HAc,FORM,"MeOH 
+ H$_2$O",10.0,0.0,0.0,,658,1,0.01,0.1,10.1021/i360017a011,,1966,250.0,,,,,,0,Al-Si-Cs,121.0,3.0,1.61,0.0,0.0,0.0,-1.8292371528252536
0.0556487016564118,0.0,0.0,0.0,0.0,0.0,0.0,0.0,0.0,0.0,0.0,0.0,0.0,0.0,0.0,0.0,0.0,0.0,0.0,0.0,0.0,0.0,0.0,0.0,0.0,0.944351298343588,0.0,0.0,0.0,0.0,0.0,0.0,0.0,0.0,HAc,FORM,"MeOH 
+ H$_2$O",10.0,0.0,0.0,,658,1,0.0289999999999999,0.29,10.1021/i360017a011,,1966,,,,,,,0,Al-Si-Cs,111.5564870165641,3.9443512983435873,1.8838618765196402,5.255192366036733,0.052551923660367476,0.0044196167798368985,-1.6529844047718867
0.0,0.0,0.0,0.0,0.0,0.0,0.0,0.0,0.0,0.0,0.0,0.0,0.0,0.0,0.0,0.0,0.0,0.0,0.0,0.0,0.0,0.040610115156658,0.0,0.0,0.0,0.959389884843342,0.0,0.0,0.0,0.0,0.0,0.0,0.0,0.0,HAc,FORM,"MeOH 
+ H$_2$O",10.0,0.0,0.0,,658,1,0.0209999999999999,0.21,10.1021/i360017a011,,1966,,,,,,,2,Si-Cs-P,110.83755953937339,4.040610115156658,1.9117769333954306,0.6233749392579401,0.03896093370362098,0.0032766145244745247,-1.706403341476737
0.0,0.0,0.0,0.0,0.0,0.0,0.0,0.0,0.0,0.0,0.0,0.0,0.0,0.0,0.0,0.0,0.0,0.0,0.0,0.0,0.0,0.0,0.0,0.0,0.0,0.9852216748768472,0.0,0.0,0.0,0.0147783251231527,0.0,0.0,0.0,0.0,MAc,TRX,MeOH,1.0,2.0,0.0,0.4580429938806394,633,5,0.05474,0.05474,10.1021/acssuschemeng.3c07406,TS-1,2024,466.0,0.0474754736529249,0.0474754736529249,0.0949509473058499,0.0,0.1559284456656667,2,Si-Cs-P,111.72413793103448,3.9999999999999996,1.8946798029556646,34.95838287752671,1.9721522630525293e-31,0.0018869664393700383,-1.711288569168893
0.0,0.0,0.0,0.0,0.0,0.0,0.0,0.0,1.0,0.0,0.0,0.0,0.0,0.0,0.0,0.0,0.0,0.0,0.0,0.0,0.0,0.0,0.0,0.0,0.0,0.0,0.0,0.0,0.0,0.0,0.0,0.0,0.0,0.0,MAc,TRX,MeOH,1.0,2.0,0.0,0.4580429938806394,633,5,0.047526,0.047526,10.1021/acssuschemeng.3c07406,CsOx,2024,10.0,0.0474754736529249,0.0474754736529249,0.0949509473058499,0.0,0.1353791616497347,2,Si-Cs-P,244.0,1.0,0.79,0.0,0.0,0.0,-1.8292371528252536
0.0,0.0,0.0,0.0,0.0,0.0,0.0,0.0,0.0126306657539641,0.0,0.0,0.0,0.0,0.0,0.0,0.0,0.0,0.0,0.0,0.0,0.0,0.0,0.0,0.0,0.0,0.9873693342460358,0.0,0.0,0.0,0.0,0.0,0.0,0.0,0.0,MAc,TRX,MeOH,1.0,2.0,0.0,0.4580429938806394,633,5,0.168,0.168,10.1021/acssuschemeng.3c07406,Cs_SiO2,2024,129.0,0.0474754736529249,0.0474754736529249,0.0949509473058499,0.0,0.4785527744214837,2,Si-Cs-P,112.67987854527723,3.9621080027381073,1.8859799610130994,220.6018545949882,0.11224018832918164,0.015365681782264964,-0.8439075916554597
0.0,0.0,0.0,0.0,0.0,0.0,0.0,0.0,0.0126306657539641,0.0,0.0,0.0,0.0,0.0,0.0,0.0,0.0,0.0,0.0,0.0,0.0,0.0,0.0,0.0,0.0,0.9873693342460358,0.0,0.0,0.0,0.0,0.0,0.0,0.0,0.0,MAc,TRX,MeOH,1.0,2.0,0.0,0.4580429938806394,633,5,0.2664479999999999,0.2664479999999999,10.1021/acssuschemeng.3c07406,Cs_S1,2024,287.0,0.0474754736529249,0.0474754736529249,0.0949509473058499,0.0,0.758984700232473,2,Si-Cs-P,112.67987854527723,3.9621080027381073,1.8859799610130994,220.6018545949882,0.11224018832918164,0.015365681782264964,-0.8439075916554597
0.0,0.0,0.0,0.0,0.0,0.0,0.0,0.0,0.012691342599248,0.0,0.0,0.0,0.0,0.0,0.0,0.0,0.0,0.0,0.0,0.0,0.0,0.0,0.0,0.0,0.0,0.97271788906478,0.0,0.0,0.0,0.0145907683359717,0.0,0.0,0.0,0.0,MAc,TRX,MeOH,1.0,2.0,0.0,0.4580429938806394,633,5,0.4065459999999999,0.4065459999999999,10.1021/acssuschemeng.3c07406,Cs_TS1,2024,321.0,0.0474754736529249,0.0474754736529249,0.0949509473058499,0.0,1.1580578347021218,2,Si-Cs-P,113.40289621416255,3.9619259722022546,1.8806599331138842,253.7556837967289,0.11277245180048863,0.017153928605715983,-0.7312259728583066
0.0,0.0,0.0,0.0,0.0,0.0,0.0,0.0,0.0,0.0,0.0,0.0,0.0,0.0,0.0,0.0,0.0,0.0,0.0,0.0,0.0,0.0,0.0,0.0,0.0,1.0,0.0,0.0,0.0,0.0,0.0,0.0,0.0,0.0,EAc,TRX,EtOH,2.5,4.0,0.0,20.0,663,1,0.0,0.0,10.1039/D1RE00020A,,2021,773.0,1.743207954799378,0.6972831819197511,2.789132727679005,0.0,0.0,2,Si-Cs-P,111.00000000000001,4.0,1.9,0.0,0.0,0.0,-1.8292371528252536
0.0,0.0,0.0,0.0,0.0,0.0,0.0,0.0,0.0,0.0,0.0,0.0,0.0,0.0,0.0220921203148071,0.0,0.0,0.0,0.0,0.0,0.0,0.0,0.0,0.0,0.0,0.9779078796851928,0.0,0.0,0.0,0.0,0.0,0.0,0.0,0.0,EAc,TRX,EtOH,2.5,4.0,0.0,20.0,663,1,0.028,0.07,10.1039/D1RE00020A,,2021,671.0,1.743207954799378,0.6972831819197511,2.789132727679005,0.0,2.9285893640629554,2,Si-Cs-P,111.66276360944421,3.955815759370385,1.8869656490142634,19.44365268132285,0.08641623413921275,0.007520372775964987,-1.5089556861526048
0.0,0.0,0.0,0.0,0.0220921203148071,0.0,0.0,0.0,0.0,0.0,0.0,0.0,0.0,0.0,0.0,0.0,0.0,0.0,0.0,0.0,0.0,0.0,0.0,0.0,0.0,0.9779078796851928,0.0,0.0,0.0,0.0,0.0,0.0,0.0,0.0,EAc,TRX,EtOH,2.5,4.0,0.0,20.0,663,1,0.148,0.37,10.1039/D1RE00020A,,2021,671.0,1.743207954799378,0.6972831819197511,2.789132727679005,0.0,15.479686638618476,2,Si-Cs-P,112.43598782046246,3.955815759370385,1.8801170917166732,91.27714730954342,0.08641623413921275,0.017499287413190578,-1.15586997076841
0.0,0.0,0.0,0.0,0.0,0.0,0.0,0.0,0.0,0.0,0.0,0.0,0.0,0.0,0.0,0.0,0.0,0.0,0.0,0.0,0.0,0.0,0.0,0.0,0.0,0.9779078796851928,0.0,0.0220921203148071,0.0,0.0,0.0,0.0,0.0,0.0,EAc,TRX,EtOH,2.5,4.0,0.0,20.0,663,1,0.224,0.56,10.1039/D1RE00020A,,2021,677.0,1.743207954799378,0.6972831819197511,2.789132727679005,0.0,23.428714912503644,2,Si-Cs-P,112.8557381064438,3.955815759370385,1.879012485700933,152.43823702157124,0.08641623413921275,0.019497662827659874,-0.9731582115897381
0.0,0.0,0.0,0.0,0.0,0.0,0.0,0.0,0.0,0.0,0.0,0.0220919545475318,0.0,0.0,0.0,0.0,0.0,0.0,0.0,0.0,0.0,0.0,0.0,0.0,0.0,0.9779080454524682,0.0,0.0,0.0,0.0,0.0,0.0,0.0,0.0,EAc,TRX,EtOH,2.5,4.0,0.0,20.0,663,1,0.1159999999999999,0.29,10.1039/D1RE00020A,,2021,580.0,1.743207954799378,0.6972831819197511,2.789132727679005,0.0,12.132727365403673,2,Si-Cs-P,113.03245981837294,3.9337241363574047,1.8761406890886656,182.85541037700847,0.19443510082621432,0.025198789067077378,-0.6253024632381319
0.0,0.0,0.0,0.0,0.0,0.0,0.0,0.0,0.0,0.0,0.0,0.0,0.0,0.0,0.0,0.0,0.0,0.0,0.0,0.0,0.0,0.0,0.0220921203148071,0.0,0.0,0.9779078796851928,0.0,0.0,0.0,0.0,0.0,0.0,0.0,0.0,EAc,TRX,EtOH,2.5,4.0,0.0,20.0,663,1,0.18,0.45,10.1039/D1RE00020A,,2021,535.0,1.743207954799378,0.6972831819197511,2.789132727679005,0.0,18.82664591183328,2,Si-Cs-P,113.40804111431397,3.9337236390555783,1.876140510060008,256.6778194519967,0.19443652681322868,0.02519897387499444,-0.44853160610954584
0.0,0.0,0.0,0.0,0.0,0.0,0.0,0.0,0.022092119996205,0.0,0.0,0.0,0.0,0.0,0.0,0.0,0.0,0.0,0.0,0.0,0.0,0.0,0.0,0.0,0.0,0.9779078800037948,0.0,0.0,0.0,0.0,0.0,0.0,0.0,0.0,EAc,TRX,EtOH,2.5,4.0,0.0,20.0,663,1,0.252,0.63,10.1039/D1RE00020A,1,2021,444.0,1.743207954799378,0.6972831819197511,2.789132727679005,0.0,26.357304276566595,2,Si-Cs-P,113.93825195949526,3.9337236400113844,1.8754777468042119,382.15418603539246,0.1944365240725045,0.026618360145525863,-0.1223257711563539
