Al,B,Ba,Bi,Ca,Ce,Co,Cr,Cs,Cu,Fe,K,La,Li,Mg,Mn,Mo,Na,Nb,Nd,Ni,P,Rb,S,Sb,Si,Sn,Sr,Te,Ti,V,W,Zn,Zr,Ac_source,Fa_source,Stabilizer,Ratio_Ac_Fa,Ratio_Stab_Fa,O_content,LHSV_mlhg,Temperature_K,Pressure_bar,g_cat,Fa_mmolmin,Ac_mmolmin,Y_Acryl_Ac,Y_Acryl_Fa,STY_Acryl_mmolhg,doi,Link_to_excel,Density,Ac_mmolming,Fa_mmolming,MeOH_mmolming,Water_mmolming,STY_Acryl_mmolhg_Ac,STY_Acryl_mmolhg_Fa,Cluster_n,Cluster_title
0.0,0.0,0.0,0.0,0.0,0.0,0.0,0.0,0.0,0.0,0.0,0.0,0.0,0.0,0.0,0.0,0.0,0.0,0.0,0.0,0.0,0.5145631067961165,0.0,0.0,0.0,0.0,0.0,0.0,0.0,0.0,0.4854368932038835,0.0,0.0,0.0,HAc,FORM,"MeOH 
 + H$_2$O",2.5,0.0,0.0,,648,1,20.0,0.2033333333333333,0.51,0.3279999999999999,0.82,0.50102,10.1016/0021-9517(87)90285-5,,,,,,,,,2,P-V-Ti
0.0,0.0,0.0,0.0,0.0,0.0,0.0,0.0,0.0,0.0,0.0,0.0,0.0,0.0,0.0,0.0,0.0,0.0,0.0,0.0,0.0,0.5145631067961165,0.0,0.0,0.0,0.0,0.0,0.0,0.0,0.0,0.4854368932038835,0.0,0.0,0.0,HAc,FORM,"MeOH 
 + H$_2$O",2.5,0.0,0.0,,623,1,20.0,0.2033333333333333,0.51,0.3052,0.763,0.466193,10.1016/0021-9517(87)90285-5,,,,,,,,,2,P-V-Ti
0.0,0.0,0.0,0.0,0.0,0.0,0.0,0.0,0.0,0.0,0.0,0.0,0.0,0.0,0.0,0.0,0.0,0.0,0.0,0.0,0.0,0.5145631067961165,0.0,0.0,0.0,0.0,0.0,0.0,0.0,0.0,0.4854368932038835,0.0,0.0,0.0,MAc,FORM,"MeOH 
 + H$_2$O",1.825,0.0,0.0,,653,1,20.0,0.2,0.365,0.1638356164383561,0.299,0.1794,10.1016/0021-9517(87)90285-5,,,,,,,,,2,P-V-Ti
0.0,0.0,0.0,0.0,0.0,0.0,0.0,0.0,0.0,0.0,0.0,0.0,0.0,0.0,0.0,0.0,0.0,0.0,0.0,0.0,0.0,0.5145631067961165,0.0,0.0,0.0,0.0,0.0,0.0,0.0,0.0,0.4854368932038835,0.0,0.0,0.0,HAc,TRX,None,2.235294117647059,0.0,0.0,,593,1,20.0,0.2833333333333333,0.6333333333333333,0.4384210526315789,0.98,0.833,10.1016/0021-9517(87)90285-5,,,,,,,,,2,P-V-Ti
0.0,0.0,0.0,0.0,0.0,0.0,0.0,0.0,0.0,0.0,0.0,0.0,0.0,0.0,0.0,0.0,0.0,0.0,0.0,0.0,0.0,0.5145631067961165,0.0,0.0,0.0,0.0,0.0,0.0,0.0,0.0,0.4854368932038835,0.0,0.0,0.0,HAc,TRX,None,2.235294117647059,0.0,0.0,,593,1,20.0,0.2833333333333333,0.6333333333333333,0.4066578947368421,0.909,0.7726500000000001,10.1016/0021-9517(87)90285-5,,,,,,,,,2,P-V-Ti
0.0,0.0,0.0,0.0,0.0,0.0,0.0,0.0,0.0,0.0,0.0,0.0,0.0,0.0,0.0,0.0,0.0,0.0,0.0,0.0,0.0,0.5145631067961165,0.0,0.0,0.0,0.0,0.0,0.0,0.0,0.0,0.4854368932038835,0.0,0.0,0.0,MAc,TRX,None,1.8133333333333328,0.0,0.0,,653,1,20.0,0.25,0.4533333333333333,0.1996323529411764,0.362,0.2714999999999999,10.1016/0021-9517(87)90285-5,,,,,,,,,2,P-V-Ti
0.0,0.0,0.0,0.0,0.0,0.0,0.0,0.0,0.0,0.0,0.0,0.0,0.0,0.0,0.0,0.0,0.0,0.0,0.0,0.0,0.0,0.5416666666666666,0.0,0.0,0.0,0.0,0.0,0.0,0.0,0.0,0.4166666666666666,0.0,0.0,0.0416666666666666,HAc,TRX,None,2.235294117647059,0.0,0.0,,593,1,20.0,0.2833333333333333,0.6333333333333333,0.3355263157894737,0.75,0.6375,10.1016/0021-9517(87)90285-5,,,,,,,,,2,P-V-Ti
0.0,0.0,0.0,0.0,0.0,0.0,0.0416666666666666,0.0,0.0,0.0,0.0,0.0,0.0,0.0,0.0,0.0,0.0,0.0,0.0,0.0,0.0,0.5416666666666666,0.0,0.0,0.0,0.0,0.0,0.0,0.0,0.0,0.4166666666666666,0.0,0.0,0.0,HAc,TRX,None,2.235294117647059,0.0,0.0,,593,1,20.0,0.2833333333333333,0.6333333333333333,0.3176315789473684,0.71,0.6034999999999999,10.1016/0021-9517(87)90285-5,,,,,,,,,2,P-V-Ti
0.0,0.0,0.0,0.0,0.0,0.0,0.0,0.0,0.0,0.0,0.0,0.0,0.0,0.0,0.0,0.0,0.0,0.0,0.0454545454545454,0.0,0.0,0.5,0.0,0.0,0.0,0.0,0.0,0.0,0.0,0.0,0.4545454545454546,0.0,0.0,0.0,HAc,TRX,None,2.235294117647059,0.0,0.0,,593,1,20.0,0.2833333333333333,0.6333333333333333,0.3713157894736842,0.83,0.7055,10.1016/0021-9517(87)90285-5,,,,,,,,,2,P-V-Ti
0.0,0.0,0.0,0.0,0.0,0.0,0.0,0.0,0.0,0.0,0.0,0.0,0.0,0.0,0.0,0.0,0.0,0.0,0.0,0.0,0.0,0.5106382978723405,0.0,0.0,0.0,0.0,0.0,0.0,0.0638297872340425,0.0,0.425531914893617,0.0,0.0,0.0,HAc,TRX,None,2.235294117647059,0.0,0.0,,593,1,20.0,0.2833333333333333,0.6333333333333333,0.1968421052631579,0.44,0.374,10.1016/0021-9517(87)90285-5,,,,,,,,,2,P-V-Ti
0.0,0.0,0.0,0.0,0.0,0.0,0.0,0.0,0.0,0.0,0.0,0.0,0.0,0.0,0.0,0.0,0.0,0.0,0.0,0.0,0.0,0.6470588235294118,0.0,0.0,0.0,0.0,0.0,0.0,0.0,0.2352941176470588,0.1176470588235294,0.0,0.0,0.0,HAc,TRX,None,2.1028571428571428,0.0,0.0,,573,1,1.6483516483516485,0.2916666666666667,0.6133333333333333,0.2686820652173913,0.565,5.9984166666666665,10.1016/S0166-9834(00)80265-1,,,,,,,,,2,P-V-Ti
0.0,0.0,0.0,0.0,0.0,0.0,0.0,0.0,0.0,0.0,0.0,0.0,0.0,0.0,0.0,0.0,0.0,0.0,0.0,0.0,0.0,0.6470588235294118,0.0,0.0,0.0,0.0,0.0,0.0,0.0,0.2352941176470588,0.1176470588235294,0.0,0.0,0.0,HAc,TRX,None,2.1028571428571428,0.0,0.0,,573,1,1.948051948051948,0.2916666666666667,0.6133333333333333,0.3091032608695652,0.65,5.839166666666666,10.1016/S0166-9834(00)80265-1,,,,,,,,,2,P-V-Ti
0.0,0.0,0.0,0.0,0.0,0.0,0.0,0.0,0.0,0.0,0.0,0.0,0.0,0.0,0.0,0.0,0.0,0.0,0.0,0.0,0.0,0.6470588235294118,0.0,0.0,0.0,0.0,0.0,0.0,0.0,0.2352941176470588,0.1176470588235294,0.0,0.0,0.0,HAc,TRX,None,2.1028571428571428,0.0,0.0,,573,1,2.238805970149253,0.2916666666666667,0.6133333333333333,0.3138586956521739,0.66,5.159000000000001,10.1016/S0166-9834(00)80265-1,,,,,,,,,2,P-V-Ti
0.0,0.0,0.0,0.0,0.0,0.0,0.0,0.0,0.0,0.0,0.0,0.0,0.0,0.0,0.0,0.0,0.0,0.0,0.0,0.0,0.0,0.6470588235294118,0.0,0.0,0.0,0.0,0.0,0.0,0.0,0.2352941176470588,0.1176470588235294,0.0,0.0,0.0,HAc,TRX,None,2.1028571428571428,0.0,0.0,,573,1,1.0344827586206895,0.2916666666666667,0.6133333333333333,0.255366847826087,0.537,9.08425,10.1016/S0166-9834(00)80265-1,,,,,,,,,2,P-V-Ti
0.0,0.0,0.0,0.0,0.0,0.0,0.0,0.0,0.0,0.0,0.0,0.0,0.0,0.0,0.0,0.0,0.0,0.0,0.0,0.0,0.0,0.6470588235294118,0.0,0.0,0.0,0.0,0.0,0.0,0.0,0.2352941176470588,0.1176470588235294,0.0,0.0,0.0,HAc,TRX,None,2.1028571428571428,0.0,0.0,,573,1,1.1904761904761905,0.2916666666666667,0.6133333333333333,0.2216032608695652,0.466,6.850200000000001,10.1016/S0166-9834(00)80265-1,,,,,,,,,2,P-V-Ti
0.0,0.0,0.0,0.0,0.0,0.0,0.0,0.0,0.0,0.0,0.0,0.0,0.0,0.0,0.0,0.0,0.0,0.0,0.0,0.0,0.0,0.6470588235294118,0.0,0.0,0.0,0.0,0.0,0.0,0.0,0.2352941176470588,0.1176470588235294,0.0,0.0,0.0,HAc,TRX,None,2.1028571428571428,0.0,0.0,,593,1,2.2,0.2916666666666667,0.6133333333333333,0.2894157608695652,0.6086,4.8411363636363625,10.1016/S0166-9834(00)82351-9,,,,,,,,,2,P-V-Ti
0.0,0.0,0.0,0.0,0.0,0.0,0.0,0.0,0.0,0.0,0.0,0.0,0.0,0.0,0.0,0.0,0.0,0.0,0.0,0.0,0.0,0.6250000000000001,0.0,0.0,0.0,0.0,0.0,0.0,0.0,0.25,0.125,0.0,0.0,0.0,HAc,TRX,None,2.1028571428571428,0.0,0.0,,593,1,6.0,0.2916666666666667,0.6133333333333333,0.3883288043478261,0.8166,2.38175,10.1016/S0166-9834(00)82351-9,,,,,,,,,2,P-V-Ti
0.0,0.0,0.0,0.0,0.0,0.0,0.0,0.0,0.0,0.0,0.0,0.0,0.0,0.0,0.0,0.0,0.0,0.0,0.0,0.0,0.0,0.5714285714285715,0.0,0.0,0.0,0.0,0.0,0.0,0.0,0.2857142857142857,0.1428571428571428,0.0,0.0,0.0,HAc,TRX,None,2.1028571428571428,0.0,0.0,,593,1,20.0,0.2916666666666667,0.6133333333333333,0.4168138586956522,0.8765,0.7669374999999999,10.1016/S0166-9834(00)82351-9,,,,,,,,,2,P-V-Ti
0.0,0.0,0.0,0.0,0.0,0.0,0.0,0.0,0.0,0.0,0.0,0.0,0.0,0.0,0.0,0.0,0.0,0.0,0.0,0.0,0.0,0.6470588235294118,0.0,0.0,0.0,0.0,0.0,0.0,0.0,0.2352941176470588,0.1176470588235294,0.0,0.0,0.0,HAc,TRX,None,2.1028571428571428,0.0,0.0,,593,1,2.2,0.2916666666666667,0.6133333333333333,0.3733016304347826,0.785,6.244318181818182,10.1016/S0166-9834(00)82351-9,,,,,,,,,2,P-V-Ti
0.0,0.0,0.0,0.0,0.0,0.0,0.0,0.0,0.0,0.0,0.0,0.0,0.0,0.0,0.0,0.0,0.0,0.0,0.0,0.0,0.0,0.6470588235294118,0.0,0.0,0.0,0.0,0.0,0.0,0.0,0.2352941176470588,0.1176470588235294,0.0,0.0,0.0,HAc,TRX,None,2.1028571428571428,0.0,0.0,,593,1,5.0,0.2916666666666667,0.6133333333333333,0.4373573369565217,0.9197,3.2189499999999995,10.1016/S0166-9834(00)82351-9,,,,,,,,,2,P-V-Ti
0.0,0.0,0.0,0.0,0.0,0.0,0.0,0.0,0.0,0.0,0.0,0.0,0.0,0.0,0.0,0.0,0.0,0.0,0.0,0.0,0.0,0.5145631067961165,0.0,0.0,0.0,0.0,0.0,0.0,0.0,0.0,0.4854368932038835,0.0,0.0,0.0,MAc,DMM,None,2.0,0.0,0.0,,613,1,,0.2,0.4,0.225,0.53,,10.1016/S0167-2991(08)61662-6,,,,,,,,,2,P-V-Ti
0.0,0.0,0.0,0.0,0.0,0.0,0.0,0.0,0.0,0.0,0.0,0.0,0.0,0.0,0.0,0.0,0.0,0.0,0.0,0.0,0.0,0.6666666666666666,0.0,0.0,0.0,0.0,0.0,0.0,0.0,0.2222222222222222,0.1111111111111111,0.0,0.0,0.0,MAc,DMM,None,2.0,0.0,0.0,,613,1,,0.2,0.4,0.425,0.85,,10.1016/S0167-2991(08)61662-6,,,,,,,,,2,P-V-Ti
0.0,0.0,0.0,0.0,0.0,0.0,0.0,0.0,0.0,0.0,0.0,0.0,0.0,0.0,0.0,0.0,0.0,0.0,0.0,0.0,0.0,0.2372881355932203,0.0,0.0,0.0,0.6779661016949152,0.0,0.0,0.0,0.0,0.0847457627118644,0.0,0.0,0.0,MAc,DMM,None,2.0,0.0,0.0,,613,1,,0.2,0.4,0.2,0.49,,10.1016/S0167-2991(08)61662-6,,,,,,,,,3,Si-P-V
0.0,0.0,0.0,0.0,0.0,0.0,0.0,0.0,0.0,0.0,0.0,0.0,0.0,0.0,0.0,0.0,0.0,0.0,0.0,0.0,0.0,0.6666666666666666,0.0,0.0,0.0,0.0,0.0,0.0,0.0,0.2222222222222222,0.1111111111111111,0.0,0.0,0.0,MAc,DMM,None,2.0,0.0,0.0331491712707182,,613,1,,0.2,0.4,0.62,1.24,,10.1016/S0167-2991(08)61662-6,,,,,,,,,2,P-V-Ti
0.0,0.0,0.0,0.0,0.0,0.0,0.0,0.0,0.0,0.0,0.0,0.0,0.0,0.0,0.0,0.0,0.0,0.0,0.0,0.0,0.0,0.5121951219512195,0.0,0.0,0.0,0.0,0.0,0.0,0.0,0.0,0.4878048780487804,0.0,0.0,0.0,MAc,FORM,"MeOH 
 + H$_2$O",2.5,0.0,0.1,,633,1,5.0,0.1018814263843573,0.2547035659608932,0.389341493090413,0.9733537327260324,1.19,10.1016/j.jcat.2014.04.005,,,,,,,,,2,P-V-Ti
0.0,0.0,0.0,0.0,0.0,0.0,0.0,0.0,0.0,0.0,0.0,0.0,0.0,0.0,0.0,0.0,0.0,0.0,0.0,0.0,0.0,0.5121951219512195,0.0,0.0,0.0,0.0,0.0,0.0,0.0,0.0,0.4878048780487804,0.0,0.0,0.0,HAc,FORM,"MeOH 
 + H$_2$O",2.5,0.0,0.03,0.4433333333333333,633,1,3.0,0.1018814263843573,0.2547035659608932,0.3368,0.842,1.7156832203125765,10.1016/j.jcat.2019.04.032,1,1.0636978963103263,0.0849544079069042,0.0339817631627617,0.0,0.0,1.7167586749827215,1.7167586749827215,2,P-V-Ti
0.0,0.0,0.0,0.0,0.0,0.0,0.0,0.0,0.0,0.0,0.0,0.0,0.0,0.0,0.0,0.0,0.0,0.0,0.0,0.0,0.0,0.5121951219512195,0.0,0.0,0.0,0.0,0.0,0.0,0.0,0.0,0.4878048780487804,0.0,0.0,0.0,HAc,FORM,"MeOH 
 + H$_2$O",2.5,0.0,0.03,2.216666666666667,633,1,3.0,0.5094071319217864,1.2735178298044665,0.1672,0.418,4.258643622866135,10.1016/j.jcat.2019.04.032,,1.0636978963103263,0.4247720395345215,0.1699088158138086,0.0,0.0,4.261313100610319,4.26131310061032,2,P-V-Ti
0.0,0.0,0.0,0.0,0.0,0.0,0.0,0.0,0.0,0.0,0.0,0.0,0.0,0.0,0.0,0.0,0.0,0.0,0.0,0.0,0.0,0.5121951219512195,0.0,0.0,0.0,0.0,0.0,0.0,0.0,0.0,0.4878048780487804,0.0,0.0,0.0,HAc,FORM,"MeOH 
 + H$_2$O",2.5,0.0,0.03,0.4433333333333333,633,1,3.0,0.1018814263843573,0.2547035659608932,0.15,0.375,0.7641106978826797,10.1016/j.jcat.2019.04.032,,1.0636978963103263,0.0849544079069042,0.0339817631627617,0.0,0.0,0.7645896711621386,0.7645896711621385,2,P-V-Ti
0.0,0.0,0.0,0.0,0.0,0.0,0.0,0.0,0.0,0.0,0.0,0.0,0.0,0.0,0.0,0.0,0.0,0.0,0.0,0.0,0.0,0.5121951219512195,0.0,0.0,0.0,0.0,0.0,0.0,0.0,0.0,0.4878048780487804,0.0,0.0,0.0,HAc,FORM,"MeOH 
 + H$_2$O",2.5,0.0,0.03,0.4433333333333333,633,1,3.0,0.1018814263843573,0.2547035659608932,0.2188,0.547,1.114582804644869,10.1016/j.jcat.2019.04.032,,1.0636978963103263,0.0849544079069042,0.0339817631627617,0.0,0.0,1.1152814670018396,1.1152814670018394,2,P-V-Ti
0.0,0.0,0.0,0.0,0.0,0.0,0.0,0.0,0.0,0.0,0.0,0.0,0.0,0.0,0.0,0.0,0.0,0.0,0.0,0.0,0.0,0.5121951219512195,0.0,0.0,0.0,0.0,0.0,0.0,0.0,0.0,0.4878048780487804,0.0,0.0,0.0,HAc,FORM,"MeOH 
 + H$_2$O",2.5,0.0,0.03,0.4433333333333333,633,1,3.0,0.1018814263843573,0.2547035659608932,0.2608,0.652,1.3285338000520193,10.1016/j.jcat.2019.04.032,,1.0636978963103263,0.0849544079069042,0.0339817631627617,0.0,0.0,1.3293665749272383,1.329366574927238,2,P-V-Ti
0.0,0.0,0.0,0.0,0.0,0.0,0.0,0.0,0.0,0.0,0.0,0.0,0.0,0.0,0.0,0.0,0.0,0.0,0.0,0.0,0.0,0.5121951219512195,0.0,0.0,0.0,0.0,0.0,0.0,0.0,0.0,0.4878048780487804,0.0,0.0,0.0,HAc,FORM,"MeOH 
 + H$_2$O",2.5,0.0,0.03,0.4433333333333333,633,1,3.0,0.1018814263843573,0.2547035659608932,0.2588,0.647,1.3183456574135834,10.1016/j.jcat.2019.04.032,,1.0636978963103263,0.0849544079069042,0.0339817631627617,0.0,0.0,1.31917204597841,1.3191720459784098,2,P-V-Ti
0.0,0.0,0.0,0.0,0.0,0.0,0.0,0.0,0.0,0.0,0.0,0.0,0.0,0.0,0.0,0.0,0.0,0.0,0.0,0.0,0.0,0.5121951219512195,0.0,0.0,0.0,0.0,0.0,0.0,0.0,0.0,0.4878048780487804,0.0,0.0,0.0,HAc,FORM,"MeOH 
 + H$_2$O",2.5,0.0,0.03,0.4433333333333333,633,1,3.0,0.1018814263843573,0.2547035659608932,0.2804,0.701,1.428377597908689,10.1016/j.jcat.2019.04.032,,1.0636978963103263,0.0849544079069042,0.0339817631627617,0.0,0.0,1.4292729586257575,1.4292729586257575,2,P-V-Ti
0.0,0.0,0.0,0.0,0.0,0.0,0.0,0.0,0.0,0.0,0.0,0.0,0.0,0.0,0.0,0.0,0.0,0.0,0.0,0.0,0.0,0.5121951219512195,0.0,0.0,0.0,0.0,0.0,0.0,0.0,0.0,0.4878048780487804,0.0,0.0,0.0,HAc,FORM,"MeOH 
 + H$_2$O",2.5,0.0,0.03,0.4433333333333333,633,1,3.0,0.1018814263843573,0.2547035659608932,0.218,0.545,1.1105075475894943,10.1016/j.jcat.2019.04.032,,1.0636978963103263,0.0849544079069042,0.0339817631627617,0.0,0.0,1.111203655422308,1.111203655422308,2,P-V-Ti
0.0,0.0,0.0,0.0,0.0,0.0,0.0,0.0,0.0,0.0,0.0,0.0,0.0,0.0,0.0,0.0,0.0,0.0,0.0,0.0,0.0,0.133847072637405,0.0,0.0,0.0,0.7323058547251898,0.0,0.0,0.0,0.0,0.133847072637405,0.0,0.0,0.0,HAc,FORM,"MeOH 
 + H$_2$O",3.0,0.0,0.045,0.44,633,1,3.0,0.0893598115095952,0.2680794345287857,0.2795,0.8385,1.4985640390159125,10.1038/s41598-019-53180-8,1,1.06210584973537,0.0894192160856169,0.0298064053618723,0.0,0.0,1.4995602537557955,1.4995602537557955,3,Si-P-V
0.0,0.0,0.0,0.0,0.0,0.0,0.0,0.0,0.0,0.0,0.0,0.0,0.0,0.0,0.0,0.0,0.0,0.0,0.0,0.0,0.0,0.133847072637405,0.0,0.0,0.0,0.7323058547251898,0.0,0.0,0.0,0.0,0.133847072637405,0.0,0.0,0.0,HAc,FORM,"MeOH 
 + H$_2$O",3.0,0.0,0.0225,0.44,633,1,3.0,0.0893598115095952,0.2680794345287857,0.2475,0.7424999999999999,1.3269932009174894,10.1038/s41598-019-53180-8,,1.06210584973537,0.0894192160856169,0.0298064053618723,0.0,0.0,1.327875358871411,1.3278753588714107,3,Si-P-V
0.0,0.0,0.0,0.0,0.0,0.0,0.0,0.0,0.0,0.0,0.0,0.0,0.0,0.0,0.0,0.0,0.0,0.0,0.0,0.0,0.0,0.133847072637405,0.0,0.0,0.0,0.7323058547251898,0.0,0.0,0.0,0.0,0.133847072637405,0.0,0.0,0.0,HAc,FORM,"MeOH 
 + H$_2$O",3.0,0.0,0.045,1.32,633,1,3.0,0.270110339335822,0.8103310180074661,0.1975,0.5925,3.200807521129491,10.1038/s41598-019-53180-8,,1.06210584973537,0.2682576482568507,0.0894192160856169,0.0,0.0,3.178853131843681,3.178853131843681,3,Si-P-V
0.0,0.0,0.0,0.0,0.0,0.0,0.0,0.0,0.0,0.0,0.0,0.0,0.0,0.0,0.0,0.0,0.0,0.0,0.0,0.0,0.0,0.133847072637405,0.0,0.0,0.0,0.7323058547251898,0.0,0.0,0.0,0.0,0.133847072637405,0.0,0.0,0.0,HAc,FORM,"MeOH 
 + H$_2$O",3.0,0.0,0.045,0.44,633,1,3.0,0.0893598115095952,0.2680794345287857,0.2037699999999999,0.6113099999999999,1.0925309274786132,10.1038/s41598-019-53180-8,,1.06210584973537,0.0894192160856169,0.0298064053618723,0.0,0.0,1.0932572197059691,1.0932572197059691,3,Si-P-V
0.0,0.0,0.0,0.0,0.0,0.0,0.0,0.0,0.0,0.0,0.0,0.0,0.0,0.0,0.0,0.0,0.0,0.0,0.0,0.0,0.0,0.133847072637405,0.0,0.0,0.0,0.7323058547251898,0.0,0.0,0.0,0.0,0.133847072637405,0.0,0.0,0.0,HAc,FORM,"MeOH 
 + H$_2$O",3.0,0.0,0.045,0.44,633,1,3.0,0.0893598115095952,0.2680794345287857,0.165676,0.497028,0.8882865678998222,10.1038/s41598-019-53180-8,,1.06210584973537,0.0894192160856169,0.0298064053618723,0.0,0.0,0.88887708265204,0.88887708265204,3,Si-P-V
0.0,0.0,0.0,0.0,0.0,0.0,0.0,0.0,0.0,0.0,0.0,0.0,0.0,0.0,0.0,0.0,0.0,0.0,0.0,0.0,0.0,0.133847072637405,0.0,0.0,0.0,0.7323058547251898,0.0,0.0,0.0,0.0,0.133847072637405,0.0,0.0,0.0,HAc,TRX,None,2.5,0.0,0.0225,0.44,633,1,3.0,0.1537252289758534,0.3843130724396337,0.20983419,0.524585475,1.612840445235637,10.1038/s41598-019-53180-8,,1.259770375023613,0.1281995515459812,0.0512798206183924,0.0,0.0,1.6140389434208529,1.6140389434208526,3,Si-P-V
0.0,0.0,0.0,0.0,0.0,0.0,0.0,0.0,0.0,0.0,0.0,0.0,0.0,0.0,0.0,0.0,0.0,0.0,0.0,0.0,0.0,0.133847072637405,0.0,0.0,0.0,0.7323058547251898,0.0,0.0,0.0,0.0,0.133847072637405,0.0,0.0,0.0,HAc,DMM,None,2.5,0.0,0.0225,0.44,633,1,3.0,0.094995781040274,0.2374894526006851,0.1784,0.446,0.8473623668792444,10.1038/s41598-019-53180-8,,0.977369331393958,0.0792097683275758,0.0316839073310303,0.0,0.0,0.8478613601783715,0.8478613601783715,3,Si-P-V
0.0,0.0,0.0,0.0,0.0,0.0,0.0,0.0,0.0,0.0,0.0,0.0,0.0,0.0,0.0,0.0,0.0,0.0,0.0,0.0,0.0,0.5,0.0,0.0,0.0,0.0,0.0,0.0,0.0,0.0,0.4999999999999999,0.0,0.0,0.0,HAc,FORM,"MeOH 
 + H$_2$O",2.5,0.0,0.039,1.3333333333333333,633,1,3.0,0.3064103049153603,0.7660257622884007,0.159,0.3975,2.435961924077114,10.1039/C9CC08700A,UnsupportedVPO,1.0636978963103263,0.2555019786673813,0.1022007914669525,0.0,0.0,2.437488876486817,2.437488876486818,2,P-V-Ti
0.0,0.0,0.0,0.0,0.0,0.0,0.0,0.0,0.0,0.0,0.0,0.0,0.0,0.0,0.0,0.0,0.0,0.0,0.0,0.0,0.0,0.133847072637405,0.0,0.0,0.0,0.7323058547251898,0.0,0.0,0.0,0.0,0.133847072637405,0.0,0.0,0.0,HAc,FORM,"MeOH 
 + H$_2$O",2.5,0.0,0.039,1.3333333333333333,633,1,3.0,0.3064103049153603,0.7660257622884007,0.188,0.47,2.880256866204387,10.1039/C9CC08700A,33%VPO-MCF,1.0636978963103263,0.2555019786673813,0.1022007914669525,0.0,0.0,2.882062319368061,2.882062319368061,3,Si-P-V
0.0,0.0,0.0,0.0,0.0,0.0,0.0,0.0,0.0,0.0,0.0,0.0,0.0,0.0,0.0,0.0,0.0,0.0,0.0,0.0,0.0,0.133847072637405,0.0,0.0,0.0,0.7323058547251898,0.0,0.0,0.0,0.0,0.133847072637405,0.0,0.0,0.0,HAc,FORM,"MeOH 
 + H$_2$O",2.5,0.0,0.039,1.3333333333333333,633,1,3.0,0.3064103049153603,0.7660257622884007,0.204,0.51,3.1253851101366745,10.1039/C9CC08700A,33%VPO-SilicaHP,1.0636978963103263,0.2555019786673813,0.1022007914669525,0.0,0.0,3.1273442188887466,3.127344218888747,3,Si-P-V
0.0,0.0,0.0,0.0,0.0,0.0,0.0,0.0,0.0,0.0,0.0,0.0,0.0,0.0,0.0,0.0,0.0,0.0,0.0,0.0,0.0,0.133847072637405,0.0,0.0,0.0,0.7323058547251898,0.0,0.0,0.0,0.0,0.133847072637405,0.0,0.0,0.0,HAc,FORM,"MeOH 
 + H$_2$O",2.5,0.0,0.039,1.3333333333333333,633,1,3.0,0.3064103049153603,0.7660257622884007,0.158,0.395,2.4206414088313464,10.1039/C9CC08700A,,1.0636978963103263,0.2555019786673813,0.1022007914669525,0.0,0.0,2.4221587577667747,2.422158757766775,3,Si-P-V
0.0,0.0,0.0,0.0,0.0,0.0,0.0,0.0,0.0,0.0,0.0,0.0,0.0,0.0,0.0,0.0,0.0,0.0,0.0,0.0,0.0,0.133847072637405,0.0,0.0,0.0,0.7323058547251898,0.0,0.0,0.0,0.0,0.133847072637405,0.0,0.0,0.0,HAc,FORM,"MeOH 
 + H$_2$O",2.5,0.0,0.039,1.3333333333333333,633,1,3.0,0.3064103049153603,0.7660257622884007,0.198,0.495,3.033462018662067,10.1039/C9CC08700A,,1.0636978963103263,0.2555019786673813,0.1022007914669525,0.0,0.0,3.0353635065684896,3.0353635065684896,3,Si-P-V
0.0,0.0,0.0,0.0,0.0,0.0,0.0,0.0,0.0,0.0,0.0,0.0,0.0,0.0,0.0,0.0,0.0,0.0,0.0,0.0,0.0,0.5,0.0,0.0,0.0,0.0,0.0,0.0,0.0,0.0,0.4999999999999999,0.0,0.0,0.0,HAc,FORM,"MeOH 
 + H$_2$O",2.5,0.0,0.039,1.3333333333333333,633,1,3.0,0.3064103049153603,0.7660257622884007,0.212,0.53,3.247949232102819,10.1039/C9CC08700A,gammaVPO-deltaVPO-3-1,1.0636978963103263,0.2555019786673813,0.1022007914669525,0.0,0.0,3.24998516864909,3.2499851686490904,2,P-V-Ti
0.0,0.0,0.0,0.0,0.0,0.0,0.0,0.0,0.0,0.0,0.0,0.0,0.0,0.0,0.0,0.0,0.0,0.0,0.0,0.0,0.0,0.1015775924799303,0.0,0.0,0.0,0.0,0.0,0.0,0.0,0.8016818432534694,0.0967405642666003,0.0,0.0,0.0,HAc,FORM,"MeOH 
 + H$_2$O",2.5,0.0,0.0,0.4433333333333333,633,1,3.0,0.1018814263843573,0.2547035659608932,0.19838,0.49595,1.01056186830644,10.1021/acssuschemeng.0c05916,,1.0636978963103263,0.0849544079069042,0.0339817631627617,0.0,0.0,1.0111953264343003,1.0111953264343003,2,P-V-Ti
0.0,0.0,0.0,0.0,0.0,0.0,0.0,0.0,0.0,0.0,0.0,0.0,0.0,0.0,0.0,0.0,0.0,0.0,0.0,0.0,0.0,0.1015775924799303,0.0,0.0,0.0,0.0,0.0,0.0,0.0,0.8016818432534694,0.0967405642666003,0.0,0.0,0.0,HAc,FORM,"MeOH 
 + H$_2$O",2.5,0.0,0.03,0.4433333333333333,633,1,3.0,0.1018814263843573,0.2547035659608932,0.2845499999999999,0.7113749999999999,1.4495179938834433,10.1021/acssuschemeng.0c05916,1,1.0636978963103263,0.0849544079069042,0.0339817631627617,0.0,0.0,1.4504266061945768,1.4504266061945763,2,P-V-Ti
0.0,0.0,0.0,0.0,0.0,0.0,0.0,0.0,0.0,0.0,0.0,0.0,0.0,0.0,0.0,0.0,0.0,0.0,0.0,0.0,0.0,0.1015775924799303,0.0,0.0,0.0,0.0,0.0,0.0,0.0,0.8016818432534694,0.0967405642666003,0.0,0.0,0.0,HAc,FORM,"MeOH 
 + H$_2$O",2.5,0.0,0.03,0.4433333333333333,633,1,3.0,0.1018814263843573,0.2547035659608932,0.11895,0.297375,0.605939783420965,10.1021/acssuschemeng.0c05916,,1.0636978963103263,0.0849544079069042,0.0339817631627617,0.0,0.0,0.6063196092315759,0.6063196092315759,2,P-V-Ti
0.0,0.0,0.0,0.0,0.0,0.0,0.0,0.0,0.0,0.0,0.0,0.0,0.0,0.0,0.0,0.0,0.0,0.0,0.0,0.0,0.0,0.1015775924799303,0.0,0.0,0.0,0.0,0.0,0.0,0.0,0.8016818432534694,0.0967405642666003,0.0,0.0,0.0,HAc,FORM,"MeOH 
 + H$_2$O",2.5,0.0,0.03,0.4433333333333333,633,1,3.0,0.1018814263843573,0.2547035659608932,0.125236,0.31309,0.6379611157335684,10.1021/acssuschemeng.0c05916,,1.0636978963103263,0.0849544079069042,0.0339817631627617,0.0,0.0,0.6383610137177439,0.6383610137177439,2,P-V-Ti
0.0,0.0,0.0,0.0,0.0,0.0,0.0,0.0,0.0,0.0,0.0,0.0,0.0,0.0,0.0,0.0,0.0,0.0,0.0,0.0,0.0,0.0,0.0,0.0,0.0,0.0,0.0,0.0,0.0,1.0,0.0,0.0,0.0,0.0,HAc,FORM,"MeOH 
 + H$_2$O",2.5,0.0,0.0,0.4433333333333333,633,1,3.0,0.1018814263843573,0.2547035659608932,0.025912,0.06478,0.1319975760235733,10.1021/acssuschemeng.0c05916,,1.0636978963103263,0.0849544079069042,0.0339817631627617,0.0,0.0,0.1320803170610222,0.1320803170610222,2,P-V-Ti
1.0,0.0,0.0,0.0,0.0,0.0,0.0,0.0,0.0,0.0,0.0,0.0,0.0,0.0,0.0,0.0,0.0,0.0,0.0,0.0,0.0,0.0,0.0,0.0,0.0,0.0,0.0,0.0,0.0,0.0,0.0,0.0,0.0,0.0,HAc,FORM,"MeOH 
 + H$_2$O",2.5,0.0,0.03,1.3333333333333333,633,1,3.0,0.3064103049153603,0.7660257622884007,0.0503426,0.1258565,0.771274570811601,10.1039/D2RA06960A,,1.0636978963103263,0.2555019786673813,0.1022007914669525,0.0,0.0,0.7717580346756306,0.7717580346756305,0,Al-P-Cs
1.0,0.0,0.0,0.0,0.0,0.0,0.0,0.0,0.0,0.0,0.0,0.0,0.0,0.0,0.0,0.0,0.0,0.0,0.0,0.0,0.0,0.0,0.0,0.0,0.0,0.0,0.0,0.0,0.0,0.0,0.0,0.0,0.0,0.0,HAc,FORM,"MeOH 
 + H$_2$O",2.5,0.0,0.03,1.3333333333333333,633,1,3.0,0.3064103049153603,0.7660257622884007,0.0439424999999999,0.1098562499999999,0.6732217411871608,10.1039/D2RA06960A,,1.0636978963103263,0.2555019786673813,0.1022007914669525,0.0,0.0,0.673643741855484,0.673643741855484,0,Al-P-Cs
0.0,0.0,0.0,0.0,0.0,0.0,0.0,0.0,0.0,0.0,0.0,0.0,0.0,0.0,0.0,0.0,0.0,0.0,1.0,0.0,0.0,0.0,0.0,0.0,0.0,0.0,0.0,0.0,0.0,0.0,0.0,0.0,0.0,0.0,HAc,FORM,"MeOH 
 + H$_2$O",2.5,0.0,0.03,1.3333333333333333,633,1,3.0,0.3064103049153603,0.7660257622884007,0.072688,0.18172,1.1136176121843857,10.1039/D2RA06960A,,1.0636978963103263,0.2555019786673813,0.1022007914669525,0.0,0.0,1.1143156695224767,1.1143156695224767,2,P-V-Ti
0.0,0.0,0.0,0.0,0.0,0.0,0.0,0.0,0.0,0.0,0.0,0.0,0.0,0.0,0.0,0.0,1.0,0.0,0.0,0.0,0.0,0.0,0.0,0.0,0.0,0.0,0.0,0.0,0.0,0.0,0.0,0.0,0.0,0.0,HAc,FORM,"MeOH 
 + H$_2$O",2.5,0.0,0.03,1.3333333333333333,633,1,3.0,0.3064103049153603,0.7660257622884007,0.1035319999999999,0.2588299999999999,1.5861635844248538,10.1039/D2RA06960A,,1.0636978963103263,0.2555019786673813,0.1022007914669525,0.0,0.0,1.587157851323479,1.587157851323479,2,P-V-Ti
0.0,0.0,0.0,0.0,0.0,0.0,0.0,0.0,0.0,0.0,0.0,0.0,0.0,0.0,0.0,0.0,0.0,0.0,0.0447511737987761,0.0,0.0,0.1078383854360289,0.0,0.0,0.0,0.0,0.0,0.0,0.0,0.7447072165404055,0.1027032242247894,0.0,0.0,0.0,HAc,FORM,"MeOH 
 + H$_2$O",2.5,0.0,0.03,1.3333333333333333,633,1,3.0,0.3064103049153603,0.7660257622884007,0.2510936,0.627734,3.846883326914776,10.1039/D2RA06960A,V-Ti-Nb,1.0636978963103263,0.2555019786673813,0.1022007914669525,0.0,0.0,3.8492946978429594,3.8492946978429594,2,P-V-Ti
0.0,0.0,0.0,0.0,0.0,0.0,0.0,0.0,0.0,0.0,0.0,0.0,0.0,0.0,0.0,0.0,0.0414603541786402,0.0,0.0,0.0,0.0,0.1082098872530035,0.0,0.0,0.0,0.0,0.0,0.0,0.0,0.7472727230893051,0.103057035479051,0.0,0.0,0.0,HAc,FORM,"MeOH 
 + H$_2$O",2.5,0.0,0.03,1.3333333333333333,633,1,3.0,0.3064103049153603,0.7660257622884007,0.2314884,0.578721,3.546521561418445,10.1039/D2RA06960A,V-Ti-Mo,1.0636978963103263,0.2555019786673813,0.1022007914669525,0.0,0.0,3.548744654312774,3.548744654312774,2,P-V-Ti
0.0,0.0,0.0,0.0,0.0,0.0,0.0,0.0,0.0,0.0,0.0,0.0,0.0,0.0,0.0,0.0,0.0,0.0,0.0,0.0,0.0,0.1099378604615934,0.0,0.0,0.0,0.0,0.0,0.0,0.0,0.7592057107098282,0.1047027242491366,0.0261537045794417,0.0,0.0,HAc,FORM,"MeOH 
 + H$_2$O",2.5,0.0,0.03,1.3333333333333333,633,1,3.0,0.3064103049153603,0.7660257622884007,0.1822952199999999,0.4557380499999999,2.7928566972406337,10.1039/D2RA06960A,V-Ti-W,1.0636978963103263,0.2555019786673813,0.1022007914669525,0.0,0.0,2.794607364696334,2.7946073646963345,2,P-V-Ti
0.0,0.0,0.0,0.0260288539352753,0.0,0.0,0.0,0.0,0.0,0.0,0.0,0.0,0.0,0.0,0.0,0.0,0.0,0.0,0.0,0.0,0.0,0.109951954895963,0.0,0.0,0.0,0.0,0.0,0.0,0.0,0.7593030436487969,0.1047161475199648,0.0,0.0,0.0,HAc,FORM,"MeOH 
 + H$_2$O",2.5,0.0,0.03,1.3333333333333333,633,1,3.0,0.3064103049153603,0.7660257622884007,0.1463668799999999,0.3659171999999999,2.2424160165154974,10.1039/D2RA06960A,V-Ti-Bi,1.0636978963103263,0.2555019786673813,0.1022007914669525,0.0,0.0,2.2438216470822687,2.243821647082269,2,P-V-Ti
0.0,0.0,0.0,0.0,0.0,0.0,0.0,0.0,0.0,0.0,0.0,0.0,0.0,0.0,0.0,0.0,0.0,0.0,0.0,0.0,0.0,0.133847072637405,0.0,0.0,0.0,0.7323058547251898,0.0,0.0,0.0,0.0,0.133847072637405,0.0,0.0,0.0,HAc,FORM,"MeOH 
 + H$_2$O",2.5,0.0,0.03,0.4433333333333333,633,1,3.0,0.1018814263843573,0.2547035659608932,0.2290287999999999,0.572572,1.1666890413548845,10.1039/D3NJ00221G,VPO-MCF,1.0636978963103263,0.0849544079069042,0.0339817631627617,0.0,0.0,1.1674203658577278,1.1674203658577278,3,Si-P-V
0.0,0.0,0.0,0.0,0.0,0.0,0.0,0.0,0.0,0.0,0.0,0.0,0.0,0.0,0.0,0.0,0.0,0.0,0.0,0.0,0.0,0.1015775924799303,0.0,0.0,0.0,0.0,0.0,0.0,0.0,0.8016818432534694,0.0967405642666003,0.0,0.0,0.0,HAc,FORM,"MeOH 
 + H$_2$O",2.5,0.0,0.03,0.4433333333333333,633,1,3.0,0.1018814263843573,0.2547035659608932,0.245156,0.6128900000000002,1.248842148334175,10.1039/D3NJ00221G,UnModifiedV-Ti,1.0636978963103263,0.0849544079069042,0.0339817631627617,0.0,0.0,1.249624969489502,1.249624969489502,2,P-V-Ti
0.0,0.0,0.0,0.0,0.0,0.0,0.0,0.0,0.0,0.0,0.0,0.0,0.0,0.0,0.0,0.0,0.0,0.0,0.0,0.0,0.0,0.1022903000348021,0.0,0.0,0.0,0.0938969584445408,0.0,0.0,0.0,0.7063934081541788,0.0974193333664782,0.0,0.0,0.0,HAc,FORM,"MeOH 
 + H$_2$O",2.5,0.0,0.03,0.4433333333333333,633,1,3.0,0.1018814263843573,0.2547035659608932,0.24657582,0.61643955,1.2560748126746266,10.1039/D3NJ00221G,AllylSi-V-Ti,1.0636978963103263,0.0849544079069042,0.0339817631627617,0.0,0.0,1.2568621675355645,1.2568621675355645,2,P-V-Ti
0.0,0.0,0.0,0.0,0.0,0.0,0.0,0.0,0.0,0.0,0.0,0.0,0.0,0.0,0.0,0.0,0.0,0.0,0.0,0.0,0.0,0.1022903000348021,0.0,0.0,0.0,0.0938969584445408,0.0,0.0,0.0,0.7063934081541788,0.0974193333664782,0.0,0.0,0.0,HAc,FORM,"MeOH 
 + H$_2$O",2.5,0.0,0.03,0.4433333333333333,633,1,3.0,0.1018814263843573,0.2547035659608932,0.3349959999999999,0.8374899999999998,1.7064935156527077,10.1039/D3NJ00221G,Glycosidil-Si-V-Ti,1.0636978963103263,0.0849544079069042,0.0339817631627617,0.0,0.0,1.7075632098708782,1.707563209870878,2,P-V-Ti
0.0,0.0,0.0,0.0,0.0,0.0,0.0,0.0,0.0,0.0,0.0,0.0,0.0,0.0,0.0,0.0,0.0,0.0,0.0,0.0,0.0,0.133847072637405,0.0,0.0,0.0,0.7323058547251898,0.0,0.0,0.0,0.0,0.133847072637405,0.0,0.0,0.0,HAc,FORM,"MeOH 
 + H$_2$O",2.5,0.0,0.1,2.6666666666666665,633,1,3.0,0.6128206098307206,1.5320515245768014,0.175812,0.43953,5.387060852777932,10.2139/ssrn.4741336,1,1.0636978963103263,0.5110039573347626,0.204401582933905,0.0,0.0,5.390437664816356,5.390437664816357,3,Si-P-V
0.0,0.0,0.0,0.0,0.0,0.0,0.0,0.0,0.0,0.0,0.0,0.0,0.0,0.0,0.0,0.0,0.0,0.0,0.0,0.0,0.0,0.5833333333333333,0.0,0.0,0.0,0.0,0.0,0.0,0.0,0.0,0.4166666666666667,0.0,0.0,0.0,HAc,TRX,None,3.5,0.0,0.1304347826086956,1.6666666666666667,623,1,0.6000000000000001,0.0831846477142064,0.2911462669997224,0.173,0.6054999999999999,5.036830419095198,10.1021/acs.iecr.8b02132,,1.199844972466995,0.4856334986590716,0.1387524281883062,0.0,0.0,5.040875716081163,5.040875716081163,2,P-V-Ti
0.0,0.0,0.0,0.0,0.0,0.0,0.0,0.0,0.0,0.0,0.0,0.0,0.0,0.0,0.0,0.0,0.0,0.0,0.024390243902439,0.0,0.0,0.5691056910569106,0.0,0.0,0.0,0.0,0.0,0.0,0.0,0.0,0.4065040650406504,0.0,0.0,0.0,HAc,TRX,None,3.5,0.0,0.1304347826086956,1.6666666666666667,623,1,0.6000000000000001,0.0831846477142064,0.2911462669997224,0.185,0.6475,5.386205939494865,10.1021/acs.iecr.8b02132,,1.199844972466995,0.4856334986590716,0.1387524281883062,0.0,0.0,5.390531835115695,5.390531835115695,2,P-V-Ti
0.0,0.0,0.0,0.0,0.0,0.0,0.0,0.0,0.0,0.0,0.0,0.0,0.0,0.0,0.0,0.0,0.0,0.0,0.0,0.0,0.0,0.5833333333333333,0.0,0.0,0.0,0.0,0.0,0.0,0.0,0.0,0.4166666666666667,0.0,0.0,0.0,HAc,TRX,None,3.5,0.0,0.1304347826086956,1.6666666666666667,623,1,0.6000000000000001,0.0831846477142064,0.2911462669997224,0.176,0.616,5.124174299195115,10.1039/C8RA09241A,,1.199844972466995,0.4856334986590716,0.1387524281883062,0.0,0.0,5.128289745839796,5.128289745839797,2,P-V-Ti
0.0,0.0,0.0,0.0,0.0,0.0,0.0,0.0,0.0,0.0,0.0,0.0,0.0,0.0,0.0,0.0,0.024390243902439,0.0,0.0,0.0,0.0,0.5691056910569106,0.0,0.0,0.0,0.0,0.0,0.0,0.0,0.0,0.4065040650406503,0.0,0.0,0.0,HAc,TRX,None,3.5,0.0,0.1304347826086956,1.6666666666666667,623,1,0.6000000000000001,0.0831846477142064,0.2911462669997224,0.142,0.4969999999999999,4.134276991396058,10.1039/C8RA09241A,,1.199844972466995,0.4856334986590716,0.1387524281883062,0.0,0.0,4.13759740857529,4.13759740857529,2,P-V-Ti
0.0,0.0,0.0,0.0,0.0,0.0,0.0,0.0,0.0,0.0,0.0,0.0,0.0,0.0,0.0,0.0,0.0,0.0,0.0,0.0,0.0,0.5691056910569106,0.0,0.0,0.0,0.0,0.0,0.0,0.0,0.0,0.4065040650406505,0.024390243902439,0.0,0.0,HAc,TRX,None,3.5,0.0,0.1304347826086956,1.6666666666666667,623,1,0.6000000000000001,0.0831846477142064,0.2911462669997224,0.197,0.6895,5.735581459894533,10.1039/C8RA09241A,,1.199844972466995,0.4856334986590716,0.1387524281883062,0.0,0.0,5.740187954150227,5.740187954150227,2,P-V-Ti
0.0,0.0,0.0,0.0,0.0,0.0,0.0,0.024390243902439,0.0,0.0,0.0,0.0,0.0,0.0,0.0,0.0,0.0,0.0,0.0,0.0,0.0,0.5691056910569106,0.0,0.0,0.0,0.0,0.0,0.0,0.0,0.0,0.4065040650406504,0.0,0.0,0.0,HAc,TRX,None,3.5,0.0,0.1304347826086956,1.6666666666666667,623,1,0.6000000000000001,0.0831846477142064,0.2911462669997224,0.072,0.252,2.096253122398001,10.1039/C8RA09241A,,1.199844972466995,0.4856334986590716,0.1387524281883062,0.0,0.0,2.097936714207189,2.0979367142071896,2,P-V-Ti
0.0,0.0,0.0,0.0,0.0,0.0,0.0,0.0,0.0,0.0,0.0,0.0,0.024390243902439,0.0,0.0,0.0,0.0,0.0,0.0,0.0,0.0,0.5691056910569106,0.0,0.0,0.0,0.0,0.0,0.0,0.0,0.0,0.4065040650406503,0.0,0.0,0.0,HAc,TRX,None,3.5,0.0,0.1304347826086956,1.6666666666666667,623,1,0.6000000000000001,0.0831846477142064,0.2911462669997224,0.172,0.602,5.007715792395226,10.1039/C8RA09241A,,1.199844972466995,0.4856334986590716,0.1387524281883062,0.0,0.0,5.011737706161618,5.011737706161619,2,P-V-Ti
0.0,0.0,0.0,0.0,0.0,0.024390243902439,0.0,0.0,0.0,0.0,0.0,0.0,0.0,0.0,0.0,0.0,0.0,0.0,0.0,0.0,0.0,0.5691056910569104,0.0,0.0,0.0,0.0,0.0,0.0,0.0,0.0,0.4065040650406504,0.0,0.0,0.0,HAc,TRX,None,3.5,0.0,0.1304347826086956,1.6666666666666667,623,1,0.6000000000000001,0.0831846477142064,0.2911462669997224,0.204,0.714,5.939383846794337,10.1039/C8RA09241A,,1.199844972466995,0.4856334986590716,0.1387524281883062,0.0,0.0,5.944154023587036,5.9441540235870365,2,P-V-Ti
0.0,0.0,0.0,0.0,0.0,0.0,0.0,0.0,0.0,0.0,0.0,0.0,0.0,0.0,0.0,0.0,0.0,0.0,0.0,0.0,0.0,0.0704626346521857,0.0,0.0,0.0,0.90811580458234,0.0,0.0,0.0,0.0,0.0214215607654744,0.0,0.0,0.0,HAc,FORM,"MeOH 
 + H$_2$O",10.0,0.0,0.0,2.0,643,1,3.0,0.1545808524837044,1.545808524837045,0.0219,0.219,0.6770641338786256,10.1021/acs.iecr.5b01422,1,1.0546079627522464,0.5157041230938302,0.051570412309383,0.0,0.0,0.6776352177452929,0.6776352177452928,3,Si-P-V
0.0,0.0,0.0,0.0,0.0,0.0,0.0,0.0,0.0,0.0,0.0,0.0,0.0,0.0,0.0,0.0,0.0,0.0,0.0,0.0,0.0,0.0,0.0,0.0,0.0,0.9769545996061612,0.0,0.0,0.0,0.0,0.0230454003938388,0.0,0.0,0.0,HAc,FORM,"MeOH 
 + H$_2$O",10.0,0.0,0.0,2.0,643,1,3.0,0.1545808524837044,1.545808524837045,0.01693,0.1693,0.5234107665098233,10.1021/acs.iecr.5b01422,,1.0546079627522464,0.5157041230938302,0.051570412309383,0.0,0.0,0.5238522482387127,0.5238522482387127,3,Si-P-V
0.0,0.0,0.0,0.0,0.0,0.0,0.0,0.0,0.0,0.0,0.0,0.0,0.0,0.0,0.0,0.0,0.0,0.0,0.0,0.0,0.0,0.0704626346521857,0.0,0.0,0.0,0.90811580458234,0.0,0.0,0.0,0.0,0.0214215607654744,0.0,0.0,0.0,HAc,FORM,"MeOH 
 + H$_2$O",10.0,0.0,0.0,2.0,643,1,3.0,0.1545808524837044,1.545808524837045,0.0219,0.219,0.6770641338786256,10.1016/j.cej.2016.04.107,1,1.0546079627522464,0.5157041230938302,0.051570412309383,0.0,0.0,0.6776352177452929,0.6776352177452928,3,Si-P-V
0.0,0.0,0.0,0.0,0.0,0.0,0.0,0.0,0.0,0.0,0.0,0.0,0.0,0.0,0.0,0.0,0.0,0.0,0.0,0.0,0.0,0.0704626346521857,0.0,0.0,0.0,0.90811580458234,0.0,0.0,0.0,0.0,0.0214215607654744,0.0,0.0,0.0,HAc,FORM,"MeOH 
 + H$_2$O",7.5,0.0,0.0,2.0,643,1,3.0,0.198492188436436,1.4886914132732705,0.03176,0.2382,0.9456167857111814,10.1016/j.cej.2016.04.107,,1.055916749010858,0.4966335489675121,0.0662178065290016,0.0,0.0,0.946384890912491,0.946384890912491,3,Si-P-V
0.8999853638612879,0.0,0.0,0.0,0.0,0.0,0.0,0.0,0.0,0.0,0.0,0.0,0.0,0.0,0.0,0.0,0.0,0.0,0.0,0.0,0.0,0.050007318069356,0.0,0.0,0.0,0.0,0.0,0.0,0.0,0.0,0.050007318069356,0.0,0.0,0.0,MAc,TRX,None,5.0,0.0,0.21,1.0,623,1,6.0,0.2516198704103672,1.2580993520518362,0.07082,0.3541,0.8909859611231106,10.1021/acs.iecr.6b03079,,1.0053234973701344,0.2092174864874706,0.0418434972974941,0.0,0.0,0.8890069435825604,0.8890069435825604,0,Al-P-Cs
0.0,0.0,0.0,0.0,0.0,0.0,0.0,0.0,0.0,0.0,0.0,0.0,0.0,0.0,0.0,0.0,0.0,0.0,0.7753672659783722,0.0,0.0,0.1123163670108139,0.0,0.0,0.0,0.0,0.0,0.0,0.0,0.0,0.1123163670108139,0.0,0.0,0.0,MAc,TRX,None,5.0,0.0,0.21,1.0,623,1,6.0,0.2516198704103672,1.2580993520518362,0.06556,0.3278,0.8248099352051836,10.1021/acs.iecr.6b03079,,1.0053234973701344,0.2092174864874706,0.0418434972974941,0.0,0.0,0.8229779048471144,0.8229779048471145,2,P-V-Ti
0.0,0.0,0.0,0.0,0.0,0.0,0.0,0.0,0.0,0.0,0.0,0.0,0.0,0.0,0.0,0.0,0.0,0.0,0.0,0.0,0.0,0.0579025361340279,0.0,0.0,0.0,0.884194927731944,0.0,0.0,0.0,0.0,0.0579025361340279,0.0,0.0,0.0,MAc,TRX,None,5.0,0.0,0.21,1.0,623,1,6.0,0.2516198704103672,1.2580993520518362,0.052,0.26,0.6542116630669548,10.1021/acs.iecr.6b03079,,1.0053234973701344,0.2092174864874706,0.0418434972974941,0.0,0.0,0.6527585578409084,0.6527585578409085,3,Si-P-V
0.0,0.0,0.0,0.0,0.0,0.0,0.0,0.0,0.0,0.0,0.0,0.0,0.0,0.0,0.0,0.0,0.0,0.0,0.0,0.0,0.0,0.0741398135273486,0.0,0.0,0.0,0.0,0.0,0.0,0.0,0.8517203729453029,0.0741398135273485,0.0,0.0,0.0,MAc,TRX,None,5.0,0.0,0.21,1.0,623,1,6.0,0.2516198704103672,1.2580993520518362,0.039,0.195,0.4906587473002161,10.1021/acs.iecr.6b03079,,1.0053234973701344,0.2092174864874706,0.0418434972974941,0.0,0.0,0.4895689183806813,0.4895689183806814,2,P-V-Ti
0.0,0.0,0.0,0.0,0.0,0.0,0.0,0.0,0.0,0.0,0.0,0.0,0.0,0.0,0.0,0.0,0.0,0.0,0.0,0.0,0.0,0.1058666924623307,0.0,0.0,0.0,0.0,0.0,0.0,0.0,0.0,0.1058666924623307,0.0,0.0,0.7882666150753386,MAc,TRX,None,5.0,0.0,0.21,1.0,623,1,6.0,0.2516198704103672,1.2580993520518362,0.03956,0.1978,0.4977041036717063,10.1021/acs.iecr.6b03079,,1.0053234973701344,0.2092174864874706,0.0418434972974941,0.0,0.0,0.4965986259266603,0.4965986259266604,2,P-V-Ti
0.0,0.0,0.0,0.0,0.0,0.0,0.0,0.0,0.0,0.0,0.0,0.0,0.0,0.0,0.0,0.0,0.0,0.0,0.0,0.0,0.0,0.1303437991663074,0.0,0.0,0.7393124016673851,0.0,0.0,0.0,0.0,0.0,0.1303437991663074,0.0,0.0,0.0,MAc,TRX,None,5.0,0.0,0.21,1.0,623,1,6.0,0.2516198704103672,1.2580993520518362,0.0036,0.018,0.0452915766738661,10.1021/acs.iecr.6b03079,,1.0053234973701344,0.2092174864874706,0.0418434972974941,0.0,0.0,0.0451909770812936,0.0451909770812936,2,P-V-Ti
1.0,0.0,0.0,0.0,0.0,0.0,0.0,0.0,0.0,0.0,0.0,0.0,0.0,0.0,0.0,0.0,0.0,0.0,0.0,0.0,0.0,0.0,0.0,0.0,0.0,0.0,0.0,0.0,0.0,0.0,0.0,0.0,0.0,0.0,MAc,TRX,None,5.0,0.0,0.21,1.0,623,1,6.0,0.2516198704103672,1.2580993520518362,0.04734,0.2367,0.5955842332613392,10.1021/acs.iecr.6b03079,,1.0053234973701344,0.2092174864874706,0.0418434972974941,0.0,0.0,0.5942613486190116,0.5942613486190116,0,Al-P-Cs
0.0,0.0,0.0,0.0,0.0,0.0,0.0,0.0,0.0,0.0,0.0,0.0,0.0,0.0,0.0,0.0,0.0,0.0,1.0,0.0,0.0,0.0,0.0,0.0,0.0,0.0,0.0,0.0,0.0,0.0,0.0,0.0,0.0,0.0,MAc,TRX,None,5.0,0.0,0.21,1.0,623,1,6.0,0.2516198704103672,1.2580993520518362,0.04026,0.2013,0.5065107991360693,10.1021/acs.iecr.6b03079,,1.0053234973701344,0.2092174864874706,0.0418434972974941,0.0,0.0,0.5053857603591342,0.5053857603591342,2,P-V-Ti
0.0,0.0,0.0,0.0,0.0,0.0,0.0,0.0,0.0,0.0,0.0,0.0,0.0,0.0,0.0,0.0,0.0,0.0,0.0,0.0,0.0,0.0,0.0,0.0,0.0,1.0,0.0,0.0,0.0,0.0,0.0,0.0,0.0,0.0,MAc,TRX,None,5.0,0.0,0.21,1.0,623,1,6.0,0.2516198704103672,1.2580993520518362,0.02656,0.1328,0.3341511879049677,10.1021/acs.iecr.6b03079,,1.0053234973701344,0.2092174864874706,0.0418434972974941,0.0,0.0,0.3334089864664332,0.3334089864664332,3,Si-P-V
0.0,0.0,0.0,0.0,0.0,0.0,0.0,0.0,0.0,0.0,0.0,0.0,0.0,0.0,0.0,0.0,0.0,0.0,0.0,0.0,0.0,0.0,0.0,0.0,0.0,0.0,0.0,0.0,0.0,1.0,0.0,0.0,0.0,0.0,MAc,TRX,None,5.0,0.0,0.21,1.0,623,1,6.0,0.2516198704103672,1.2580993520518362,0.01608,0.0804,0.2023023758099352,10.1021/acs.iecr.6b03079,,1.0053234973701344,0.2092174864874706,0.0418434972974941,0.0,0.0,0.2018530309631117,0.2018530309631117,2,P-V-Ti
0.0,0.0,0.0,0.0,0.0,0.0,0.0,0.0,0.0,0.0,0.0,0.0,0.0,0.0,0.0,0.0,0.0,0.0,0.0,0.0,0.0,0.0,0.0,0.0,0.0,0.0,0.0,0.0,0.0,0.0,0.0,0.0,0.0,1.0,MAc,TRX,None,5.0,0.0,0.21,1.0,623,1,6.0,0.2516198704103672,1.2580993520518362,0.01996,0.0998,0.2511166306695465,10.1021/acs.iecr.6b03079,,1.0053234973701344,0.2092174864874706,0.0418434972974941,0.0,0.0,0.2505588618173948,0.2505588618173948,2,P-V-Ti
0.0,0.0,0.0,0.0,0.0,0.0,0.0,0.0,0.0,0.0,0.0,0.0,0.0,0.0,0.0,0.0,0.0,0.0,0.0,0.0,0.0,0.0,0.0,0.0,1.0,0.0,0.0,0.0,0.0,0.0,0.0,0.0,0.0,0.0,MAc,TRX,None,5.0,0.0,0.21,1.0,623,1,6.0,0.2516198704103672,1.2580993520518362,0.00442,0.0221,0.0556079913606911,10.1021/acs.iecr.6b03079,,1.0053234973701344,0.2092174864874706,0.0418434972974941,0.0,0.0,0.0554844774164772,0.0554844774164772,2,P-V-Ti
0.8999853638612879,0.0,0.0,0.0,0.0,0.0,0.0,0.0,0.0,0.0,0.0,0.0,0.0,0.0,0.0,0.0,0.0,0.0,0.0,0.0,0.0,0.050007318069356,0.0,0.0,0.0,0.0,0.0,0.0,0.0,0.0,0.050007318069356,0.0,0.0,0.0,MAc,TRX,None,5.0,0.0,0.21,1.0,623,1,6.0,0.2516198704103672,1.2580993520518362,0.07728,0.3864,0.972259179265659,10.1021/acs.iecr.6b03079,1,1.0053234973701344,0.2092174864874706,0.0418434972974941,0.0,0.0,0.970099641345104,0.970099641345104,0,Al-P-Cs
0.0,0.0,0.0,0.0,0.0,0.0,0.0,0.0,0.0,0.0,0.0,0.0,0.0,0.0,0.0,0.0,0.0,0.0,0.0,0.0,0.0,0.5454545454545454,0.0,0.0,0.0,0.0,0.0,0.0,0.0,0.0,0.4545454545454545,0.0,0.0,0.0,MAc,TRX,None,5.0,0.0,0.21,2.0,643,1,3.0,0.2516198704103672,1.2580993520518362,0.14934,0.7467,3.757691144708424,10.1021/acs.iecr.7b01212,1,1.0053234973701344,0.4184349729749413,0.0836869945949882,0.0,0.0,3.749344731844664,3.7493447318446647,2,P-V-Ti
0.0,0.0,0.0,0.0,0.0,0.0,0.0,0.0,0.0,0.0,0.0,0.0,0.0,0.0,0.0,0.0,0.0,0.0,0.0,0.0,0.0,0.5454545454545454,0.0,0.0,0.0,0.0,0.0,0.0,0.0,0.0,0.4545454545454545,0.0,0.0,0.0,MAc,TRX,None,5.0,0.0,0.0,2.0,643,1,3.0,0.2516198704103672,1.2580993520518362,0.08254,0.4127,2.076870410367171,10.1021/acs.iecr.7b01212,,1.0053234973701344,0.4184349729749413,0.0836869945949882,0.0,0.0,2.072257360161099,2.0722573601611,2,P-V-Ti
0.0,0.0,0.0,0.0,0.0,0.0,0.0,0.0,0.0,0.0,0.0,0.0,0.0,0.0,0.0,0.0,0.0,0.0,0.0,0.0,0.0,0.5121951219512195,0.0,0.0,0.0,0.0,0.0,0.0,0.0,0.0,0.4878048780487804,0.0,0.0,0.0,MAc,TRX,None,2.5,0.0,0.21,2.0,643,1,3.0,0.5032397408207344,1.258099352051836,0.22,0.55,5.535637149028079,10.1002/ceat.201700500,,1.0806356377752255,0.4184034280286304,0.1673613712114521,0.0,0.0,5.522925249977923,5.522925249977923,2,P-V-Ti
0.0,0.0,0.0,0.0,0.0,0.0,0.0,0.0,0.0,0.0,0.0,0.0,0.0,0.0,0.0,0.0,0.0,0.0,0.0,0.0,0.0,0.5121951219512195,0.0,0.0,0.0,0.0,0.0,0.0,0.0,0.0,0.4878048780487804,0.0,0.0,0.0,MAc,TRX,None,5.0,0.0,0.0,1.6666666666666667,643,1,3.0,0.2096832253419726,1.0484161267098635,0.061,0.305,1.2790676745860332,10.1016/j.cattod.2018.06.019,VPO,1.0053234973701344,0.3486958108124511,0.0697391621624902,0.0,0.0,1.2762266675735712,1.2762266675735714,2,P-V-Ti
0.0,0.0,0.0,0.0,0.0,0.0,0.0,0.0,0.0,0.0,0.0,0.0,0.0,0.0,0.0,0.0,0.0,0.0,0.0,0.0,0.0,0.5072463768115942,0.0,0.0,0.0,0.0,0.0,0.0,0.0,0.0,0.4830917874396134,0.0,0.0,0.0096618357487922,MAc,TRX,None,5.0,0.0,0.0,1.6666666666666667,643,1,3.0,0.2096832253419726,1.0484161267098635,0.0802,0.401,1.6816594672426213,10.1016/j.cattod.2018.06.019,VPO-Zr,1.0053234973701344,0.3486958108124511,0.0697391621624902,0.0,0.0,1.677924241629515,1.6779242416295153,2,P-V-Ti
0.0,0.0,0.0,0.0,0.0,0.0,0.0,0.0,0.0,0.0,0.0,0.0,0.0,0.0,0.0,0.0,0.0,0.0,0.0,0.0,0.0,0.5121951219512195,0.0,0.0,0.0,0.0,0.0,0.0,0.0,0.0,0.4878048780487804,0.0,0.0,0.0,MAc,TRX,None,5.0,0.0,0.0,2.0,653,1,3.0,0.2516198704103672,1.2580993520518362,0.0307606866952789,0.1538034334763948,0.774,10.1021/acs.iecr.7b03521,,1.0053234973701344,0.4184349729749413,0.0836869945949882,0.0,0.0,0.7722808263617814,0.7722808263617815,2,P-V-Ti
0.0,0.0,0.0,0.0,0.0,0.0,0.0,0.0,0.0,0.0,0.0096618357487922,0.0,0.0,0.0,0.0,0.0,0.0,0.0,0.0,0.0,0.0,0.5072463768115942,0.0,0.0,0.0,0.0,0.0,0.0,0.0,0.0,0.4830917874396134,0.0,0.0,0.0,MAc,TRX,None,5.0,0.0,0.0,2.0,653,1,3.0,0.2516198704103672,1.2580993520518362,0.0312375965665235,0.1561879828326179,0.7859999999999999,10.1021/acs.iecr.7b03521,,1.0053234973701344,0.4184349729749413,0.0836869945949882,0.0,0.0,0.7842541725069252,0.7842541725069253,2,P-V-Ti
0.0,0.0,0.0,0.0,0.0,0.0,0.0,0.0,0.0,0.0096618357487922,0.0,0.0,0.0,0.0,0.0,0.0,0.0,0.0,0.0,0.0,0.0,0.5072463768115942,0.0,0.0,0.0,0.0,0.0,0.0,0.0,0.0,0.4830917874396135,0.0,0.0,0.0,MAc,TRX,None,5.0,0.0,0.0,2.0,653,1,3.0,0.2516198704103672,1.2580993520518362,0.0314760515021459,0.1573802575107296,0.792,10.1021/acs.iecr.7b03521,,1.0053234973701344,0.4184349729749413,0.0836869945949882,0.0,0.0,0.7902408455794973,0.7902408455794974,2,P-V-Ti
0.0,0.0,0.0,0.0,0.0,0.0,0.0096618357487922,0.0,0.0,0.0,0.0,0.0,0.0,0.0,0.0,0.0,0.0,0.0,0.0,0.0,0.0,0.5072463768115942,0.0,0.0,0.0,0.0,0.0,0.0,0.0,0.0,0.4830917874396135,0.0,0.0,0.0,MAc,TRX,None,5.0,0.0,0.0,2.0,653,1,3.0,0.2516198704103672,1.2580993520518362,0.0336221459227467,0.1681107296137338,0.846,10.1021/acs.iecr.7b03521,,1.0053234973701344,0.4184349729749413,0.0836869945949882,0.0,0.0,0.8441209032326448,0.8441209032326449,2,P-V-Ti
0.0,0.0,0.0,0.0096618357487922,0.0,0.0,0.0,0.0,0.0,0.0,0.0,0.0,0.0,0.0,0.0,0.0,0.0,0.0,0.0,0.0,0.0,0.5072463768115942,0.0,0.0,0.0,0.0,0.0,0.0,0.0,0.0,0.4830917874396135,0.0,0.0,0.0,MAc,TRX,None,5.0,0.0,0.0,2.0,653,1,3.0,0.2516198704103672,1.2580993520518362,0.0360066952789699,0.1800334763948497,0.906,10.1021/acs.iecr.7b03521,,1.0053234973701344,0.4184349729749413,0.0836869945949882,0.0,0.0,0.9039876339583642,0.9039876339583643,2,P-V-Ti
0.0,0.0,0.0,0.0,0.0,0.0,0.0,0.0,0.0,0.0,0.0,0.0096618357487922,0.0,0.0,0.0,0.0,0.0,0.0,0.0,0.0,0.0,0.5072463768115942,0.0,0.0,0.0,0.0,0.0,0.0,0.0,0.0,0.4830917874396134,0.0,0.0,0.0,MAc,TRX,None,5.0,0.0,0.0,2.0,653,1,3.0,0.2516198704103672,1.2580993520518362,0.0364836051502145,0.1824180257510729,0.918,10.1021/acs.iecr.7b03521,,1.0053234973701344,0.4184349729749413,0.0836869945949882,0.0,0.0,0.915960980103508,0.9159609801035082,2,P-V-Ti
0.0,0.0,0.0,0.0,0.0,0.0,0.0,0.0,0.0,0.0,0.0,0.0,0.0,0.0,0.0,0.0,0.0,0.0,0.0,0.0,0.0096618357487922,0.5072463768115942,0.0,0.0,0.0,0.0,0.0,0.0,0.0,0.0,0.4830917874396134,0.0,0.0,0.0,MAc,TRX,None,5.0,0.0,0.0,2.0,653,1,3.0,0.2516198704103672,1.2580993520518362,0.0374374248927038,0.1871871244635192,0.942,10.1021/acs.iecr.7b03521,,1.0053234973701344,0.4184349729749413,0.0836869945949882,0.0,0.0,0.9399076723937958,0.939907672393796,2,P-V-Ti
0.0,0.0,0.0,0.0,0.0,0.0096618357487922,0.0,0.0,0.0,0.0,0.0,0.0,0.0,0.0,0.0,0.0,0.0,0.0,0.0,0.0,0.0,0.5072463768115941,0.0,0.0,0.0,0.0,0.0,0.0,0.0,0.0,0.4830917874396135,0.0,0.0,0.0,MAc,TRX,None,5.0,0.0,0.0,2.0,653,1,3.0,0.2516198704103672,1.2580993520518362,0.0402988841201716,0.2014944206008583,1.0139999999999998,10.1021/acs.iecr.7b03521,,1.0053234973701344,0.4184349729749413,0.0836869945949882,0.0,0.0,1.0117477492646592,1.0117477492646592,2,P-V-Ti
0.0,0.0,0.0096618357487922,0.0,0.0,0.0,0.0,0.0,0.0,0.0,0.0,0.0,0.0,0.0,0.0,0.0,0.0,0.0,0.0,0.0,0.0,0.5072463768115942,0.0,0.0,0.0,0.0,0.0,0.0,0.0,0.0,0.4830917874396135,0.0,0.0,0.0,MAc,TRX,None,5.0,0.0,0.0,2.0,653,1,3.0,0.2516198704103672,1.2580993520518362,0.0414911587982832,0.2074557939914162,1.044,10.1021/acs.iecr.7b03521,,1.0053234973701344,0.4184349729749413,0.0836869945949882,0.0,0.0,1.0416811146275191,1.0416811146275191,2,P-V-Ti
0.0,0.0,0.0,0.0,0.0,0.0,0.0,0.0,0.0,0.0,0.0,0.0,0.0,0.0,0.0,0.0,0.0,0.0,0.0,0.0,0.0,0.5072463768115942,0.0,0.0,0.0,0.0,0.0,0.0,0.0,0.0,0.4830917874396134,0.0,0.0,0.0096618357487922,MAc,TRX,None,5.0,0.0,0.0,2.0,653,1,3.0,0.2516198704103672,1.2580993520518362,0.044352618025751,0.2217630901287553,1.116,10.1021/acs.iecr.7b03521,1,1.0053234973701344,0.4184349729749413,0.0836869945949882,0.0,0.0,1.1135211914983825,1.1135211914983827,2,P-V-Ti
0.0,0.1455794859253526,0.0,0.0,0.0,0.0,0.0,0.0,0.0,0.0,0.0,0.0,0.0,0.0,0.0,0.0,0.0,0.0,0.0,0.0,0.0,0.0485264953084508,0.0,0.0,0.0,0.7913360701736613,0.0,0.0,0.0,0.0,0.0,0.0145579485925352,0.0,0.0,HAc,FORM,"MeOH 
 + H$_2$O",1.0,0.0,0.0,,653,1,3.5,,,0.5061599999999999,0.5061599999999999,,10.15587/1729-4061.2013.19130,,,,,,,,,3,Si-P-V
0.0,0.1585719332054649,0.0,0.0,0.0,0.0,0.0,0.0,0.0,0.0,0.0,0.0,0.0,0.0,0.0,0.0,0.0,0.0,0.0,0.0,0.0,0.0528573110684883,0.0,0.0,0.0,0.7727135624055003,0.0,0.0,0.0,0.0,0.0095143159923278,0.0063428773282185,0.0,0.0,HAc,FORM,"MeOH 
 + H$_2$O",1.0,0.0,0.0,,593,1,3.5,,,0.572507,0.572507,,10.15587/1729-4061.2015.37405,,,,,,,,,3,Si-P-V
0.0,0.0,0.0,0.0,0.0,0.0,0.0,0.0,0.0,0.0,0.0,0.0,0.0,0.0,0.0,0.0,0.0,0.0,0.0,0.0,0.0,0.6666666666666666,0.0,0.0,0.0,0.0,0.0,0.0,0.0,0.3333333333333333,0.0,0.0,0.0,0.0,HAc,FORM,"MeOH 
 + H$_2$O",1.0,0.0,0.0,,623,1,3.5,,,0.1374831,0.1374831,,10.1109/NAP.2017.8190167,,,,,,,,,2,P-V-Ti
0.0,0.0,0.0,0.0,0.0,0.0,0.0,0.0,0.0,0.0,0.0,0.0,0.0,0.0,0.0,0.0,0.0,0.0,0.0,0.0,0.0,0.6666666666666666,0.0,0.0,0.0,0.0,0.0,0.0,0.0,0.1999999999999999,0.1333333333333333,0.0,0.0,0.0,HAc,FORM,"MeOH 
 + H$_2$O",1.0,0.0,0.0,,623,1,3.5,,,0.31,0.31,,10.1109/NAP.2017.8190167,,,,,,,,,2,P-V-Ti
0.0,0.0,0.0,0.0,0.0,0.0,0.0,0.0,0.0,0.0,0.0,0.0,0.0,0.0,0.0,0.0,0.0,0.0,0.0,0.0,0.0,0.6666666666666666,0.0,0.0,0.0,0.0,0.0,0.0,0.0,0.1999999999999999,0.1333333333333333,0.0,0.0,0.0,HAc,FORM,"MeOH 
 + H$_2$O",1.0,0.0,0.0,,623,1,3.5,,,0.0198,0.0198,,10.1109/NAP.2017.8190167,,,,,,,,,2,P-V-Ti
0.0,0.0,0.0,0.0,0.0,0.0,0.0,0.0,0.0,0.0,0.0,0.0,0.0,0.0,0.0,0.0,0.0,0.0,0.0,0.0,0.0,0.6666666666666666,0.0,0.0,0.0,0.0,0.0,0.0,0.0,0.1999999999999999,0.1333333333333333,0.0,0.0,0.0,HAc,FORM,"MeOH 
 + H$_2$O",1.0,0.0,0.0,,623,1,3.5,,,0.28956,0.28956,,10.1109/NAP.2017.8190167,,,,,,,,,2,P-V-Ti
0.0,0.0,0.0,0.0,0.0,0.0,0.0,0.0,0.0,0.0,0.0049751243781094,0.0,0.0,0.0,0.0,0.0,0.0,0.0,0.0,0.0,0.0,0.7462686567164178,0.0,0.0,0.0,0.0,0.0,0.0,0.0,0.2487562189054726,0.0,0.0,0.0,0.0,HAc,FORM,"MeOH 
 + H$_2$O",1.0,0.0,0.0,,623,1,2.5,,,0.0104,0.0104,,10.1007/s11144-018-1443-8,,,,,,,,,2,P-V-Ti
0.0,0.0,0.0,0.0,0.0,0.0,0.0,0.0,0.0,0.0,0.0049751243781094,0.0,0.0,0.0,0.0,0.0,0.0,0.0,0.0,0.0,0.0,0.7462686567164178,0.0,0.0,0.0,0.0,0.0,0.0,0.0,0.2487562189054726,0.0,0.0,0.0,0.0,HAc,FORM,"MeOH 
 + H$_2$O",1.0,0.0,0.0,,653,1,2.5,,,0.357,0.357,,10.1007/s11144-018-1443-8,,,,,,,,,2,P-V-Ti
0.0,0.0,0.0,0.0,0.0,0.0,0.0,0.0,0.0,0.0,0.0049751243781094,0.0,0.0,0.0,0.0,0.0,0.0,0.0,0.0,0.0,0.0,0.7462686567164178,0.0,0.0,0.0,0.0,0.0,0.0,0.0,0.2487562189054726,0.0,0.0,0.0,0.0,HAc,FORM,"MeOH 
 + H$_2$O",1.0,0.0,0.0,,653,1,2.5,,,0.448,0.448,,10.1007/s11144-018-1443-8,,,,,,,,,2,P-V-Ti
0.0,0.0,0.0,0.0,0.0,0.0,0.0,0.0,0.0,0.0,0.0049751243781094,0.0,0.0,0.0,0.0,0.0,0.0,0.0,0.0,0.0,0.0,0.7462686567164178,0.0,0.0,0.0,0.0,0.0,0.0,0.0,0.2487562189054726,0.0,0.0,0.0,0.0,HAc,FORM,"MeOH 
 + H$_2$O",1.0,0.0,0.0,,623,1,2.5,,,0.6080000000000001,0.6080000000000001,,10.1007/s11144-018-1443-8,,,,,,,,,2,P-V-Ti
0.0,0.1585719332054649,0.0,0.0,0.0,0.0,0.0,0.0,0.0,0.0,0.0,0.0,0.0,0.0,0.0,0.0,0.0,0.0,0.0,0.0,0.0,0.0528573110684883,0.0,0.0,0.0,0.7727135624055003,0.0,0.0,0.0,0.0,0.0095143159923278,0.0063428773282185,0.0,0.0,HAc,FORM,"MeOH 
 + H$_2$O",1.0,0.0,0.0,,653,1,3.5,,,0.56997,0.56997,,10.1016/j.apcata.2020.117472,,,,,,,,,3,Si-P-V
0.0,0.1585719332054649,0.0,0.0,0.0,0.0,0.0,0.0,0.0,0.0,0.0,0.0,0.0,0.0,0.0,0.0,0.0,0.0,0.0,0.0,0.0,0.0528573110684883,0.0,0.0,0.0,0.7727135624055003,0.0,0.0,0.0,0.0,0.0095143159923278,0.0063428773282185,0.0,0.0,HAc,FORM,"MeOH 
 + H$_2$O",1.0,0.0,0.0,,653,1,3.5,,,0.676035,0.676035,,10.1016/j.apcata.2020.117472,,,,,,,,,3,Si-P-V
0.0,0.0,0.0,0.0,0.0,0.0,0.0,0.0,0.0,0.0,0.0,0.0,0.0,0.0,0.0,0.0,0.0,0.0,0.0,0.0,0.0,0.6666666666666666,0.0,0.0,0.0,0.0,0.0,0.0,0.0,0.0,0.3333333333333333,0.0,0.0,0.0,HAc,FORM,"MeOH 
 + H$_2$O",1.0,0.0,0.0,,683,1,,,,0.034128,0.034128,,10.1007/s11237-020-09658-y,,,,,,,,,2,P-V-Ti
0.0,0.1585719332054649,0.0,0.0,0.0,0.0,0.0,0.0,0.0,0.0,0.0,0.0,0.0,0.0,0.0,0.0,0.0,0.0,0.0,0.0,0.0,0.0528573110684883,0.0,0.0,0.0,0.7727135624055003,0.0,0.0,0.0,0.0,0.0095143159923278,0.0063428773282185,0.0,0.0,HAc,FORM,"MeOH 
 + H$_2$O",1.0,0.0,0.0,,648,1,0.88,,,0.572,0.572,,10.1007/s11237-020-09658-y,,,,,,,,,3,Si-P-V
0.0,0.1585719332054649,0.0,0.0,0.0,0.0,0.0,0.0,0.0,0.0,0.0,0.0,0.0,0.0,0.0,0.0,0.0,0.0,0.0,0.0,0.0,0.0528573110684883,0.0,0.0,0.0,0.7727135624055003,0.0,0.0,0.0,0.0,0.0095143159923278,0.0063428773282185,0.0,0.0,HAc,FORM,"MeOH 
 + H$_2$O",1.0,0.0,0.0,,648,1,0.88,,,0.676,0.676,,10.1007/s11237-020-09658-y,,,,,,,,,3,Si-P-V
0.0,0.2103208541168874,0.0,0.0,0.0,0.0,0.0,0.0,0.0,0.0,0.0,0.0,0.0,0.0,0.0,0.0,0.0,0.0,0.0,0.0,0.0,0.0701069513722958,0.0,0.0,0.0,0.0,0.0817183989576662,0.0,0.0,0.6168217101414617,0.0126192512470132,0.0084128341646754,0.0,0.0,HAc,FORM,"MeOH 
 + H$_2$O",1.0,0.0,0.0,,648,1,0.88,,,0.059,0.059,,10.1007/s11237-020-09658-y,,,,,,,,,2,P-V-Ti
0.8002711882858964,0.1393456825912351,0.0,0.0,0.0,0.0,0.0,0.0,0.0,0.0,0.0,0.0,0.0,0.0,0.0,0.0,0.0,0.0,0.0,0.0,0.0,0.046448560863745,0.0,0.0,0.0,0.0,0.0,0.0,0.0,0.0,0.0083607409554741,0.0055738273036494,0.0,0.0,HAc,FORM,"MeOH 
 + H$_2$O",1.0,0.0,0.0,,648,1,0.88,,,0.437,0.437,,10.1007/s11237-020-09658-y,,,,,,,,,0,Al-P-Cs
0.0,0.1961057322957172,0.0,0.0,0.0,0.0,0.0,0.0,0.0,0.0,0.0,0.0,0.0,0.0,0.0,0.0,0.0,0.0,0.0,0.0,0.0,0.0653685774319057,0.0,0.0,0.0,0.0,0.0,0.0,0.0,0.7189151170428053,0.011766343937743,0.0078442292918286,0.0,0.0,HAc,FORM,"MeOH 
 + H$_2$O",1.0,0.0,0.0,,648,1,0.88,,,0.58696,0.58696,,10.1007/s11237-020-09658-y,,,,,,,,,2,P-V-Ti
0.0,0.0,0.0,0.0,0.0,0.0,0.0,0.0,0.0,0.0,0.0,0.0,0.0,0.0,0.0,0.0,0.0,0.0,0.0,0.0,0.0,0.0527927741289028,0.0,0.0,0.0,0.9208108388066458,0.0,0.0,0.0,0.0,0.0263963870644514,0.0,0.0,0.0,HAc,FORM,"MeOH 
 + H$_2$O",3.0,0.0,0.0,2.6666666666666665,623,1,3.0,0.5415746152096682,1.6247238456290043,0.0616666666666666,0.185,2.003826076275772,10.1016/j.jiec.2016.06.018,,1.06210584973537,0.5419346429431326,0.1806448809810442,0.0,0.0,2.005158178889591,2.005158178889591,3,Si-P-V
0.0,0.0,0.0,0.0,0.0,0.0,0.0,0.0,0.0,0.0,0.0,0.0,0.0,0.0,0.0,0.0,0.0,0.0,0.0,0.0,0.0,0.0527927741289028,0.0,0.0,0.0,0.9208108388066458,0.0,0.0,0.0,0.0,0.0263963870644514,0.0,0.0,0.0,HAc,FORM,"MeOH 
 + H$_2$O",3.0,0.0,0.0,2.6666666666666665,623,1,3.0,0.5415746152096682,1.6247238456290043,0.1008,0.3024,3.275443272788073,10.1016/j.jiec.2016.06.018,,1.06210584973537,0.5419346429431326,0.1806448809810442,0.0,0.0,3.277620720520066,3.2776207205200665,3,Si-P-V
0.0025508073200719,0.0,0.0,0.0,0.0,0.0,0.0,0.0,0.0,0.0,0.0,0.0,0.0,0.0,0.0,0.0,0.0,0.0,0.0,0.0,0.0,0.0527723716360223,0.0,0.0,0.0,0.9182906352258944,0.0,0.0,0.0,0.0,0.0263861858180111,0.0,0.0,0.0,HAc,FORM,"MeOH 
 + H$_2$O",3.0,0.0,0.0,2.6666666666666665,623,1,3.0,0.5415746152096682,1.6247238456290043,0.0765333333333333,0.2296,2.486910633042796,10.1016/j.jiec.2016.06.018,,1.06210584973537,0.5419346429431326,0.1806448809810442,0.0,0.0,2.488563880394865,2.488563880394865,3,Si-P-V
0.0,0.0,0.0,0.0,0.0,0.0,0.0,0.0,0.0,0.0,0.0,0.0,0.0,0.0,0.0,0.0,0.0,0.0,0.0,0.0,0.0,0.0527927741289028,0.0,0.0,0.0,0.9208108388066458,0.0,0.0,0.0,0.0,0.0263963870644514,0.0,0.0,0.0,HAc,FORM,"MeOH 
 + H$_2$O",3.0,0.0,0.0,2.6666666666666665,643,1,3.0,0.5415746152096682,1.6247238456290043,0.0890413333333333,0.267124,2.893351550265347,10.1016/j.jiec.2016.06.018,,1.06210584973537,0.5419346429431326,0.1806448809810442,0.0,0.0,2.895274991230827,2.8952749912308278,3,Si-P-V
0.0,0.0,0.0,0.0,0.0,0.0,0.0,0.0,0.0,0.0,0.0,0.0,0.0,0.0,0.0,0.0,0.0,0.0,0.0,0.0,0.0,0.0527927741289028,0.0,0.0,0.0,0.9208108388066458,0.0,0.0,0.0,0.0,0.0263963870644514,0.0,0.0,0.0,HAc,FORM,"MeOH 
 + H$_2$O",3.0,0.0,0.0,2.6666666666666665,643,1,3.0,0.5415746152096682,1.6247238456290043,0.166483,0.499449,5.409777999837072,10.1016/j.jiec.2016.06.018,,1.06210584973537,0.5419346429431326,0.1806448809810442,0.0,0.0,5.413374309666094,5.413374309666094,3,Si-P-V
0.0025508073200719,0.0,0.0,0.0,0.0,0.0,0.0,0.0,0.0,0.0,0.0,0.0,0.0,0.0,0.0,0.0,0.0,0.0,0.0,0.0,0.0,0.0527723716360223,0.0,0.0,0.0,0.9182906352258944,0.0,0.0,0.0,0.0,0.0263861858180111,0.0,0.0,0.0,HAc,FORM,"MeOH 
 + H$_2$O",3.0,0.0,0.0,2.6666666666666665,643,1,3.0,0.5415746152096682,1.6247238456290043,0.1298346666666666,0.389504,4.218909578452532,10.1016/j.jiec.2016.06.018,,1.06210584973537,0.5419346429431326,0.1806448809810442,0.0,0.0,4.221714223298439,4.221714223298439,3,Si-P-V
0.0,0.0,0.0,0.0,0.0,0.0,0.0,0.0,0.0,0.0,0.0,0.0,0.0,0.0,0.0,0.0,0.0,0.0,0.0,0.0,0.0,0.1119651904840146,0.0,0.0,0.0,0.8371415411141605,0.0,0.0,0.0,0.0,0.0508932684018248,0.0,0.0,0.0,HAc,TRX,None,3.0,0.0,0.0,2.3423111571442603,633,1,3.0,0.6819551495543504,2.0458654486630508,0.1878333333333333,0.5635,7.685634535477528,10.1039/C7RA09778F,,1.224814764103612,0.6824857948888823,0.2274952649629607,0.0,0.0,7.691614908397702,7.691614908397704,3,Si-P-V
0.0,0.0,0.0,0.0,0.0,0.0024664702096687,0.0,0.0,0.0,0.0,0.0,0.0,0.0,0.0,0.0,0.0,0.0,0.0,0.0,0.0,0.0,0.1085246892254268,0.0,0.0,0.0,0.8396794363715286,0.0,0.0,0.0,0.0,0.0493294041933758,0.0,0.0,0.0,HAc,TRX,None,3.0,0.0,0.0,2.3423111571442603,633,1,3.0,0.6819551495543504,2.0458654486630508,0.247,0.741,10.106575316395473,10.1039/C7RA09778F,,1.224814764103612,0.6824857948888823,0.2274952649629607,0.0,0.0,10.114439480253235,10.114439480253235,3,Si-P-V
0.0,0.0,0.0,0.0,0.0,0.0,0.0,0.0,0.0092059409232826,0.0,0.0,0.0,0.0,0.0,0.0,0.0,0.0,0.0,0.0,0.0,0.0,0.1012653501561095,0.0,0.0,0.0,0.8434990043041944,0.0,0.0,0.0,0.0,0.0460297046164134,0.0,0.0,0.0,HAc,TRX,None,3.0,0.0,0.0,2.3423111571442603,633,1,3.0,0.6819551495543504,2.0458654486630508,0.2556966666666667,0.76709,10.462419513432934,10.1039/C7RA09778F,,1.224814764103612,0.6824857948888823,0.2274952649629607,0.0,0.0,10.470560568026256,10.470560568026256,3,Si-P-V
0.0,0.0,0.0,0.0,0.0,0.0,0.0,0.0,0.0,0.0,0.0,0.0,0.0,0.0,0.0,0.0,0.0,0.0,0.0,0.002468039994072,0.0,0.1085937597391715,0.0,0.0,0.0,0.8395774003853146,0.0,0.0,0.0,0.0,0.0493607998814416,0.0,0.0,0.0,HAc,TRX,None,3.0,0.0,0.0,2.3423111571442603,633,1,3.0,0.6819551495543504,2.0458654486630508,0.2354833333333333,0.7064499999999999,9.635344308053416,10.1039/C7RA09778F,,1.224814764103612,0.6824857948888823,0.2274952649629607,0.0,0.0,9.642841795985015,9.642841795985015,3,Si-P-V
0.0,0.0,0.0,0.0,0.0,0.0,0.0,0.0,0.0,0.0,0.0,0.0,0.0,0.0,0.0,0.0,0.0,0.0,0.0,0.0,0.0,0.0,0.0,0.0,0.0,0.9027351495355318,0.0,0.0,0.0,0.0,0.0,0.0972648504644681,0.0,0.0,HAc,TRX,None,3.0,0.0,0.0,2.295081967213115,673,1,3.0,0.6660957274716911,1.9982871824150727,0.1194783333333333,0.358435,4.775040441526312,10.1002/jctb.6360,,1.224814764103612,0.6687244928800516,0.2229081642933505,0.0,0.0,4.793885272109226,4.793885272109226,3,Si-P-V
0.0,0.0,0.0,0.0,0.0,0.0,0.0,0.0,0.0,0.0,0.0,0.0,0.0,0.0,0.0,0.0,0.0,0.0,0.0,0.0,0.0,0.0080777190376295,0.0,0.0,0.0,0.8949896525108159,0.0,0.0,0.0,0.0,0.0,0.0969326284515544,0.0,0.0,HAc,TRX,None,3.0,0.0,0.0,2.295081967213115,673,1,3.0,0.6660957274716911,1.9982871824150727,0.1413253333333333,0.4239759999999999,5.648172043010754,10.1002/jctb.6360,1,1.224814764103612,0.6687244928800516,0.2229081642933505,0.0,0.0,5.670462711866255,5.670462711866255,3,Si-P-V
0.0,0.0,0.0,0.0,0.0,0.0,0.0,0.0,0.0,0.0,0.0,0.0,0.0,0.0,0.0,0.0,0.1448599173435835,0.0,0.0,0.0,0.0,0.0120716597786319,0.0,0.0,0.0,0.8430684228777845,0.0,0.0,0.0,0.0,0.0,0.0,0.0,0.0,HAc,TRX,None,3.0,0.0,0.0,2.295081967213115,633,1,3.0,0.6660957274716911,1.9982871824150727,0.1019766799999999,0.3059300399999999,4.075573850984871,10.1002/jctb.6360,,1.224814764103612,0.6687244928800516,0.2229081642933505,0.0,0.0,4.091658217115478,4.091658217115478,3,Si-P-V
0.0,0.0,0.0,0.0,0.0,0.0,0.0,0.0,0.0,0.0,0.0,0.0,0.0,0.0,0.0,0.0,0.0,0.0,0.0,0.0,0.0,0.4854368932038835,0.0,0.2572815533980583,0.0,0.0,0.0,0.0,0.0,0.2572815533980582,0.0,0.0,0.0,0.0,HAc,FORM,"MeOH 
 + H$_2$O",0.2,0.0,0.0,1.0,633,1,3.0,0.5820064672811631,0.1164012934562326,0.355,0.071,0.8264491835392516,10.1016/j.cej.2022.137324,,1.0846736876535956,0.0388053563955353,0.1940267819776769,0.0,0.0,0.8265540912249036,0.8265540912249035,2,P-V-Ti
0.0,0.0,0.0,0.0,0.0,0.0,0.0,0.0,0.0,0.0,0.0,0.0,0.0,0.0,0.0,0.0,0.0,0.0,0.0,0.0,0.0,0.4854368932038835,0.0,0.2572815533980583,0.0,0.0,0.0,0.0,0.0,0.2572815533980582,0.0,0.0,0.0,0.0,HAc,FORM,"MeOH 
 + H$_2$O",2.5,0.0,0.0,1.0,633,1,3.0,0.2298077286865201,0.5745193217163006,0.1785,0.44625,2.051033978527193,10.1016/j.cej.2022.137324,,1.0636978963103263,0.191626484000536,0.0766505936002144,0.0,0.0,2.0523196436457405,2.0523196436457405,2,P-V-Ti
0.0,0.0,0.0,0.0,0.0,0.0,0.0,0.0,0.0,0.0,0.0,0.0,0.0,0.0,0.0,0.0,0.0,0.0,0.0,0.0,0.0,0.4854368932038835,0.0,0.2572815533980583,0.0,0.0,0.0,0.0,0.0,0.2572815533980582,0.0,0.0,0.0,0.0,HAc,FORM,"MeOH 
 + H$_2$O",0.4,0.0,0.0,1.66,633,1,3.0,0.8525175693665376,0.341007027746615,0.3348,0.13392,2.2833830577913345,10.1016/j.cej.2022.137324,,1.0805991693201102,0.1136944759578683,0.2842361898946707,0.0,0.0,2.283894633041659,2.2838946330416587,2,P-V-Ti
0.0,0.0,0.0,0.0,0.0,0.0,0.0,0.0,0.0,0.0,0.0,0.0,0.0,0.0,0.0,0.0,0.0,0.0,0.0,0.0,0.0,0.4854368932038835,0.0,0.2572815533980583,0.0,0.0,0.0,0.0,0.0,0.2572815533980582,0.0,0.0,0.0,0.0,HAc,FORM,"MeOH 
 + H$_2$O",0.4,0.0,0.0,1.0,633,1,3.0,0.5135648008232154,0.2054259203292862,0.315071,0.1260284,1.2944750028813707,10.1016/j.fuel.2023.128414,,1.0805991693201102,0.0684906481673905,0.1712266204184764,0.0,0.0,1.2947650205248746,1.2947650205248746,2,P-V-Ti
0.0,0.0,0.0,0.0,0.0,0.0,0.0,0.0,0.007749624534376,0.0,0.0,0.0,0.0,0.0,0.0,0.0,0.0,0.0,0.0,0.0,0.0,0.4816749395464194,0.0,0.2552877179596023,0.0,0.0,0.0,0.0,0.0,0.2552877179596022,0.0,0.0,0.0,0.0,HAc,FORM,"MeOH 
 + H$_2$O",0.4,0.0,0.0,1.0,633,1,3.0,0.5135648008232154,0.2054259203292862,0.4298688,0.17194752,1.7661238772169172,10.1016/j.fuel.2023.128414,,1.0805991693201102,0.0684906481673905,0.1712266204184764,0.0,0.0,1.7665195643363028,1.7665195643363028,2,P-V-Ti
0.0,0.0,0.0,0.0,0.0,0.0,0.0,0.0,0.007749624534376,0.0,0.0,0.0,0.0,0.0,0.0,0.0,0.0,0.0,0.0,0.0,0.0,0.4816749395464194,0.0,0.2552877179596023,0.0,0.0,0.0,0.0,0.0,0.2552877179596022,0.0,0.0,0.0,0.0,HAc,FORM,"MeOH 
 + H$_2$O",2.5,0.0,0.0,1.0,633,1,3.0,0.2298077286865201,0.5745193217163006,0.2516138,0.6290344999999999,2.8911397942092174,10.1016/j.fuel.2023.128414,,1.0636978963103263,0.191626484000536,0.0766505936002144,0.0,0.0,2.892952069200844,2.8929520692008435,2,P-V-Ti
0.0,0.0,0.0,0.0,0.0,0.0,0.0,0.0,0.0,0.0,0.0,0.0,0.0,0.0,0.0,0.0,0.0,0.0,0.0,0.0,0.0,0.3472222222222222,0.0,0.3263888888888889,0.0,0.0,0.0,0.0,0.0,0.3263888888888889,0.0,0.0,0.0,0.0,HAc,FORM,"MeOH 
 + H$_2$O",0.4,0.0,0.21,1.0,633,1,2.0,0.3423765338821436,0.1369506135528574,0.39694186,0.158776744,1.6308429381543732,10.1039/D2CC06618A,,1.0805991693201102,0.0684906481673905,0.1712266204184764,0.0,0.0,1.6312083165701758,1.6312083165701758,2,P-V-Ti
0.0,0.0,0.0,0.0,0.0,0.0,0.0,0.0,0.0,0.0,0.0,0.0,0.0,0.0,0.0,0.0,0.0,0.0,0.0,0.0,0.0,0.3472222222222222,0.0,0.3263888888888889,0.0,0.0,0.0,0.0,0.0,0.3263888888888889,0.0,0.0,0.0,0.0,HAc,FORM,"MeOH 
 + H$_2$O",2.5,0.0,0.21,1.0,633,1,2.0,0.1532051524576801,0.3830128811442003,0.22883056,0.5720763999999999,2.629351562383224,10.1039/D2CC06618A,,1.0636978963103263,0.191626484000536,0.0766505936002144,0.0,0.0,2.6309997386804214,2.630999738680421,2,P-V-Ti
0.0,0.0,0.0,0.0,0.0,0.0,0.0,0.0,0.0,0.0,0.0,0.0,0.0,0.0,0.0,0.0,0.0,0.0,0.0,0.0,0.0,0.3472222222222222,0.0,0.3263888888888889,0.0,0.0,0.0,0.0,0.0,0.3263888888888889,0.0,0.0,0.0,0.0,HAc,FORM,"MeOH 
 + H$_2$O",2.5,0.0,0.21,5.0,633,1,2.0,0.7660257622884006,1.915064405721,0.1277268,0.319317,7.338151450099353,10.1039/D2CC06618A,1,1.0636978963103263,0.9581324200026798,0.3832529680010719,0.0,0.0,7.342751278991897,7.342751278991898,2,P-V-Ti
0.0,0.0,0.0,0.0,0.0,0.0,0.0,0.0,0.0,0.0,0.0,0.0,0.0,0.0,0.0,0.0,0.0,0.0,0.0,0.0,0.0,0.4126431684398502,0.0,0.2475859010639101,0.0,0.0,0.0,0.0,0.0,0.3397709304962398,0.0,0.0,0.0,0.0,HAc,MeOH,None,0.5,0.0,0.21,1.5,653,1,2.0,0.7232939622193159,0.3616469811096579,0.1832424860194942,0.0916212430097471,1.988072756399364,10.1016/j.jcat.2024.115612,1,0.8975130204360922,0.1807606985491203,0.3615213970982406,0.0,0.0,1.987382386605672,1.987382386605672,2,P-V-Ti
0.0,0.0,0.0,0.0,0.0,0.0,0.0,0.0,0.0,0.0,0.0,0.0,0.0,0.0,0.0,0.0,0.0,0.0,0.0,0.0,0.0,0.1212966988560943,0.0,0.0,0.0,0.8353830515524434,0.0,0.0,0.0,0.0,0.0433202495914622,0.0,0.0,0.0,MAc,DMM,None,1.6,0.0,0.0,,643,1,,,,0.0705256124999999,0.11284098,,10.4028/www.scientific.net/AMR.233-235.2859,,,,,,,,,3,Si-P-V
0.0,0.0,0.0,0.0,0.0,0.0,0.0,0.0,0.0,0.0,0.0,0.0,0.0,0.0,0.0,0.0,0.0,0.0,0.0,0.0,0.0,0.1212966988560943,0.0,0.0,0.0,0.8353830515524434,0.0,0.0,0.0,0.0,0.0433202495914622,0.0,0.0,0.0,MAc,DMM,None,1.6,0.0,0.0,,673,1,,,,0.28848661875,0.4615785899999999,,10.4028/www.scientific.net/AMR.233-235.2859,,,,,,,,,3,Si-P-V
0.0,0.0,0.0,0.0,0.0,0.0,0.0,0.0,0.0,0.0,0.0,0.0,0.0,0.0,0.0,0.0,0.0,0.0,0.0,0.0,0.0,0.1080848099890603,0.0,0.0,0.0,0.8378727850164095,0.0,0.0,0.0,0.0,0.0540424049945301,0.0,0.0,0.0,HAc,TRX,None,3.0,0.0,0.0,5.0,623,1,0.2,0.0970487556665741,0.2911462669997224,0.156672,0.470016,13.684340383014156,10.1016/j.apcata.2023.119441,VPO-SiO2,1.224814764103612,1.456864073774398,0.4856213579247994,0.0,0.0,13.69498848998295,13.694988489982949,3,Si-P-V
0.0,0.0,0.0,0.0,0.0,0.0,0.0,0.0,0.0,0.0,0.0,0.0,0.0,0.0,0.0078713419785482,0.0,0.0,0.0,0.0,0.0,0.0,0.1049512263806435,0.0,0.0,0.0,0.8347018184504864,0.0,0.0,0.0,0.0,0.0524756131903217,0.0,0.0,0.0,HAc,TRX,None,3.0,0.0,0.0,5.0,623,1,0.2,0.0970487556665741,0.2911462669997224,0.1984775799999999,0.5954327399999999,17.335801950041628,10.1016/j.apcata.2023.119441,VPO1%Mg-SiO2,1.224814764103612,1.456864073774398,0.4856213579247994,0.0,0.0,17.349291345101037,17.34929134510104,3,Si-P-V
0.0,0.0,0.0,0.0,0.0078068144069351,0.0,0.0,0.0,0.0,0.0,0.0,0.0,0.0,0.0,0.0,0.0,0.0,0.0,0.0,0.0,0.0,0.1040908587591352,0.0,0.0,0.0,0.836056897454362,0.0,0.0,0.0,0.0,0.0520454293795676,0.0,0.0,0.0,HAc,TRX,None,3.0,0.0,0.0,5.0,623,1,0.2,0.0970487556665741,0.2911462669997224,0.20087336,0.60262008,17.545058671107412,10.1016/j.apcata.2023.119441,VPO1%Ca-SiO2,1.224814764103612,1.456864073774398,0.4856213579247994,0.0,0.0,17.558710893741075,17.558710893741075,3,Si-P-V
0.0,0.0,0.0,0.0,0.0,0.0,0.0,0.0,0.0,0.0,0.0,0.0,0.0,0.0,0.0,0.0,0.0,0.0,0.0,0.0,0.0,0.1015808709236687,0.0,0.0,0.0,0.8400101282952218,0.0,0.0076185653192751,0.0,0.0,0.0507904354618344,0.0,0.0,0.0,HAc,TRX,None,3.0,0.0,0.0,5.0,623,1,0.2,0.0970487556665741,0.2911462669997224,0.2068854,0.6206562,18.070173572023315,10.1016/j.apcata.2023.119441,VPO1%Sr-SiO2,1.224814764103612,1.456864073774398,0.4856213579247994,0.0,0.0,18.08423439890675,18.08423439890675,3,Si-P-V
0.0,0.0,0.007431213098437,0.0,0.0,0.0,0.0,0.0,0.0,0.0,0.0,0.0,0.0,0.0,0.0,0.0,0.0,0.0,0.0,0.0,0.0,0.099082841312494,0.0,0.0,0.0,0.8439445249328219,0.0,0.0,0.0,0.0,0.049541420656247,0.0,0.0,0.0,HAc,TRX,None,3.0,0.0,0.0,5.0,623,1,0.2,0.0970487556665741,0.2911462669997224,0.21824,0.65472,19.06192839300583,10.1016/j.apcata.2023.119441,VPO1%Ba-SiO2,1.224814764103612,1.456864073774398,0.4856213579247994,0.0,0.0,19.07676092763148,19.07676092763148,3,Si-P-V
0.0,0.0,0.0,0.0,0.0,0.0,0.0,0.0,0.0,0.0,0.0,0.0,0.0,0.0,0.0,0.0,0.0,0.0,0.0,0.0,0.0,0.6250000000000001,0.0,0.0,0.0,0.0,0.0,0.0,0.0,0.25,0.125,0.0,0.0,0.0,HAc,TRX,None,3.0,0.0,0.01,2.5,638,1,6.0,1.4557313349986123,4.367194004995837,0.180194,0.540582,7.869421565362199,10.19906/j.cnki.JFCT.2022036,1,1.224814764103612,0.728432036887199,0.2428106789623997,0.0,0.0,7.875544947291116,7.875544947291118,2,P-V-Ti
0.0,0.0,0.0,0.0,0.0,0.0,0.0,0.0,0.0,0.0,0.0,0.0,0.0,0.0,0.0,0.0,0.0,0.0,0.0,0.0,0.0,0.2888772318084087,0.0,0.0,0.0,0.4703917416845839,0.0,0.0,0.0,0.0,0.2407310265070072,0.0,0.0,0.0,HAc,TRX,None,5.0,0.0,0.0,2.0,623,1,3.0,0.3493755203996669,1.7468776019983343,0.08488,0.4244,2.9654994171523725,10.1039/D3CY00844D,,1.154896201133835,0.5827864242127061,0.1165572848425412,0.0,0.0,2.9680147012304694,2.9680147012304694,2,P-V-Ti
0.0,0.0,0.0,0.0,0.0,0.0,0.0,0.0,0.0,0.0,0.0,0.0,0.0,0.0,0.0,0.0,0.0,0.0,0.0,0.0,0.0,0.3269738485789243,0.0,0.0,0.0,0.0,0.0,0.0,0.0,0.4005479442719719,0.2724782071491036,0.0,0.0,0.0,HAc,TRX,None,5.0,0.0,0.0,2.0,623,1,3.0,0.3493755203996669,1.7468776019983343,0.09652,0.4826,3.3721725228975847,10.1039/D3CY00844D,,1.154896201133835,0.5827864242127061,0.1165572848425412,0.0,0.0,3.3750327399006235,3.375032739900623,2,P-V-Ti
0.5114282662476,0.0,0.0,0.0,0.0,0.0,0.0,0.0,0.0,0.0,0.0,0.0,0.0,0.0,0.0,0.0,0.0,0.0,0.0,0.0,0.0,0.2664936729558546,0.0,0.0,0.0,0.0,0.0,0.0,0.0,0.0,0.2220780607965455,0.0,0.0,0.0,HAc,TRX,None,5.0,0.0,0.0,2.0,623,1,3.0,0.3493755203996669,1.7468776019983343,0.10296,0.5148,3.5971703580349708,10.1039/D3CY00844D,1,1.154896201133835,0.5827864242127061,0.1165572848425412,0.0,0.0,3.600221414216413,3.600221414216413,0,Al-P-Cs
0.0,0.0,0.0,0.0,0.0,0.2366739400579309,0.0,0.0,0.0,0.0,0.0,0.0,0.0,0.0,0.0,0.0,0.0,0.0,0.0,0.0,0.0,0.4163596690593104,0.0,0.0,0.0,0.0,0.0,0.0,0.0,0.0,0.3469663908827586,0.0,0.0,0.0,HAc,TRX,None,5.0,0.0,0.0,2.0,623,1,3.0,0.3493755203996669,1.7468776019983343,0.07152,0.3576,2.4987337218984176,10.1039/D3CY00844D,,1.154896201133835,0.5827864242127061,0.1165572848425412,0.0,0.0,2.5008531035815644,2.5008531035815644,2,P-V-Ti
0.0,0.0,0.0,0.0,0.0,0.0,0.0,0.0,0.0,0.0,0.0,0.0,0.0,0.0,0.0,0.0,0.0,0.0,0.0,0.0,0.0,0.0,0.0,0.0,0.0,1.0,0.0,0.0,0.0,0.0,0.0,0.0,0.0,0.0,MAc,TRX,None,0.5,0.0,0.0,3.6,663,1,0.5,0.7548596112311013,0.3774298056155507,0.08256,0.04128,3.739272570194384,10.1016/j.jiec.2014.11.014,,1.6827242183127262,0.7526722312417145,1.505344462483429,0.0,0.0,3.728437164678956,3.728437164678956,3,Si-P-V
0.0,0.0,0.0,0.0,0.0,0.0,0.0,0.0,0.0208753300457327,0.0,0.0,0.0,0.0,0.0,0.0,0.0,0.0,0.0,0.0,0.0,0.0,0.0,0.0,0.0,0.0,0.9791246699542674,0.0,0.0,0.0,0.0,0.0,0.0,0.0,0.0,MAc,TRX,None,0.5,0.0,0.0,3.6,663,1,0.5,0.7548596112311013,0.3774298056155507,0.468512,0.234256,21.219647170626345,10.1016/j.jiec.2014.11.014,1,1.6827242183127262,0.7526722312417145,1.505344462483429,0.0,0.0,21.15815834421109,21.15815834421109,3,Si-P-V
0.0,0.0,0.0,0.0,0.0,0.0,0.0,0.0,0.0208753300457327,0.0,0.0,0.0,0.0,0.0,0.0,0.0,0.0,0.0,0.0,0.0,0.0,0.0,0.0,0.0,0.0,0.9791246699542674,0.0,0.0,0.0,0.0,0.0,0.0,0.0,0.0,MAc,TRX,None,2.0,0.0,0.0,3.6,663,1,0.5,0.1887149028077753,0.3774298056155507,0.3006,0.6012,13.614647948164146,10.1016/j.jiec.2014.11.014,,1.1182874499185165,0.75309778321018,0.37654889160509,0.0,0.0,13.582871617978803,13.582871617978803,3,Si-P-V
1.0,0.0,0.0,0.0,0.0,0.0,0.0,0.0,0.0,0.0,0.0,0.0,0.0,0.0,0.0,0.0,0.0,0.0,0.0,0.0,0.0,0.0,0.0,0.0,0.0,0.0,0.0,0.0,0.0,0.0,0.0,0.0,0.0,0.0,MAc,TRX,MeOH,0.5,1.0,0.0,7.199999999999999,663,1,0.5,0.7476805242468211,0.3738402621234105,0.296258,0.148129,13.290380205138884,10.1007/s10562-017-2014-8,,1.2324822836367204,0.7461299265281326,1.4922598530562652,1.4922598530562652,0.0,13.262817586402292,13.262817586402292,0,Al-P-Cs
0.7313730205613801,0.0,0.0,0.0,0.0,0.0,0.0,0.0,0.0,0.0,0.0,0.0,0.0,0.2686269794386199,0.0,0.0,0.0,0.0,0.0,0.0,0.0,0.0,0.0,0.0,0.0,0.0,0.0,0.0,0.0,0.0,0.0,0.0,0.0,0.0,MAc,TRX,MeOH,0.5,1.0,0.0,7.199999999999999,663,1,0.5,0.7476805242468211,0.3738402621234105,0.0721499999999999,0.0360749999999999,3.2367089894644883,10.1007/s10562-017-2014-8,,1.2324822836367204,0.7461299265281326,1.4922598530562652,1.4922598530562652,0.0,3.229996451940285,3.229996451940285,0,Al-P-Cs
0.9001908938946541,0.0,0.0,0.0,0.0,0.0,0.0,0.0,0.0,0.0,0.0,0.0,0.0,0.0,0.0,0.0,0.0,0.0998091061053459,0.0,0.0,0.0,0.0,0.0,0.0,0.0,0.0,0.0,0.0,0.0,0.0,0.0,0.0,0.0,0.0,MAc,TRX,MeOH,0.5,1.0,0.0,7.199999999999999,663,1,0.5,0.7476805242468211,0.3738402621234105,0.1443809999999999,0.0721904999999999,6.477051706276816,10.1007/s10562-017-2014-8,,1.2324822836367204,0.7461299265281326,1.4922598530562652,1.4922598530562652,0.0,6.463619095323498,6.463619095323498,0,Al-P-Cs
0.9387955087801284,0.0,0.0,0.0,0.0,0.0,0.0,0.0,0.0,0.0,0.0,0.0612044912198714,0.0,0.0,0.0,0.0,0.0,0.0,0.0,0.0,0.0,0.0,0.0,0.0,0.0,0.0,0.0,0.0,0.0,0.0,0.0,0.0,0.0,0.0,MAc,TRX,MeOH,0.5,1.0,0.0,7.199999999999999,663,1,0.5,0.7476805242468211,0.3738402621234105,0.152447,0.0762235,6.838899172791308,10.1007/s10562-017-2014-8,,1.2324822836367204,0.7461299265281326,1.4922598530562652,1.4922598530562652,0.0,6.824716134566054,6.824716134566054,0,Al-P-Cs
0.971039598471528,0.0,0.0,0.0,0.0,0.0,0.0,0.0,0.0,0.0,0.0,0.0,0.0,0.0,0.0,0.0,0.0,0.0,0.0,0.0,0.0,0.0,0.0289604015284721,0.0,0.0,0.0,0.0,0.0,0.0,0.0,0.0,0.0,0.0,0.0,MAc,TRX,MeOH,0.5,1.0,0.0,7.199999999999999,663,1,0.5,0.7476805242468211,0.3738402621234105,0.246784,0.123392,11.070935429743647,10.1007/s10562-017-2014-8,,1.2324822836367204,0.7461299265281326,1.4922598530562652,1.4922598530562652,0.0,11.047975667299122,11.047975667299122,0,Al-P-Cs
0.981181852261838,0.0,0.0,0.0,0.0,0.0,0.0,0.0,0.0188181477381621,0.0,0.0,0.0,0.0,0.0,0.0,0.0,0.0,0.0,0.0,0.0,0.0,0.0,0.0,0.0,0.0,0.0,0.0,0.0,0.0,0.0,0.0,0.0,0.0,0.0,MAc,TRX,MeOH,0.5,1.0,0.0,7.199999999999999,663,1,0.5,0.7476805242468211,0.3738402621234105,0.2682839999999999,0.1341419999999999,12.035443306022048,10.1007/s10562-017-2014-8,,1.2324822836367204,0.7461299265281326,1.4922598530562652,1.4922598530562652,0.0,12.01048327252041,12.01048327252041,0,Al-P-Cs
0.9050792529128784,0.0,0.0,0.0,0.0,0.0,0.0,0.0,0.0,0.0,0.0,0.0,0.0,0.0,0.0949207470871215,0.0,0.0,0.0,0.0,0.0,0.0,0.0,0.0,0.0,0.0,0.0,0.0,0.0,0.0,0.0,0.0,0.0,0.0,0.0,MAc,TRX,MeOH,0.5,1.0,0.0,7.199999999999999,663,1,0.5,0.7476805242468211,0.3738402621234105,0.2791519999999999,0.1395759999999999,12.522990822272916,10.1007/s10562-017-2014-8,,1.2324822836367204,0.7461299265281326,1.4922598530562652,1.4922598530562652,0.0,12.497019675010876,12.497019675010876,0,Al-P-Cs
0.9402021767919584,0.0,0.0,0.0,0.0597978232080416,0.0,0.0,0.0,0.0,0.0,0.0,0.0,0.0,0.0,0.0,0.0,0.0,0.0,0.0,0.0,0.0,0.0,0.0,0.0,0.0,0.0,0.0,0.0,0.0,0.0,0.0,0.0,0.0,0.0,MAc,TRX,MeOH,0.5,1.0,0.0,7.199999999999999,663,1,0.5,0.7476805242468211,0.3738402621234105,0.293664,0.146832,13.174011208345108,10.1007/s10562-017-2014-8,,1.2324822836367204,0.7461299265281326,1.4922598530562652,1.4922598530562652,0.0,13.146689924637451,13.146689924637451,0,Al-P-Cs
0.9717308401936156,0.0,0.0,0.0,0.0,0.0,0.0,0.0,0.0,0.0,0.0,0.0,0.0,0.0,0.0,0.0,0.0,0.0,0.0,0.0,0.0,0.0,0.0,0.0,0.0,0.0,0.0,0.0282691598063843,0.0,0.0,0.0,0.0,0.0,0.0,MAc,TRX,MeOH,0.5,1.0,0.0,7.199999999999999,663,1,0.5,0.7476805242468211,0.3738402621234105,0.323792,0.161896,14.525578338415604,10.1007/s10562-017-2014-8,,1.2324822836367204,0.7461299265281326,1.4922598530562652,1.4922598530562652,0.0,14.495454070223827,14.495454070223827,0,Al-P-Cs
0.9817767030089496,0.0,0.0182232969910503,0.0,0.0,0.0,0.0,0.0,0.0,0.0,0.0,0.0,0.0,0.0,0.0,0.0,0.0,0.0,0.0,0.0,0.0,0.0,0.0,0.0,0.0,0.0,0.0,0.0,0.0,0.0,0.0,0.0,0.0,0.0,MAc,TRX,MeOH,0.5,1.0,0.0,7.199999999999999,663,1,0.5,0.7476805242468211,0.3738402621234105,0.3605839999999999,0.1802919999999999,16.176098049300943,10.1007/s10562-017-2014-8,,1.2324822836367204,0.7461299265281326,1.4922598530562652,1.4922598530562652,0.0,16.142550805633206,16.142550805633206,0,Al-P-Cs
1.0,0.0,0.0,0.0,0.0,0.0,0.0,0.0,0.0,0.0,0.0,0.0,0.0,0.0,0.0,0.0,0.0,0.0,0.0,0.0,0.0,0.0,0.0,0.0,0.0,0.0,0.0,0.0,0.0,0.0,0.0,0.0,0.0,0.0,MAc,TRX,MeOH,0.5,1.0,0.0,7.199999999999999,663,1,0.5,0.7476805242468211,0.3738402621234105,0.3347074067112566,0.1673537033556283,15.015252559149978,10.1007/s10562-017-2014-8,gamma-Alumina,1.2324822836367204,0.7461299265281326,1.4922598530562652,1.4922598530562652,0.0,14.9841127666735,14.9841127666735,0,Al-P-Cs
0.9963014203494563,0.0,0.0036985796505435,0.0,0.0,0.0,0.0,0.0,0.0,0.0,0.0,0.0,0.0,0.0,0.0,0.0,0.0,0.0,0.0,0.0,0.0,0.0,0.0,0.0,0.0,0.0,0.0,0.0,0.0,0.0,0.0,0.0,0.0,0.0,MAc,TRX,MeOH,0.5,1.0,0.0,7.199999999999999,663,1,0.5,0.7476805242468211,0.3738402621234105,0.3451327193793119,0.1725663596896559,15.482940753615294,10.1007/s10562-017-2014-8,1Ba-gamma-Alumina,1.2324822836367204,0.7461299265281326,1.4922598530562652,1.4922598530562652,0.0,15.450831033176437,15.450831033176437,0,Al-P-Cs
0.9817767030089496,0.0,0.0182232969910503,0.0,0.0,0.0,0.0,0.0,0.0,0.0,0.0,0.0,0.0,0.0,0.0,0.0,0.0,0.0,0.0,0.0,0.0,0.0,0.0,0.0,0.0,0.0,0.0,0.0,0.0,0.0,0.0,0.0,0.0,0.0,MAc,TRX,MeOH,0.5,1.0,0.0,7.199999999999999,663,1,0.5,0.7476805242468211,0.3738402621234105,0.3991596945210403,0.1995798472605201,17.906635779461542,10.1007/s10562-017-2014-8,5Ba-gamma-Alumina,1.2324822836367204,0.7461299265281326,1.4922598530562652,1.4922598530562652,0.0,17.869499612758542,17.869499612758542,0,Al-P-Cs
0.9642056962458,0.0,0.0357943037541999,0.0,0.0,0.0,0.0,0.0,0.0,0.0,0.0,0.0,0.0,0.0,0.0,0.0,0.0,0.0,0.0,0.0,0.0,0.0,0.0,0.0,0.0,0.0,0.0,0.0,0.0,0.0,0.0,0.0,0.0,0.0,MAc,TRX,MeOH,0.5,1.0,0.0,7.199999999999999,663,1,0.5,0.7476805242468211,0.3738402621234105,0.4000952274358071,0.2000476137179035,17.948604563871324,10.1007/s10562-017-2014-8,10Ba-gamma-Alumina,1.2324822836367204,0.7461299265281326,1.4922598530562652,1.4922598530562652,0.0,17.911381359056115,17.911381359056115,0,Al-P-Cs
0.9817767030089496,0.0,0.0182232969910503,0.0,0.0,0.0,0.0,0.0,0.0,0.0,0.0,0.0,0.0,0.0,0.0,0.0,0.0,0.0,0.0,0.0,0.0,0.0,0.0,0.0,0.0,0.0,0.0,0.0,0.0,0.0,0.0,0.0,0.0,0.0,MAc,TRX,MeOH,0.5,1.0,0.0,7.199999999999999,683,1,0.5,0.7476805242468211,0.3738402621234105,0.3972799999999999,0.1986399999999999,17.822311120366624,10.1007/s10562-017-2014-8,,1.2324822836367204,0.7461299265281326,1.4922598530562652,1.4922598530562652,0.0,17.785349832665787,17.785349832665787,0,Al-P-Cs
1.0,0.0,0.0,0.0,0.0,0.0,0.0,0.0,0.0,0.0,0.0,0.0,0.0,0.0,0.0,0.0,0.0,0.0,0.0,0.0,0.0,0.0,0.0,0.0,0.0,0.0,0.0,0.0,0.0,0.0,0.0,0.0,0.0,0.0,MAc,TRX,MeOH,0.5,1.0,0.0,7.199999999999999,663,1,0.5,0.7476805242468211,0.3738402621234105,0.2973479999999999,0.1486739999999999,13.339278511424624,10.1039/C7RA10008F,Alumina,1.2324822836367204,0.7461299265281326,1.4922598530562652,1.4922598530562652,0.0,13.311614483597229,13.311614483597229,0,Al-P-Cs
0.9817767030089496,0.0,0.0182232969910503,0.0,0.0,0.0,0.0,0.0,0.0,0.0,0.0,0.0,0.0,0.0,0.0,0.0,0.0,0.0,0.0,0.0,0.0,0.0,0.0,0.0,0.0,0.0,0.0,0.0,0.0,0.0,0.0,0.0,0.0,0.0,MAc,TRX,MeOH,0.5,1.0,0.0,7.199999999999999,663,1,0.5,0.7476805242468211,0.3738402621234105,0.361566,0.180783,16.220151385789567,10.1039/C7RA10008F,5Ba-Alumina,1.2324822836367204,0.7461299265281326,1.4922598530562652,1.4922598530562652,0.0,16.18651278090425,16.18651278090425,0,Al-P-Cs
0.947606204785719,0.0,0.0175890395926565,0.0,0.0,0.0,0.0,0.0,0.0,0.0,0.0,0.0,0.0,0.0348047556216245,0.0,0.0,0.0,0.0,0.0,0.0,0.0,0.0,0.0,0.0,0.0,0.0,0.0,0.0,0.0,0.0,0.0,0.0,0.0,0.0,MAc,TRX,MeOH,0.5,1.0,0.0,7.199999999999999,663,1,0.5,0.7476805242468211,0.3738402621234105,0.264408,0.132204,11.86156272330321,10.1039/C7RA10008F,,1.2324822836367204,0.7461299265281326,1.4922598530562652,1.4922598530562652,0.0,11.836963296807031,11.836963296807031,0,Al-P-Cs
0.9799315353958356,0.0,0.0181890478208377,0.0,0.0,0.0,0.0,0.0,0.0018794167833265,0.0,0.0,0.0,0.0,0.0,0.0,0.0,0.0,0.0,0.0,0.0,0.0,0.0,0.0,0.0,0.0,0.0,0.0,0.0,0.0,0.0,0.0,0.0,0.0,0.0,MAc,TRX,MeOH,0.5,1.0,0.0,7.199999999999999,663,1,0.5,0.7476805242468211,0.3738402621234105,0.324576,0.162288,14.560749230276173,10.1039/C7RA10008F,,1.2324822836367204,0.7461299265281326,1.4922598530562652,1.4922598530562652,0.0,14.530552021967711,14.530552021967711,0,Al-P-Cs
0.9800263207821776,0.0,0.0181908071844898,0.0,0.0,0.0017828720333326,0.0,0.0,0.0,0.0,0.0,0.0,0.0,0.0,0.0,0.0,0.0,0.0,0.0,0.0,0.0,0.0,0.0,0.0,0.0,0.0,0.0,0.0,0.0,0.0,0.0,0.0,0.0,0.0,MAc,TRX,MeOH,0.5,1.0,0.0,7.199999999999999,663,1,0.5,0.7476805242468211,0.3738402621234105,0.3455999999999999,0.1727999999999999,15.50390335078208,10.1039/C7RA10008F,,1.2324822836367204,0.7461299265281326,1.4922598530562652,1.4922598530562652,0.0,15.471750156487357,15.471750156487357,0,Al-P-Cs
0.979090760413139,0.0,0.0181734417342751,0.0,0.0,0.0,0.0,0.0,0.0,0.0,0.0,0.0,0.0,0.0,0.0,0.0,0.0,0.0,0.0,0.0,0.0,0.0,0.0,0.0,0.0,0.0,0.0,0.0,0.0,0.0,0.0,0.0,0.0,0.0027357978525857,MAc,TRX,MeOH,0.5,1.0,0.0,7.199999999999999,663,1,0.5,0.7476805242468211,0.3738402621234105,0.370328,0.185164,16.613221990996607,10.1039/C7RA10008F,,1.2324822836367204,0.7461299265281326,1.4922598530562652,1.4922598530562652,0.0,16.578768205878617,16.578768205878617,0,Al-P-Cs
0.9800110940267144,0.0,0.0181905245523127,0.0,0.0,0.0,0.0,0.0,0.0,0.0,0.0,0.0,0.0017983814209731,0.0,0.0,0.0,0.0,0.0,0.0,0.0,0.0,0.0,0.0,0.0,0.0,0.0,0.0,0.0,0.0,0.0,0.0,0.0,0.0,0.0,MAc,TRX,MeOH,0.5,1.0,0.0,7.199999999999999,663,1,0.5,0.7476805242468211,0.3738402621234105,0.37762,0.18881,16.940347173965076,10.1039/C7RA10008F,5Ba-0.5La-Alumina,1.2324822836367204,0.7461299265281326,1.4922598530562652,1.4922598530562652,0.0,16.90521497133321,16.90521497133321,0,Al-P-Cs
0.0,0.0,0.0,0.0,0.0,0.0,0.0,0.0,0.0,0.0,0.0,0.0,0.0,0.0,0.0,0.0,0.0,0.0,0.0,0.0,0.0,0.0,0.0,0.0,0.0,0.0,0.0,0.0,0.0,1.0,0.0,0.0,0.0,0.0,MAc,TRX,MeOH,0.5,1.0,0.0,7.199999999999999,663,1,0.5,0.7476805242468211,0.3738402621234105,0.103992,0.051996,4.665167584648525,10.1007/s10562-018-2535-9,TiO2,1.2324822836367204,0.7461299265281326,1.4922598530562652,1.4922598530562652,0.0,4.655492599170814,4.655492599170814,2,P-V-Ti
1.0,0.0,0.0,0.0,0.0,0.0,0.0,0.0,0.0,0.0,0.0,0.0,0.0,0.0,0.0,0.0,0.0,0.0,0.0,0.0,0.0,0.0,0.0,0.0,0.0,0.0,0.0,0.0,0.0,0.0,0.0,0.0,0.0,0.0,MAc,TRX,MeOH,0.5,1.0,0.0,7.199999999999999,663,1,0.5,0.7476805242468211,0.3738402621234105,0.28960092,0.14480046,12.9917380612777,10.1007/s10562-018-2535-9,Al2O3,1.2324822836367204,0.7461299265281326,1.4922598530562652,1.4922598530562652,0.0,12.964794789724776,12.964794789724776,0,Al-P-Cs
0.986842105263158,0.0,0.0,0.0,0.0,0.0,0.0,0.0,0.0,0.0,0.0,0.0,0.0,0.0,0.0,0.0,0.0,0.0,0.0,0.0,0.0,0.0,0.0,0.0,0.0,0.0,0.0,0.0,0.0,0.0131578947368421,0.0,0.0,0.0,0.0,MAc,TRX,MeOH,0.5,1.0,0.0,7.199999999999999,663,1,0.5,0.7476805242468211,0.3738402621234105,0.26691808,0.13345904,11.974166999121296,10.1007/s10562-018-2535-9,Ti-Al2O3,1.2324822836367204,0.7461299265281326,1.4922598530562652,1.4922598530562652,0.0,11.949334045165813,11.949334045165813,0,Al-P-Cs
0.986842105263158,0.0,0.0,0.0,0.0,0.0,0.0,0.0,0.0,0.0,0.0,0.0,0.0,0.0,0.0,0.0,0.0,0.0,0.0,0.0,0.0,0.0,0.0,0.0,0.0,0.0,0.0,0.0,0.0,0.0131578947368421,0.0,0.0,0.0,0.0,MAc,TRX,MeOH,0.5,1.0,0.0,7.199999999999999,663,1,0.5,0.7476805242468211,0.3738402621234105,0.332175,0.1660875,14.901646688501268,10.1007/s10562-018-2535-9,gamma-TiAl2O3,1.2324822836367204,0.7461299265281326,1.4922598530562652,1.4922598530562652,0.0,14.870742500668946,14.870742500668946,0,Al-P-Cs
0.0,0.0,0.0267796523838205,0.0,0.0,0.0,0.0,0.0,0.0,0.0,0.0,0.0,0.0,0.0,0.0,0.0,0.0,0.0,0.0,0.0,0.0,0.0,0.0,0.0,0.0,0.0,0.0,0.0,0.0,0.9732203476161796,0.0,0.0,0.0,0.0,MAc,TRX,MeOH,0.5,1.0,0.0,7.199999999999999,663,1,0.5,0.7476805242468211,0.3738402621234105,0.20468523,0.102342615,9.182349604318867,10.1007/s10562-018-2535-9,Ba-TiO2,1.2324822836367204,0.7461299265281326,1.4922598530562652,1.4922598530562652,0.0,9.163306537277634,9.163306537277634,2,P-V-Ti
0.9827386228095196,0.0,0.0172613771904803,0.0,0.0,0.0,0.0,0.0,0.0,0.0,0.0,0.0,0.0,0.0,0.0,0.0,0.0,0.0,0.0,0.0,0.0,0.0,0.0,0.0,0.0,0.0,0.0,0.0,0.0,0.0,0.0,0.0,0.0,0.0,MAc,TRX,MeOH,0.5,1.0,0.0,7.199999999999999,663,1,0.5,0.7476805242468211,0.3738402621234105,0.36957286,0.18478643,16.57934578273182,10.1007/s10562-018-2535-9,Ba-Al2O3,1.2324822836367204,0.7461299265281326,1.4922598530562652,1.4922598530562652,0.0,16.54496225271551,16.54496225271551,0,Al-P-Cs
0.9696830661945772,0.0,0.0173878262561616,0.0,0.0,0.0,0.0,0.0,0.0,0.0,0.0,0.0,0.0,0.0,0.0,0.0,0.0,0.0,0.0,0.0,0.0,0.0,0.0,0.0,0.0,0.0,0.0,0.0,0.0,0.012929107549261,0.0,0.0,0.0,0.0,MAc,TRX,MeOH,0.5,1.0,0.0,7.199999999999999,663,1,0.5,0.7476805242468211,0.3738402621234105,0.38134003,0.190670015,17.10723081280191,10.1007/s10562-018-2535-9,Ba-Ti-Al2O3,1.2324822836367204,0.7461299265281326,1.4922598530562652,1.4922598530562652,0.0,17.071752513968153,17.071752513968153,0,Al-P-Cs
0.9696830661945772,0.0,0.0173878262561616,0.0,0.0,0.0,0.0,0.0,0.0,0.0,0.0,0.0,0.0,0.0,0.0,0.0,0.0,0.0,0.0,0.0,0.0,0.0,0.0,0.0,0.0,0.0,0.0,0.0,0.0,0.012929107549261,0.0,0.0,0.0,0.0,MAc,TRX,MeOH,0.5,1.0,0.0,7.199999999999999,663,1,0.5,0.7476805242468211,0.3738402621234105,0.451,0.2255,20.23223498611898,10.1007/s10562-018-2535-9,Ba-gamma-TiAl2O3,1.2324822836367204,0.7461299265281326,1.4922598530562652,1.4922598530562652,0.0,20.19027581185127,20.19027581185127,0,Al-P-Cs
0.0,0.0,0.0,0.0,0.0,0.0,0.0,0.0,0.0,0.0,0.0,0.0,0.0,0.0,0.0,0.0,0.0,0.0,0.0,0.0,0.0,0.0,0.0,0.0,0.0,1.0,0.0,0.0,0.0,0.0,0.0,0.0,0.0,0.0,MAc,TRX,MeOH,3.0,3.0,0.0,7.199999999999999,663,1,0.5,0.1666796294219575,0.5000388882658727,0.0,0.0,0.0,10.1007/s11144-018-1419-8,SBA15,0.9659558496734032,0.9981460601120156,0.3327153533706719,0.9981460601120156,0.0,0.0,0.0,3,Si-P-V
0.0,0.0,0.0,0.0,0.0,0.0909090909090909,0.0,0.0,0.0,0.0,0.0,0.0,0.0,0.0,0.0,0.0,0.0,0.0,0.0,0.0,0.0,0.0,0.0,0.0,0.0,0.9090909090909092,0.0,0.0,0.0,0.0,0.0,0.0,0.0,0.0,MAc,TRX,MeOH,3.0,3.0,0.0,7.199999999999999,663,1,0.5,0.1666796294219575,0.5000388882658727,0.0532799,0.1598397,3.1970426355500248,10.1007/s11144-018-1419-8,Ce-SBA15(10),0.9659558496734032,0.9981460601120156,0.3327153533706719,0.9981460601120156,0.0,3.1908673360897306,3.190867336089731,3,Si-P-V
0.0,0.0,0.0,0.0,0.0,0.0873240350214437,0.0,0.0,0.0394750766069558,0.0,0.0,0.0,0.0,0.0,0.0,0.0,0.0,0.0,0.0,0.0,0.0,0.0,0.0,0.0,0.0,0.8732008883716004,0.0,0.0,0.0,0.0,0.0,0.0,0.0,0.0,MAc,TRX,MeOH,3.0,3.0,0.0,7.199999999999999,663,1,0.5,0.1666796294219575,0.5000388882658727,0.1733004,0.5199012000000001,10.398832722243728,10.1007/s11144-018-1419-8,10Cs-Ce-SBA15imp,0.9659558496734032,0.9981460601120156,0.3327153533706719,0.9981460601120156,0.0,10.378746688550182,10.378746688550182,3,Si-P-V
0.0,0.0,0.0,0.0,0.0,0.0863440471020415,0.0,0.0,0.0502154818775429,0.0,0.0,0.0,0.0,0.0,0.0,0.0,0.0,0.0,0.0,0.0,0.0,0.0,0.0,0.0,0.0,0.8634404710204153,0.0,0.0,0.0,0.0,0.0,0.0,0.0,0.0,MAc,TRX,MeOH,3.0,3.0,0.0,7.199999999999999,663,1,0.5,0.1666796294219575,0.5000388882658727,0.22425,0.67275,13.456046483234635,10.1007/s11144-018-1419-8,10Cs-Ce-SBA15(10),0.9659558496734032,0.9981460601120156,0.3327153533706719,0.9981460601120156,0.0,13.430055238807167,13.430055238807167,3,Si-P-V
0.9650828723177752,0.0,0.0,0.0,0.0,0.0,0.0,0.0,0.0349171276822248,0.0,0.0,0.0,0.0,0.0,0.0,0.0,0.0,0.0,0.0,0.0,0.0,0.0,0.0,0.0,0.0,0.0,0.0,0.0,0.0,0.0,0.0,0.0,0.0,0.0,MAc,TRX,MeOH,5.0,0.75,0.0,2.0,623,1,5.0,0.389586363253375,1.9479318162668748,0.06232,0.3116,1.4567413294770195,10.1039/C6CY00620E,,0.99004653727826,0.3887474820078295,0.0777494964015659,0.0583121223011744,0.0,1.453604584723676,1.453604584723676,0,Al-P-Cs
0.9327519273163696,0.0,0.0,0.0,0.0,0.0,0.0,0.0,0.0337473797081572,0.0,0.0,0.0,0.0,0.0,0.0,0.0,0.0,0.0,0.0,0.0,0.0,0.0335006929754734,0.0,0.0,0.0,0.0,0.0,0.0,0.0,0.0,0.0,0.0,0.0,0.0,MAc,TRX,MeOH,5.0,0.75,0.0,2.0,623,1,5.0,0.389586363253375,1.9479318162668748,0.08868,0.4434,2.0729111215985574,10.1039/C6CY00620E,,0.99004653727826,0.3887474820078295,0.0777494964015659,0.0583121223011744,0.0,2.0684476022672595,2.068447602267259,0,Al-P-Cs
0.9327519273163696,0.0,0.0,0.0,0.0,0.0,0.0,0.0,0.0337473797081572,0.0,0.0,0.0,0.0,0.0,0.0,0.0,0.0,0.0,0.0,0.0,0.0,0.0335006929754734,0.0,0.0,0.0,0.0,0.0,0.0,0.0,0.0,0.0,0.0,0.0,0.0,MAc,TRX,MeOH,5.0,0.75,0.0,3.4,653,1,5.0,0.6622968175307374,3.311484087653687,0.0941999999999999,0.471,3.743301612683728,10.1039/C6CY00620E,1,0.99004653727826,0.6608707194133101,0.132174143882662,0.0991306079119965,0.0,3.735241306124028,3.735241306124028,0,Al-P-Cs
0.9327519273163696,0.0,0.0,0.0,0.0,0.0,0.0,0.0,0.0337473797081572,0.0,0.0,0.0,0.0,0.0,0.0,0.0,0.0,0.0,0.0,0.0,0.0,0.0335006929754734,0.0,0.0,0.0,0.0,0.0,0.0,0.0,0.0,0.0,0.0,0.0,0.0,MAc,TRX,None,5.0,0.0,0.0,,623,1,500.0,,,0.0802,0.401,,10.1021/acs.iecr.7b02522,,,,,,,,,0,Al-P-Cs
0.8709800370912081,0.0,0.0,0.0,0.0,0.0,0.0,0.0,0.0,0.0,0.0,0.0,0.0,0.0,0.0,0.0,0.0,0.0,0.0,0.0,0.0,0.1290199629087919,0.0,0.0,0.0,0.0,0.0,0.0,0.0,0.0,0.0,0.0,0.0,0.0,MAc,TRX,None,5.0,0.0,0.21,1.2,623,1,5.0,0.2516198704103672,1.2580993520518362,0.068710972,0.3435548600000001,1.0373427522246224,10.1002/cjce.22889,,1.0053234973701344,0.2510609837849648,0.0502121967569929,0.0,0.0,1.03503865362847,1.0350386536284704,0,Al-P-Cs
0.9630588681995124,0.0,0.0,0.0,0.0,0.0,0.0,0.0,0.0369411318004877,0.0,0.0,0.0,0.0,0.0,0.0,0.0,0.0,0.0,0.0,0.0,0.0,0.0,0.0,0.0,0.0,0.0,0.0,0.0,0.0,0.0,0.0,0.0,0.0,0.0,MAc,TRX,None,5.0,0.0,0.21,1.2,623,1,5.0,0.2516198704103672,1.2580993520518362,0.040294268,0.20147134,0.6083303095464363,10.1002/cjce.22889,,1.0053234973701344,0.2510609837849648,0.0502121967569929,0.0,0.0,0.6069791138985016,0.6069791138985015,0,Al-P-Cs
0.8428220595882177,0.0,0.0,0.0,0.0,0.0,0.0,0.0,0.0323290733471101,0.0,0.0,0.0,0.0,0.0,0.0,0.0,0.0,0.0,0.0,0.0,0.0,0.1248488670646721,0.0,0.0,0.0,0.0,0.0,0.0,0.0,0.0,0.0,0.0,0.0,0.0,MAc,TRX,None,5.0,0.0,0.21,1.2,623,1,5.0,0.2516198704103672,1.2580993520518362,0.068579456,0.3428972799999999,1.0353572298920088,10.1002/cjce.22889,,1.0053234973701344,0.2510609837849648,0.0502121967569929,0.0,0.0,1.0330575414478622,1.0330575414478622,0,Al-P-Cs
0.0532854016359133,0.0,0.0,0.0,0.0,0.0,0.0,0.0,0.0,0.0,0.0,0.0,0.0,0.0,0.0,0.0,0.0,0.0,0.0,0.0,0.0,0.1474335738253869,0.0,0.0,0.0,0.7992810245386999,0.0,0.0,0.0,0.0,0.0,0.0,0.0,0.0,MAc,TRX,None,5.0,0.0,0.21,1.2,623,1,5.0,0.2516198704103672,1.2580993520518362,0.0802909119999999,0.4014545599999999,1.2121673323542117,10.1002/cjce.22889,1,1.0053234973701344,0.2510609837849648,0.0502121967569929,0.0,0.0,1.2094749213427218,1.2094749213427218,3,Si-P-V
0.0598212493079963,0.0,0.0,0.0,0.0,0.0,0.0,0.0,0.0428600110720581,0.0,0.0,0.0,0.0,0.0,0.0,0.0,0.0,0.0,0.0,0.0,0.0,0.0,0.0,0.0,0.0,0.8973187396199455,0.0,0.0,0.0,0.0,0.0,0.0,0.0,0.0,MAc,TRX,None,5.0,0.0,0.21,1.2,623,1,5.0,0.2516198704103672,1.2580993520518362,0.060626668,0.30313334,0.9152924607343416,10.1002/cjce.22889,,1.0053234973701344,0.2510609837849648,0.0502121967569929,0.0,0.0,0.9132594547010668,0.9132594547010666,3,Si-P-V
0.0513259174405612,0.0,0.0,0.0,0.0,0.0,0.0,0.0,0.0367733776080123,0.0,0.0,0.0,0.0,0.0,0.0,0.0,0.0,0.0,0.0,0.0,0.0,0.1420119433430072,0.0,0.0,0.0,0.7698887616084192,0.0,0.0,0.0,0.0,0.0,0.0,0.0,0.0,MAc,TRX,None,5.0,0.0,0.21,1.2,623,1,5.0,0.2516198704103672,1.2580993520518362,0.080091472,0.40045736,1.2091563483369332,10.1002/cjce.22889,,1.0053234973701344,0.2510609837849648,0.0502121967569929,0.0,0.0,1.2064706251863575,1.2064706251863575,3,Si-P-V
0.0,0.0,0.0,0.0,0.0,0.0,0.0,0.0,0.0,0.0,0.0,0.0,0.0,0.0,0.0,0.0,0.0,0.0,0.0,0.0,0.0,0.1486335042281489,0.0,0.0,0.0,0.8513664957718511,0.0,0.0,0.0,0.0,0.0,0.0,0.0,0.0,MAc,TRX,None,5.0,0.0,0.21,1.2,623,1,5.0,0.2516198704103672,1.2580993520518362,0.0096421399999999,0.0482106999999999,0.1455692410367171,10.1002/cjce.22889,,1.0053234973701344,0.2510609837849648,0.0502121967569929,0.0,0.0,0.1452459092515416,0.1452459092515416,3,Si-P-V
0.0,0.0,0.0,0.0,0.0,0.0,0.0,0.0,0.0432520172785346,0.0,0.0,0.0,0.0,0.0,0.0,0.0,0.0,0.0,0.0,0.0,0.0,0.0,0.0,0.0,0.0,0.9567479827214652,0.0,0.0,0.0,0.0,0.0,0.0,0.0,0.0,MAc,TRX,None,5.0,0.0,0.21,1.2,623,1,5.0,0.2516198704103672,1.2580993520518362,0.003708474,0.01854237,0.0559875448380129,10.1002/cjce.22889,,1.0053234973701344,0.2510609837849648,0.0502121967569929,0.0,0.0,0.0558631878468578,0.0558631878468578,3,Si-P-V
0.0,0.0,0.0,0.0,0.0,0.0,0.0,0.0,0.03706157609873,0.0,0.0,0.0,0.0,0.0,0.0,0.0,0.0,0.0,0.0,0.0,0.0,0.1431249123003765,0.0,0.0,0.0,0.8198135116008936,0.0,0.0,0.0,0.0,0.0,0.0,0.0,0.0,MAc,TRX,None,5.0,0.0,0.21,1.2,623,1,5.0,0.2516198704103672,1.2580993520518362,0.00996246,0.0498123,0.150405173650108,10.1002/cjce.22889,,1.0053234973701344,0.2510609837849648,0.0502121967569929,0.0,0.0,0.1500711005111016,0.1500711005111016,3,Si-P-V
0.0,0.0,0.0,0.0,0.0,0.0,0.0,0.0,0.0,0.0,0.0,0.0,0.0,0.0,0.0,0.0,0.0,0.0,0.0,0.0,0.0,0.1486335042281489,0.0,0.0,0.0,0.8513664957718511,0.0,0.0,0.0,0.0,0.0,0.0,0.0,0.0,MAc,TRX,None,5.0,0.0,0.21,1.2,623,1,5.0,0.2516198704103672,1.2580993520518362,0.014416364,0.07208182,0.217646618488121,10.1002/cjce.22889,,1.0053234973701344,0.2510609837849648,0.0502121967569929,0.0,0.0,0.217163191706529,0.217163191706529,3,Si-P-V
0.0,0.0,0.0,0.0,0.0,0.0,0.0,0.0,0.0432520172785346,0.0,0.0,0.0,0.0,0.0,0.0,0.0,0.0,0.0,0.0,0.0,0.0,0.0,0.0,0.0,0.0,0.9567479827214652,0.0,0.0,0.0,0.0,0.0,0.0,0.0,0.0,MAc,TRX,None,5.0,0.0,0.21,1.2,623,1,5.0,0.2516198704103672,1.2580993520518362,0.0030778159999999,0.01538908,0.0464663797840172,10.1002/cjce.22889,,1.0053234973701344,0.2510609837849648,0.0502121967569929,0.0,0.0,0.0463631707721463,0.0463631707721463,3,Si-P-V
0.0,0.0,0.0,0.0,0.0,0.0,0.0,0.0,0.03706157609873,0.0,0.0,0.0,0.0,0.0,0.0,0.0,0.0,0.0,0.0,0.0,0.0,0.1431249123003765,0.0,0.0,0.0,0.8198135116008936,0.0,0.0,0.0,0.0,0.0,0.0,0.0,0.0,MAc,TRX,None,5.0,0.0,0.21,1.2,623,1,5.0,0.2516198704103672,1.2580993520518362,0.014667932,0.07333966,0.2214445889416847,10.1002/cjce.22889,,1.0053234973701344,0.2510609837849648,0.0502121967569929,0.0,0.0,0.2209527262806579,0.2209527262806579,3,Si-P-V
0.0,0.0,0.0,0.0,0.0,0.0,0.0,0.0,0.0,0.0,0.0,0.0,0.0,0.0,0.0,0.0,0.0,0.0,0.0,0.0,0.0,0.1486335042281489,0.0,0.0,0.0,0.8513664957718511,0.0,0.0,0.0,0.0,0.0,0.0,0.0,0.0,MAc,TRX,None,5.0,0.0,0.21,1.2,623,1,5.0,0.2516198704103672,1.2580993520518362,0.01827675,0.09138375,0.2759276079913607,10.1002/cjce.22889,,1.0053234973701344,0.2510609837849648,0.0502121967569929,0.0,0.0,0.2753147301235113,0.2753147301235113,3,Si-P-V
0.0,0.0,0.0,0.0,0.0,0.0,0.0,0.0,0.0432520172785346,0.0,0.0,0.0,0.0,0.0,0.0,0.0,0.0,0.0,0.0,0.0,0.0,0.0,0.0,0.0,0.0,0.9567479827214652,0.0,0.0,0.0,0.0,0.0,0.0,0.0,0.0,MAc,TRX,None,5.0,0.0,0.21,1.2,623,1,5.0,0.2516198704103672,1.2580993520518362,0.00569906,0.0284953,0.0860398043196544,10.1002/cjce.22889,,1.0053234973701344,0.2510609837849648,0.0502121967569929,0.0,0.0,0.0858486966149724,0.0858486966149724,3,Si-P-V
0.0,0.0,0.0,0.0,0.0,0.0,0.0,0.0,0.03706157609873,0.0,0.0,0.0,0.0,0.0,0.0,0.0,0.0,0.0,0.0,0.0,0.0,0.1431249123003765,0.0,0.0,0.0,0.8198135116008936,0.0,0.0,0.0,0.0,0.0,0.0,0.0,0.0,MAc,TRX,None,5.0,0.0,0.21,1.2,623,1,5.0,0.2516198704103672,1.2580993520518362,0.017905914,0.08952957,0.2703290256155508,10.1002/cjce.22889,,1.0053234973701344,0.2510609837849648,0.0502121967569929,0.0,0.0,0.2697285830645384,0.2697285830645384,3,Si-P-V
0.9630588681995124,0.0,0.0,0.0,0.0,0.0,0.0,0.0,0.0369411318004877,0.0,0.0,0.0,0.0,0.0,0.0,0.0,0.0,0.0,0.0,0.0,0.0,0.0,0.0,0.0,0.0,0.0,0.0,0.0,0.0,0.0,0.0,0.0,0.0,0.0,EAc,TRX,EtOH,5.0,1.0,0.0,1.288659793814433,623,1,4.656,0.1828805509991042,0.9144027549955214,0.0608443199999999,0.3042216,0.7169615184771791,10.1016/j.jiec.2016.11.002,,0.9430561543959564,0.1960189924641642,0.0392037984928328,0.0,0.0,0.7155985382140317,0.7155985382140317,0,Al-P-Cs
0.9193411975625972,0.0,0.0,0.0,0.0,0.0,0.0,0.0,0.035264203954916,0.0,0.0,0.0,0.0,0.0,0.0,0.0,0.0,0.0,0.0,0.0,0.0,0.0453945984824868,0.0,0.0,0.0,0.0,0.0,0.0,0.0,0.0,0.0,0.0,0.0,0.0,EAc,TRX,EtOH,5.0,1.0,0.0,1.288659793814433,623,1,4.656,0.1828805509991042,0.9144027549955214,0.25128879,1.25644395,2.9610716736532345,10.1016/j.jiec.2016.11.002,,0.9430561543959564,0.1960189924641642,0.0392037984928328,0.0,0.0,2.9554425260003363,2.9554425260003363,0,Al-P-Cs
0.9162763025301396,0.0,0.0,0.0,0.0,0.0033337949398801,0.0,0.0,0.0351466403302122,0.0,0.0,0.0,0.0,0.0,0.0,0.0,0.0,0.0,0.0,0.0,0.0,0.045243262199768,0.0,0.0,0.0,0.0,0.0,0.0,0.0,0.0,0.0,0.0,0.0,0.0,EAc,TRX,EtOH,5.0,1.0,0.0,1.288659793814433,623,1,4.656,0.1828805509991042,0.9144027549955214,0.31377681,1.56888405,3.6974017979085865,10.1016/j.jiec.2016.11.002,1,0.9430561543959564,0.1960189924641642,0.0392037984928328,0.0,0.0,3.690372849289169,3.690372849289169,0,Al-P-Cs
0.5,0.0,0.0,0.0,0.0,0.0,0.0,0.0,0.0,0.0,0.0,0.0,0.0,0.0,0.0,0.0,0.0,0.0,0.0,0.0,0.0,0.0,0.0,0.0,0.0,0.5,0.0,0.0,0.0,0.0,0.0,0.0,0.0,0.0,MAc,FORM,"MeOH 
 + H$_2$O",5.0,0.0,0.0,1.2,643,1,5.0,0.2119157730370612,1.0595788651853062,0.0573276,0.286638,0.7289173602215658,10.1016/j.micromeso.2017.07.045,,0.95520138997064,0.2115326460031463,0.0423065292006292,0.0,0.0,0.7275995350205983,0.7275995350205983,1,Si-Al-P
0.4897680775965186,0.0,0.0,0.0,0.0,0.0,0.0,0.0,0.0204638448069625,0.0,0.0,0.0,0.0,0.0,0.0,0.0,0.0,0.0,0.0,0.0,0.0,0.0,0.0,0.0,0.0,0.4897680775965187,0.0,0.0,0.0,0.0,0.0,0.0,0.0,0.0,MAc,FORM,"MeOH 
 + H$_2$O",5.0,0.0,0.0,1.2,643,1,5.0,0.2119157730370612,1.0595788651853062,0.0602299999999999,0.30115,0.7658212206013317,10.1016/j.micromeso.2017.07.045,,0.95520138997064,0.2115326460031463,0.0423065292006292,0.0,0.0,0.7644366761261702,0.7644366761261702,1,Si-Al-P
0.4208137646001544,0.0,0.0,0.0,0.0,0.0,0.0,0.0,0.0527482371677082,0.0,0.0,0.0,0.0,0.0,0.0,0.0,0.0,0.0,0.0,0.0,0.0,0.1056242336319828,0.0,0.0,0.0,0.4208137646001545,0.0,0.0,0.0,0.0,0.0,0.0,0.0,0.0,MAc,FORM,"MeOH 
 + H$_2$O",5.0,0.0,0.0,1.2,643,1,5.0,0.2119157730370612,1.0595788651853062,0.077025,0.385125,0.9793687450907784,10.1016/j.micromeso.2017.07.045,,0.95520138997064,0.2115326460031463,0.0423065292006292,0.0,0.0,0.9775981235035408,0.9775981235035408,1,Si-Al-P
0.4442470113139903,0.0,0.0,0.0,0.0,0.0,0.0,0.0,0.0,0.0,0.0,0.0,0.0,0.0,0.0,0.0,0.0,0.0,0.0,0.0,0.0,0.1115059773720191,0.0,0.0,0.0,0.4442470113139903,0.0,0.0,0.0,0.0,0.0,0.0,0.0,0.0,MAc,TRX,None,5.0,0.0,0.0,1.2,643,1,5.0,0.2516198704103672,1.2580993520518362,0.086,0.43,1.2983585313174948,10.1016/j.micromeso.2017.07.045,Trioxane,1.0053234973701344,0.2510609837849648,0.0502121967569929,0.0,0.0,1.295474676330418,1.295474676330418,1,Si-Al-P
0.4442470113139903,0.0,0.0,0.0,0.0,0.0,0.0,0.0,0.0,0.0,0.0,0.0,0.0,0.0,0.0,0.0,0.0,0.0,0.0,0.0,0.0,0.1115059773720191,0.0,0.0,0.0,0.4442470113139903,0.0,0.0,0.0,0.0,0.0,0.0,0.0,0.0,MAc,FORM,"MeOH 
 + H$_2$O",5.0,0.0,0.0,1.2,643,1,5.0,0.2119157730370612,1.0595788651853062,0.086,0.43,1.093485388871236,10.1016/j.micromeso.2017.07.045,Formalin,0.95520138997064,0.2115326460031463,0.0423065292006292,0.0,0.0,1.091508453376235,1.091508453376235,1,Si-Al-P
0.8546766747470742,0.0,0.0,0.0,0.0,0.0,0.0,0.0,0.0384887409095415,0.0,0.0,0.0,0.0,0.0,0.0,0.0,0.0,0.0,0.0,0.0,0.0,0.1068345843433842,0.0,0.0,0.0,0.0,0.0,0.0,0.0,0.0,0.0,0.0,0.0,0.0,MAc,TRX,MeOH,0.5,1.0,0.0,1.7142857142857142,643,1,3.5,1.2461342070780352,0.6230671035390176,0.212,0.106,2.264403873433229,10.1016/j.cjche.2021.11.025,1,1.2324822836367204,0.1776499825066982,0.3552999650133965,0.3552999650133965,0.0,2.2597077774852017,2.2597077774852017,0,Al-P-Cs
0.8546766747470742,0.0,0.0,0.0,0.0,0.0,0.0,0.0,0.0384887409095415,0.0,0.0,0.0,0.0,0.0,0.0,0.0,0.0,0.0,0.0,0.0,0.0,0.1068345843433842,0.0,0.0,0.0,0.0,0.0,0.0,0.0,0.0,0.0,0.0,0.0,0.0,MAc,TRX,MeOH,0.5,1.0,0.0,1.7142857142857142,663,1,3.5,1.24613420707804,0.623067103539018,0.225,0.1125,2.403258827936216,10.1016/j.cjche.2021.11.025,,1.2324822836367204,0.1776499825066982,0.3552999650133965,0.3552999650133965,0.0,2.3982747638404263,2.3982747638404263,0,Al-P-Cs
0.7824239977556576,0.0,0.0,0.0,0.0,0.0,0.0,0.0,0.0,0.0,0.0,0.1197730025248853,0.0,0.0,0.0,0.0,0.0,0.0,0.0,0.0,0.0,0.0978029997194571,0.0,0.0,0.0,0.0,0.0,0.0,0.0,0.0,0.0,0.0,0.0,0.0,MAc,TRX,MeOH,0.5,1.0,0.0,1.7142857142857142,663,1,3.5,1.24613420707804,0.623067103539018,0.193,0.0965,2.061462016851954,10.1016/j.cjche.2021.11.025,,1.2324822836367204,0.1776499825066982,0.3552999650133965,0.3552999650133965,0.0,2.057186797427566,2.057186797427566,0,Al-P-Cs
0.7218447268807011,0.0,0.0,0.0,0.0,0.0,0.0,0.0,0.0,0.0,0.0,0.0,0.0,0.0,0.0,0.0,0.0,0.1879246822592112,0.0,0.0,0.0,0.0902305908600876,0.0,0.0,0.0,0.0,0.0,0.0,0.0,0.0,0.0,0.0,0.0,0.0,MAc,TRX,MeOH,0.5,1.0,0.0,1.7142857142857142,663,1,3.5,1.24613420707804,0.623067103539018,0.173,0.0865,1.8478390099242905,10.1016/j.cjche.2021.11.025,,1.2324822836367204,0.1776499825066982,0.3552999650133965,0.3552999650133965,0.0,1.8440068184195275,1.8440068184195275,0,Al-P-Cs
0.8557371303616709,0.0,0.0372957283431203,0.0,0.0,0.0,0.0,0.0,0.0,0.0,0.0,0.0,0.0,0.0,0.0,0.0,0.0,0.0,0.0,0.0,0.0,0.1069671412952088,0.0,0.0,0.0,0.0,0.0,0.0,0.0,0.0,0.0,0.0,0.0,0.0,MAc,TRX,MeOH,0.5,1.0,0.0,1.7142857142857142,663,1,3.5,1.24613420707804,0.623067103539018,0.203,0.1015,2.168273520315786,10.1016/j.cjche.2021.11.025,,1.2324822836367204,0.1776499825066982,0.3552999650133965,0.3552999650133965,0.0,2.1637767869315847,2.1637767869315847,0,Al-P-Cs
0.784721529772107,0.0,0.0,0.0,0.1171882790063796,0.0,0.0,0.0,0.0,0.0,0.0,0.0,0.0,0.0,0.0,0.0,0.0,0.0,0.0,0.0,0.0,0.0980901912215133,0.0,0.0,0.0,0.0,0.0,0.0,0.0,0.0,0.0,0.0,0.0,0.0,MAc,TRX,MeOH,0.5,1.0,0.0,1.7142857142857142,663,1,3.5,1.24613420707804,0.623067103539018,0.185,0.0925,1.9760128140808888,10.1016/j.cjche.2021.11.025,,1.2324822836367204,0.1776499825066982,0.3552999650133965,0.3552999650133965,0.0,1.9719148058243503,1.9719148058243503,0,Al-P-Cs
0.729260782917656,0.0,0.0,0.0,0.0,0.0,0.0,0.0,0.0,0.0,0.0,0.0,0.0,0.0,0.179581619217637,0.0,0.0,0.0,0.0,0.0,0.0,0.091157597864707,0.0,0.0,0.0,0.0,0.0,0.0,0.0,0.0,0.0,0.0,0.0,0.0,MAc,TRX,MeOH,0.5,1.0,0.0,1.7142857142857142,663,1,3.5,1.24613420707804,0.623067103539018,0.174,0.087,1.8585201602706736,10.1016/j.cjche.2021.11.025,,1.2324822836367204,0.1776499825066982,0.3552999650133965,0.3552999650133965,0.0,1.8546658173699293,1.8546658173699293,0,Al-P-Cs
0.888888888888889,0.0,0.0,0.0,0.0,0.0,0.0,0.0,0.0,0.0,0.0,0.0,0.0,0.0,0.0,0.0,0.0,0.0,0.0,0.0,0.0,0.1111111111111111,0.0,0.0,0.0,0.0,0.0,0.0,0.0,0.0,0.0,0.0,0.0,0.0,MAc,TRX,MeOH,0.5,1.0,0.0,1.7142857142857142,663,1,3.5,1.2461342070780352,0.6230671035390176,0.141,0.0705,1.5060421988400254,10.1016/j.cjche.2021.11.025,,1.2324822836367204,0.1776499825066982,0.3552999650133965,0.3552999650133965,0.0,1.5029188520066672,1.5029188520066672,0,Al-P-Cs
0.5,0.0,0.0,0.0,0.0,0.0,0.0,0.0,0.0,0.0,0.0,0.0,0.0,0.0,0.0,0.0,0.0,0.0,0.0,0.0,0.0,0.5,0.0,0.0,0.0,0.0,0.0,0.0,0.0,0.0,0.0,0.0,0.0,0.0,MAc,TRX,MeOH,0.5,1.0,0.0,1.7142857142857142,663,1,3.5,1.2461342070780352,0.6230671035390176,0.1087,0.05435,1.1610410426518494,10.1016/j.cjche.2021.11.025,,1.2324822836367204,0.1776499825066982,0.3552999650133965,0.3552999650133965,0.0,1.158633185908686,1.158633185908686,2,P-V-Ti
0.5,0.0,0.0,0.0,0.0,0.0,0.0,0.0,0.0,0.0,0.0,0.0,0.0,0.0,0.0,0.0,0.0,0.0,0.0,0.0,0.0,0.5,0.0,0.0,0.0,0.0,0.0,0.0,0.0,0.0,0.0,0.0,0.0,0.0,MAc,TRX,MeOH,0.5,1.0,0.0,1.7142857142857142,663,1,3.5,1.2461342070780352,0.6230671035390176,0.0,0.0,0.0,10.1016/j.cjche.2021.11.025,,1.2324822836367204,0.1776499825066982,0.3552999650133965,0.3552999650133965,0.0,0.0,0.0,2,P-V-Ti
1.0,0.0,0.0,0.0,0.0,0.0,0.0,0.0,0.0,0.0,0.0,0.0,0.0,0.0,0.0,0.0,0.0,0.0,0.0,0.0,0.0,0.0,0.0,0.0,0.0,0.0,0.0,0.0,0.0,0.0,0.0,0.0,0.0,0.0,MAc,TRX,MeOH,0.5,1.0,0.0,1.7142857142857142,663,1,3.5,1.2461342070780352,0.6230671035390176,0.111,0.0555,1.1856076884485307,10.1016/j.cjche.2021.11.025,,1.2324822836367204,0.1776499825066982,0.3552999650133965,0.3552999650133965,0.0,1.1831488834946104,1.1831488834946104,0,Al-P-Cs
0.0,0.0,0.0,0.0,0.0,0.0,0.0,0.0,0.0,0.0,0.0,0.0,0.0,0.0,0.0,0.0,0.0,0.0,0.0,0.0,0.0,0.0,0.0,0.0,0.0,1.0,0.0,0.0,0.0,0.0,0.0,0.0,0.0,0.0,MAc,TRX,MeOH,1.0,2.0,0.0,1.2,628,1,3.0,0.3738402621234105,0.3738402621234105,0.0008682599999999,0.0008682599999999,0.0064918109198254,10.1021/acs.iecr.1c04460,,1.0459585698760263,0.1243782115317232,0.1243782115317232,0.2487564230634464,0.0,0.006479557556672,0.006479557556672,3,Si-P-V
0.0341493681948184,0.0,0.0,0.0,0.0,0.0,0.0,0.0,0.0,0.0,0.0,0.0,0.0,0.0,0.0,0.0,0.0,0.0,0.0,0.0,0.0,0.0,0.0,0.0,0.0,0.9658506318051816,0.0,0.0,0.0,0.0,0.0,0.0,0.0,0.0,MAc,TRX,MeOH,1.0,2.0,0.0,1.2,628,1,3.0,0.3738402621234105,0.3738402621234105,0.05075648,0.05075648,0.3794963157532329,10.1021/acs.iecr.1c04460,,1.0459585698760263,0.1243782115317232,0.1243782115317232,0.2487564230634464,0.0,0.3787800123627407,0.3787800123627407,3,Si-P-V
0.032798570720447,0.0,0.0,0.0,0.0,0.0,0.0,0.0,0.0395555626875822,0.0,0.0,0.0,0.0,0.0,0.0,0.0,0.0,0.0,0.0,0.0,0.0,0.0,0.0,0.0,0.0,0.9276458665919708,0.0,0.0,0.0,0.0,0.0,0.0,0.0,0.0,MAc,TRX,MeOH,1.0,2.0,0.0,1.2,628,1,3.0,0.3738402621234105,0.3738402621234105,0.2,0.2,1.4953610484936422,10.1021/acs.iecr.1c04460,1,1.0459585698760263,0.1243782115317232,0.1243782115317232,0.2487564230634464,0.0,1.4925385383806786,1.4925385383806786,3,Si-P-V
0.032798570720447,0.0,0.0,0.0,0.0,0.0,0.0,0.0,0.0395555626875822,0.0,0.0,0.0,0.0,0.0,0.0,0.0,0.0,0.0,0.0,0.0,0.0,0.0,0.0,0.0,0.0,0.9276458665919708,0.0,0.0,0.0,0.0,0.0,0.0,0.0,0.0,MAc,TRX,MeOH,0.6666666666666666,2.0,0.0,1.2,628,1,3.0,0.4477539751062269,0.2985026202205529,0.275,0.1833333333333333,1.6417644933012705,10.1021/acs.iecr.1c04460,,1.0688932206079016,0.0993187503178147,0.1489781254767221,0.2979562509534442,0.0,1.6387593802439433,1.6387593802439433,3,Si-P-V
0.0,0.0,0.0,0.0,0.0,0.0,0.0,0.0,0.0408969233193196,0.0,0.0,0.0,0.0,0.0,0.0,0.0,0.0,0.0,0.0,0.0,0.0,0.0,0.0,0.0,0.0,0.9591030766806804,0.0,0.0,0.0,0.0,0.0,0.0,0.0,0.0,MAc,TRX,MeOH,0.5,1.0,0.0,1.2,623,1,3.0,0.7476805242468211,0.3738402621234105,0.146,0.073,1.0916135654003587,10.1021/acs.iecr.2c00444,,1.2324822836367204,0.1243549877546888,0.2487099755093776,0.2487099755093776,0.0,1.0893496927310735,1.0893496927310735,3,Si-P-V
0.032798570720447,0.0,0.0,0.0,0.0,0.0,0.0,0.0,0.0395555626875822,0.0,0.0,0.0,0.0,0.0,0.0,0.0,0.0,0.0,0.0,0.0,0.0,0.0,0.0,0.0,0.0,0.9276458665919708,0.0,0.0,0.0,0.0,0.0,0.0,0.0,0.0,MAc,TRX,MeOH,0.5,1.0,0.0,1.2,623,1,3.0,0.7476805242468211,0.3738402621234105,0.285,0.1425,2.13088949410344,10.1021/acs.iecr.2c00444,1,1.2324822836367204,0.1243549877546888,0.2487099755093776,0.2487099755093776,0.0,2.1264702906051784,2.1264702906051784,3,Si-P-V
0.032798570720447,0.0,0.0,0.0,0.0,0.0,0.0,0.0,0.0395555626875822,0.0,0.0,0.0,0.0,0.0,0.0,0.0,0.0,0.0,0.0,0.0,0.0,0.0,0.0,0.0,0.0,0.9276458665919708,0.0,0.0,0.0,0.0,0.0,0.0,0.0,0.0,MAc,TRX,MeOH,0.5,1.0,0.0,1.2,663,1,3.0,0.7476805242468211,0.3738402621234105,0.502,0.251,3.753356231719042,10.1021/acs.iecr.2c00444,,1.2324822836367204,0.1243549877546888,0.2487099755093776,0.2487099755093776,0.0,3.7455722311712254,3.7455722311712254,3,Si-P-V
0.9630588681995124,0.0,0.0,0.0,0.0,0.0,0.0,0.0,0.0369411318004877,0.0,0.0,0.0,0.0,0.0,0.0,0.0,0.0,0.0,0.0,0.0,0.0,0.0,0.0,0.0,0.0,0.0,0.0,0.0,0.0,0.0,0.0,0.0,0.0,0.0,MAc,TRX,MeOH,1.0,2.0,0.0,3.08,633,1,1.8,0.5757140036700523,0.5757140036700522,0.076245,0.076245,1.4631771403274376,10.1021/acs.iecr.2c03415,,1.0459585698760263,0.3192374095980896,0.3192374095980896,0.6384748191961792,0.0,1.4604153776883804,1.4604153776883804,0,Al-P-Cs
0.9146333447990858,0.0,0.0,0.0,0.0,0.0,0.0,0.0,0.0,0.0,0.0,0.0,0.0,0.0,0.0,0.0,0.0,0.0,0.0,0.0,0.0,0.0,0.0,0.0,0.0,0.0853666552009142,0.0,0.0,0.0,0.0,0.0,0.0,0.0,0.0,MAc,TRX,MeOH,1.0,2.0,0.0,3.08,633,1,1.8,0.5757140036700523,0.5757140036700522,0.036456,0.036456,0.6996076572598475,10.1021/acs.iecr.2c03415,,1.0459585698760263,0.3192374095980896,0.3192374095980896,0.6384748191961792,0.0,0.6982871402584774,0.6982871402584774,0,Al-P-Cs
0.883632324501284,0.0,0.0,0.0,0.0,0.0,0.0,0.0,0.0338944785624578,0.0,0.0,0.0,0.0,0.0,0.0,0.0,0.0,0.0,0.0,0.0,0.0,0.0,0.0,0.0,0.0,0.0824731969362581,0.0,0.0,0.0,0.0,0.0,0.0,0.0,0.0,MAc,TRX,MeOH,1.0,2.0,0.0,3.08,633,1,1.8,0.5757140036700523,0.5757140036700522,0.178192,0.178192,3.4195876580657982,10.1021/acs.iecr.2c03415,,1.0459585698760263,0.3192374095980896,0.3192374095980896,0.6384748191961792,0.0,3.4131331494661667,3.4131331494661667,0,Al-P-Cs
0.883632324501284,0.0,0.0,0.0,0.0,0.0,0.0,0.0,0.0338944785624578,0.0,0.0,0.0,0.0,0.0,0.0,0.0,0.0,0.0,0.0,0.0,0.0,0.0,0.0,0.0,0.0,0.0824731969362581,0.0,0.0,0.0,0.0,0.0,0.0,0.0,0.0,MAc,TRX,MeOH,0.5,0.5,0.0,3.08,633,1,1.8,1.540119775858888,0.770059887929444,0.2364479999999999,0.1182239999999999,6.0693040127047055,10.1021/acs.iecr.2c03415,1,1.381690723794539,0.4268070194254403,0.8536140388508807,0.4268070194254403,0.0,6.055059967746391,6.055059967746391,0,Al-P-Cs
0.0476190476190476,0.0,0.0,0.0,0.0,0.0,0.0,0.0,0.0,0.0,0.0,0.0,0.0,0.0,0.0,0.0,0.0,0.0,0.0,0.0,0.0,0.0,0.0,0.0,0.0,0.9523809523809524,0.0,0.0,0.0,0.0,0.0,0.0,0.0,0.0,MAc,TRX,MeOH,1.0,2.0,0.0,2.0,633,1,1.8,0.3738402621234106,0.3738402621234106,0.02296,0.02296,0.286112413945117,10.1016/j.cej.2023.145655,,1.0459585698760263,0.2072970192195386,0.2072970192195386,0.4145940384390773,0.0,0.2855723736768365,0.2855723736768365,3,Si-P-V
0.0441513128838737,0.0,0.0,0.0,0.0,0.0,0.0,0.0,0.0728224294386516,0.0,0.0,0.0,0.0,0.0,0.0,0.0,0.0,0.0,0.0,0.0,0.0,0.0,0.0,0.0,0.0,0.8830262576774747,0.0,0.0,0.0,0.0,0.0,0.0,0.0,0.0,MAc,TRX,MeOH,1.0,2.0,0.0,2.0,653,1,1.8,0.3738402621234106,0.3738402621234106,0.43148475,0.43148475,5.376879068075144,10.1016/j.cej.2023.145655,1,1.0459585698760263,0.2072970192195386,0.2072970192195386,0.4145940384390773,0.0,5.36673015082127,5.36673015082127,3,Si-P-V
0.0441513128838737,0.0,0.0,0.0,0.0,0.0,0.0,0.0,0.0728224294386516,0.0,0.0,0.0,0.0,0.0,0.0,0.0,0.0,0.0,0.0,0.0,0.0,0.0,0.0,0.0,0.0,0.8830262576774747,0.0,0.0,0.0,0.0,0.0,0.0,0.0,0.0,MAc,TRX,MeOH,1.0,2.0,0.0,3.2,653,1,1.8,0.5981444193974575,0.5981444193974575,0.396404,0.396404,7.903561347560993,10.1016/j.cej.2023.145655,,1.0459585698760263,0.3316752307512619,0.3316752307512619,0.6633504615025237,0.0,7.888643290243393,7.888643290243393,3,Si-P-V
0.0,0.0,0.0,0.0,0.0,0.0,0.0,0.0,0.0408969233193196,0.0,0.0,0.0,0.0,0.0,0.0,0.0,0.0,0.0,0.0,0.0,0.0,0.0,0.0,0.0,0.0,0.9591030766806804,0.0,0.0,0.0,0.0,0.0,0.0,0.0,0.0,MAc,TRX,MeOH,1.0,2.0,0.0,1.2,633,1,3.0,0.3738402621234105,0.3738402621234105,0.1347192,0.1347192,1.0072692208211234,10.1080/00219592.2023.2300818,,1.0459585698760263,0.1243782115317232,0.1243782115317232,0.2487564230634464,0.0,1.0053679892990717,1.0053679892990717,3,Si-P-V
0.0,0.0,0.0,0.0,0.0,0.0,0.0,0.0,0.0399624839678831,0.0,0.0,0.0,0.0,0.0,0.0,0.0,0.0,0.0,0.0,0.0,0.0,0.0,0.0,0.0,0.0,0.9371888693468784,0.0,0.0,0.0,0.0,0.0,0.0,0.0,0.0228486466852382,MAc,TRX,MeOH,1.0,2.0,0.0,1.2,633,1,3.0,0.3738402621234105,0.3738402621234105,0.28612752,0.28612752,2.139319741550428,10.1080/00219592.2023.2300818,1,1.0459585698760263,0.1243782115317232,0.1243782115317232,0.2487564230634464,0.0,2.135281752456442,2.135281752456442,3,Si-P-V
0.0,0.0,0.0,0.0,0.0,0.0,0.0,0.0,0.0408969233193196,0.0,0.0,0.0,0.0,0.0,0.0,0.0,0.0,0.0,0.0,0.0,0.0,0.0,0.0,0.0,0.0,0.9591030766806804,0.0,0.0,0.0,0.0,0.0,0.0,0.0,0.0,MAc,TRX,MeOH,0.5,1.0,0.0,1.2,633,1,3.0,0.7476805242468211,0.3738402621234106,0.1784,0.0892,1.3338620552563292,10.1021/acs.iecr.4c00771,,1.2324822836367204,0.1243549877546888,0.2487099755093776,0.2487099755093776,0.0,1.331095788926189,1.331095788926189,3,Si-P-V
0.0,0.0,0.0,0.0,0.0,0.0,0.0,0.0,0.0403310882825226,0.0,0.0,0.0,0.0,0.0,0.0,0.0,0.0,0.0,0.0,0.0,0.0,0.0,0.0,0.0,0.0,0.9458332734622712,0.0,0.0,0.0,0.0,0.0,0.0,0.0,0.0138356382552061,MAc,TRX,MeOH,0.5,1.0,0.0,1.2,643,1,3.0,0.7476805242468211,0.3738402621234106,0.449,0.2245,3.3570855538682274,10.1021/acs.iecr.4c00771,,1.2324822836367204,0.1243549877546888,0.2487099755093776,0.2487099755093776,0.0,3.350123370111316,3.350123370111316,3,Si-P-V
0.0,0.0,0.0,0.0,0.0,0.0,0.0,0.0,0.0403310882825226,0.0,0.0,0.0,0.0,0.0,0.0,0.0,0.0,0.0,0.0,0.0,0.0,0.0,0.0,0.0,0.0,0.9458332734622712,0.0,0.0,0.0,0.0,0.0,0.0,0.0,0.0138356382552061,MAc,TRX,MeOH,2.0,2.0,0.0,1.2,643,1,3.0,0.2500194441329363,0.5000388882658727,0.2376,0.4752,2.376184797039427,10.1021/acs.iecr.4c00771,1,1.0075449131529737,0.166350751335778,0.083175375667889,0.166350751335778,0.0,2.3714963110428515,2.3714963110428515,3,Si-P-V
0.0,0.0,0.0,0.0,0.0,0.0,0.0,0.0,0.0407626803310625,0.0,0.0,0.0,0.0,0.0,0.0,0.0,0.0,0.0,0.0,0.0,0.0,0.0,0.0,0.0,0.0,0.9592373196689374,0.0,0.0,0.0,0.0,0.0,0.0,0.0,0.0,MAc,TRX,MeOH,2.0,2.0,0.0,1.6000000000000003,643,1,3.0,0.3333592588439151,0.6667185176878303,0.1301749999999999,0.2603499999999999,1.7358016608002662,10.1016/j.ces.2024.120716,,1.0075449131529737,0.2218010017810374,0.1109005008905187,0.2218010017810374,0.0,1.7323767244107924,1.7323767244107924,3,Si-P-V
0.0,0.0,0.0,0.0,0.0,0.0,0.0,0.0,0.0402038767525463,0.0,0.0,0.0,0.0,0.0,0.0,0.0,0.0,0.0,0.0,0.0,0.0,0.0,0.0,0.0,0.0,0.9460874177850626,0.0,0.0,0.0,0.0,0.0,0.0,0.0,0.013708705462391,MAc,TRX,MeOH,2.0,2.0,0.0,1.6000000000000003,643,1,3.0,0.3333592588439151,0.6667185176878303,0.232024,0.464048,3.093893946960023,10.1016/j.ces.2024.120716,1,1.0075449131529737,0.2218010017810374,0.1109005008905187,0.2218010017810374,0.0,3.087789338234605,3.087789338234605,3,Si-P-V
0.0,0.0,0.0,0.0,0.0,0.0,0.0,0.0,0.0196088095795581,0.0,0.0,0.0,0.0,0.0,0.0,0.0,0.0,0.0,0.0,0.0,0.0,0.0,0.0,0.0,0.0,0.980391190420442,0.0,0.0,0.0,0.0,0.0,0.0,0.0,0.0,MAc,FORM,"MeOH 
 + H$_2$O",6.0,1.0,0.0,1.0613146692418964,653,1,5.0,0.1494280057483747,0.8965680344902484,0.1458,0.8748,1.5686354331441386,10.4028/www.scientific.net/AMR.629.376,,0.940516407990598,0.1789879483670605,0.0298313247278434,0.0298313247278434,0.0,1.565786572315046,1.565786572315046,3,Si-P-V
0.9803921357912844,0.0,0.0,0.0,0.0,0.0,0.0,0.0,0.0196078642087158,0.0,0.0,0.0,0.0,0.0,0.0,0.0,0.0,0.0,0.0,0.0,0.0,0.0,0.0,0.0,0.0,0.0,0.0,0.0,0.0,0.0,0.0,0.0,0.0,0.0,MAc,FORM,"MeOH 
 + H$_2$O",6.0,1.0,0.0,1.0613146692418964,683,1,5.0,0.1494280057483747,0.8965680344902484,0.02810928,0.16865568,0.3024225830464325,10.4028/www.scientific.net/AMR.629.376,,0.940516407990598,0.1789879483670605,0.0298313247278434,0.0298313247278434,0.0,0.3018733414365149,0.3018733414365149,0,Al-P-Cs
0.9803921357912844,0.0,0.0,0.0,0.0,0.0,0.0,0.0,0.0196078642087158,0.0,0.0,0.0,0.0,0.0,0.0,0.0,0.0,0.0,0.0,0.0,0.0,0.0,0.0,0.0,0.0,0.0,0.0,0.0,0.0,0.0,0.0,0.0,0.0,0.0,MAc,FORM,"MeOH 
 + H$_2$O",6.0,1.0,0.0,1.0613146692418964,653,1,5.0,0.1494280057483747,0.8965680344902484,0.1344,0.8064,1.4459849260258726,10.4028/www.scientific.net/AMR.629.376,,0.940516407990598,0.1789879483670605,0.0298313247278434,0.0298313247278434,0.0,1.4433588156319763,1.4433588156319763,0,Al-P-Cs
0.9803921357912844,0.0,0.0,0.0,0.0,0.0,0.0,0.0,0.0196078642087158,0.0,0.0,0.0,0.0,0.0,0.0,0.0,0.0,0.0,0.0,0.0,0.0,0.0,0.0,0.0,0.0,0.0,0.0,0.0,0.0,0.0,0.0,0.0,0.0,0.0,MAc,FORM,"MeOH 
 + H$_2$O",6.0,1.0,0.0,1.0613146692418964,663,1,5.0,0.1494280057483747,0.8965680344902484,0.1651,0.9906,1.77628058993208,10.4028/www.scientific.net/AMR.629.376,,0.940516407990598,0.1789879483670605,0.0298313247278434,0.0298313247278434,0.0,1.773054616524102,1.773054616524102,0,Al-P-Cs
0.003900944253601,0.0,0.0,0.0,0.0,0.0,0.0,0.0,0.0208629923461464,0.0,0.0,0.0,0.0,0.0,0.0,0.0,0.0,0.0,0.0,0.0,0.0,0.0,0.0,0.0,0.0,0.9752360634002526,0.0,0.0,0.0,0.0,0.0,0.0,0.0,0.0,MAc,FORM,"MeOH 
 + H$_2$O",6.0,1.0,0.0,1.0613146692418964,663,1,5.0,0.1494280057483747,0.8965680344902484,0.0290851999999999,0.1745111999999999,0.3129223271610691,10.1556/JFC-D-14-00035,,0.940516407990598,0.1789879483670605,0.0298313247278434,0.0298313247278434,0.0,0.3123540165507378,0.3123540165507378,3,Si-P-V
0.9822312187571812,0.0,0.0,0.0,0.0,0.0,0.0,0.0,0.0177687812428189,0.0,0.0,0.0,0.0,0.0,0.0,0.0,0.0,0.0,0.0,0.0,0.0,0.0,0.0,0.0,0.0,0.0,0.0,0.0,0.0,0.0,0.0,0.0,0.0,0.0,MAc,FORM,"MeOH 
 + H$_2$O",6.0,1.0,0.0,1.0613146692418964,653,1,5.0,0.1494280057483747,0.8965680344902484,0.02378145,0.1426887,0.2558602546059374,10.1556/JFC-D-14-00035,,0.940516407990598,0.1789879483670605,0.0298313247278434,0.0298313247278434,0.0,0.25539557668163,0.25539557668163,0,Al-P-Cs
0.0,0.0,0.0,0.0,0.0,0.0,0.0,0.0,0.0208753300457327,0.0,0.0,0.0,0.0,0.0,0.0,0.0,0.0,0.0,0.0,0.0,0.0,0.0,0.0,0.0,0.0,0.9791246699542674,0.0,0.0,0.0,0.0,0.0,0.0,0.0,0.0,MAc,FORM,"MeOH 
 + H$_2$O",6.0,1.0,0.0,1.0613146692418964,653,1,5.0,0.1494280057483747,0.8965680344902484,0.06340655,0.3804393,0.6821794308876921,10.1556/JFC-D-14-00035,,0.940516407990598,0.1789879483670605,0.0298313247278434,0.0298313247278434,0.0,0.6809404978520068,0.6809404978520068,3,Si-P-V
0.0,0.0,0.0,0.0,0.0,0.0,0.0,0.0,0.0208753300457327,0.0,0.0,0.0,0.0,0.0,0.0,0.0,0.0,0.0,0.0,0.0,0.0,0.0,0.0,0.0,0.0,0.9791246699542674,0.0,0.0,0.0,0.0,0.0,0.0,0.0,0.0,MAc,FORM,"MeOH 
 + H$_2$O",6.0,1.0,0.0,1.0613146692418964,653,1,5.0,0.1494280057483747,0.8965680344902484,0.0883382499999999,0.5300294999999999,0.950415014073698,10.1556/JFC-D-14-00035,,0.940516407990598,0.1789879483670605,0.0298313247278434,0.0298313247278434,0.0,0.9486889277901892,0.9486889277901892,3,Si-P-V
0.0,0.0,0.0,0.0,0.0,0.0,0.0,0.0,0.0208753300457327,0.0,0.0,0.0,0.0,0.0,0.0,0.0,0.0,0.0,0.0,0.0,0.0,0.0,0.0,0.0,0.0,0.9791246699542674,0.0,0.0,0.0,0.0,0.0,0.0,0.0,0.0,MAc,FORM,"MeOH 
 + H$_2$O",10.0,1.0,0.0,1.06535581986919,653,1,5.0,0.0975797685597774,0.9757976855977746,0.0695773,0.695773,0.8147204197217046,10.1556/JFC-D-14-00035,,0.936840605406308,0.194782604283748,0.0194782604283747,0.0194782604283747,0.0,0.8131468615818971,0.8131468615818971,3,Si-P-V
0.0,0.0,0.0,0.0,0.0,0.0,0.0,0.0,0.0208753300457327,0.0,0.0,0.0,0.0,0.0,0.0,0.0,0.0,0.0,0.0,0.0,0.0,0.0,0.0,0.0,0.0,0.9791246699542674,0.0,0.0,0.0,0.0,0.0,0.0,0.0,0.0,MAc,FORM,"MeOH 
 + H$_2$O",10.0,1.0,0.0,1.06535581986919,653,1,5.0,0.0975797685597774,0.9757976855977746,0.06037317,0.6037317,0.7069439946984121,10.1556/JFC-D-14-00035,,0.936840605406308,0.194782604283748,0.0194782604283747,0.0194782604283747,0.0,0.7055785968879268,0.7055785968879267,3,Si-P-V
0.0,0.0,0.0,0.0,0.0,0.0,0.0,0.0,0.0208053817277992,0.0,0.0,0.0,0.0,0.0,0.0,0.0,0.0,0.0,0.0,0.0,0.0,0.0,0.0,0.0,0.0,0.9791946182722008,0.0,0.0,0.0,0.0,0.0,0.0,0.0,0.0,MAc,FORM,"MeOH 
 + H$_2$O",10.0,1.0,0.0,1.06535581986919,653,1,5.0,0.0975797685597774,0.9757976855977746,0.05048,0.5047999999999999,0.5910992060277078,10.1039/C5RA05133A,,0.936840605406308,0.194782604283748,0.0194782604283747,0.0194782604283747,0.0,0.5899575518546158,0.5899575518546157,3,Si-P-V
0.0,0.0,0.0,0.0,0.0,0.0,0.0,0.0,0.0208053817277992,0.0,0.0,0.0,0.0,0.0,0.0,0.0,0.0,0.0,0.0,0.0,0.0,0.0,0.0,0.0,0.0,0.9791946182722008,0.0,0.0,0.0,0.0,0.0,0.0,0.0,0.0,MAc,FORM,"MeOH 
 + H$_2$O",10.0,1.0,0.0,1.06535581986919,653,1,5.0,0.0975797685597774,0.9757976855977746,0.06854,0.6854,0.8025740804504577,10.1039/C5RA05133A,,0.936840605406308,0.194782604283748,0.0194782604283747,0.0194782604283747,0.0,0.8010239818564853,0.8010239818564852,3,Si-P-V
0.0,0.0,0.0,0.0,0.0,0.0,0.0,0.0,0.0205570587127438,0.0,0.0,0.0,0.0,0.0,0.0,0.0,0.0,0.0,0.0,0.0,0.0,0.0,0.0,0.0,0.0119355183338756,0.9675074229533804,0.0,0.0,0.0,0.0,0.0,0.0,0.0,0.0,MAc,FORM,"MeOH 
 + H$_2$O",10.0,1.0,0.0,1.06535581986919,653,1,5.0,0.0975797685597774,0.9757976855977746,0.0810399999999999,0.8103999999999999,0.9489437332901238,10.1039/C5RA05133A,,0.936840605406308,0.194782604283748,0.0194782604283747,0.0194782604283747,0.0,0.947110935069296,0.947110935069296,3,Si-P-V
0.0,0.0,0.0,0.0,0.0,0.0,0.0,0.0,0.0203442117570152,0.0,0.0,0.0,0.0103539596156616,0.0,0.0,0.0,0.0,0.0,0.0,0.0,0.0,0.0,0.0,0.0,0.0118119384590547,0.9574898901682684,0.0,0.0,0.0,0.0,0.0,0.0,0.0,0.0,MAc,FORM,"MeOH 
 + H$_2$O",10.0,1.0,0.0,1.06535581986919,653,1,5.0,0.0975797685597774,0.9757976855977746,0.091,0.91,1.0655710726727698,10.1039/C5RA05133A,Cs–La–Sb --SiO2-(V),0.936840605406308,0.194782604283748,0.0194782604283747,0.0194782604283747,0.0,1.063513019389264,1.063513019389264,3,Si-P-V
0.0,0.0,0.0,0.0,0.0,0.0,0.0,0.0,0.0203442117570152,0.0,0.0,0.0,0.0103539596156616,0.0,0.0,0.0,0.0,0.0,0.0,0.0,0.0,0.0,0.0,0.0,0.0118119384590547,0.9574898901682684,0.0,0.0,0.0,0.0,0.0,0.0,0.0,0.0,MAc,FORM,"MeOH 
 + H$_2$O",10.0,1.0,0.0,1.06535581986919,653,1,5.0,0.0975797685597774,0.9757976855977746,0.09204,0.9204,1.0777490277890305,10.1039/C5RA05133A,Cs–La–Sb--SiO2-(U),0.936840605406308,0.194782604283748,0.0194782604283747,0.0194782604283747,0.0,1.07566745389657,1.07566745389657,3,Si-P-V
0.0,0.0,0.0,0.0,0.0,0.0,0.0,0.0,0.0,0.0,0.0,0.0,0.0,0.0,0.0,0.0,0.0,0.0,0.0,0.0,0.0,0.0,0.0,0.0,0.0,1.0,0.0,0.0,0.0,0.0,0.0,0.0,0.0,0.0,MAc,TRX,MeOH,0.5,1.0,0.0,3.6,663,1,1.0,0.7476805242468211,0.3738402621234105,0.0042,0.0021,0.0942077460550994,10.1021/acs.iecr.7b02841,SBA15,1.2324822836367204,0.3730649632640664,0.7461299265281328,0.7461299265281328,0.0,0.0940123707425447,0.0940123707425447,3,Si-P-V
0.0,0.0,0.0,0.0,0.0,0.0,0.0,0.0,0.0,0.0,0.0,0.0,0.0,0.0217472531225363,0.0,0.0,0.0,0.0,0.0,0.0,0.0,0.0,0.0,0.0,0.0,0.9782527468774638,0.0,0.0,0.0,0.0,0.0,0.0,0.0,0.0,MAc,TRX,MeOH,0.5,1.0,0.0,3.6,663,1,1.0,0.7476805242468211,0.3738402621234105,0.0318,0.0159,0.7132872201314674,10.1021/acs.iecr.7b02841,Li-SBA15,1.2324822836367204,0.3730649632640664,0.7461299265281328,0.7461299265281328,0.0,0.7118079499078387,0.7118079499078387,3,Si-P-V
0.0,0.0,0.0,0.0,0.0,0.0,0.0,0.0,0.0,0.0,0.0,0.0,0.0,0.0,0.0,0.0,0.0,0.0217474666265387,0.0,0.0,0.0,0.0,0.0,0.0,0.0,0.9782525333734612,0.0,0.0,0.0,0.0,0.0,0.0,0.0,0.0,MAc,TRX,MeOH,0.5,1.0,0.0,3.6,663,1,1.0,0.7476805242468211,0.3738402621234105,0.0654,0.0327,1.466949188572263,10.1021/acs.iecr.7b02841,Na-SBA15,1.2324822836367204,0.3730649632640664,0.7461299265281328,0.7461299265281328,0.0,1.4639069158481963,1.4639069158481963,3,Si-P-V
0.0,0.0,0.0,0.0,0.0,0.0,0.0,0.0,0.0,0.0,0.0,0.021748178131884,0.0,0.0,0.0,0.0,0.0,0.0,0.0,0.0,0.0,0.0,0.0,0.0,0.0,0.978251821868116,0.0,0.0,0.0,0.0,0.0,0.0,0.0,0.0,MAc,TRX,MeOH,0.5,1.0,0.0,3.6,663,1,1.0,0.7476805242468211,0.3738402621234105,0.1648,0.0824,3.696532511876284,10.1021/acs.iecr.7b02841,K-SBA15,1.2324822836367204,0.3730649632640664,0.7461299265281328,0.7461299265281328,0.0,3.688866356755089,3.688866356755089,3,Si-P-V
0.0,0.0,0.0,0.0,0.0,0.0,0.0,0.0,0.0,0.0,0.0,0.0,0.0,0.0,0.0,0.0,0.0,0.0,0.0,0.0,0.0,0.0,0.021747800737615,0.0,0.0,0.9782521992623848,0.0,0.0,0.0,0.0,0.0,0.0,0.0,0.0,MAc,TRX,MeOH,0.5,1.0,0.0,3.6,663,1,1.0,0.7476805242468211,0.3738402621234105,0.1857,0.09285,4.16532820057904,10.1021/acs.iecr.7b02841,Rb-SBA15,1.2324822836367204,0.3730649632640664,0.7461299265281328,0.7461299265281328,0.0,4.156689820688228,4.156689820688228,3,Si-P-V
0.0,0.0,0.0,0.0,0.0,0.0,0.0,0.0,0.0217479811313568,0.0,0.0,0.0,0.0,0.0,0.0,0.0,0.0,0.0,0.0,0.0,0.0,0.0,0.0,0.0,0.0,0.9782520188686432,0.0,0.0,0.0,0.0,0.0,0.0,0.0,0.0,MAc,TRX,MeOH,0.5,1.0,0.0,3.6,663,1,1.0,0.7476805242468211,0.3738402621234105,0.2051,0.10255,4.600478265690691,10.1021/acs.iecr.7b02841,Cs-SBA15,1.2324822836367204,0.3730649632640664,0.7461299265281328,0.7461299265281328,0.0,4.590937437927601,4.590937437927601,3,Si-P-V
0.0,0.0,0.0,0.0,0.0,0.0,0.0,0.0,0.0217479811313568,0.0,0.0,0.0,0.0,0.0,0.0,0.0,0.0,0.0,0.0,0.0,0.0,0.0,0.0,0.0,0.0,0.9782520188686432,0.0,0.0,0.0,0.0,0.0,0.0,0.0,0.0,MAc,TRX,MeOH,0.5,1.0,0.0,1.0,663,1,1.0,0.2076890345130058,0.1038445172565029,0.294028235662009,0.1470141178310045,1.831993211526156,10.1021/acs.iecr.7b02841,LHSV-0.5,1.2324822836367204,0.1036291564622406,0.2072583129244813,0.2072583129244813,0.0,1.8281938822640935,1.8281938822640935,3,Si-P-V
0.0,0.0,0.0,0.0,0.0,0.0,0.0,0.0,0.0217479811313568,0.0,0.0,0.0,0.0,0.0,0.0,0.0,0.0,0.0,0.0,0.0,0.0,0.0,0.0,0.0,0.0,0.9782520188686432,0.0,0.0,0.0,0.0,0.0,0.0,0.0,0.0,MAc,TRX,MeOH,0.5,1.0,0.0,3.6,663,1,1.0,0.7476805242468211,0.3738402621234105,0.268735619409261,0.1343678097046305,6.027851664111314,10.1021/acs.iecr.7b02841,LHSV-1.8,1.2324822836367204,0.3730649632640664,0.7461299265281328,0.7461299265281328,0.0,6.015350638959725,6.015350638959725,3,Si-P-V
0.0,0.0,0.0,0.0,0.0,0.0,0.0,0.0,0.0217479811313568,0.0,0.0,0.0,0.0,0.0,0.0,0.0,0.0,0.0,0.0,0.0,0.0,0.0,0.0,0.0,0.0,0.9782520188686432,0.0,0.0,0.0,0.0,0.0,0.0,0.0,0.0,MAc,TRX,MeOH,0.5,1.0,0.0,5.4,663,1,1.0,1.1215207863702317,0.5607603931851158,0.192136683649699,0.0960683418248495,6.464558536121364,10.1021/acs.iecr.7b02841,LHSV-2.7,1.2324822836367204,0.5595974448960995,1.119194889792199,1.119194889792199,0.0,6.451151834470904,6.451151834470904,3,Si-P-V
0.0,0.0,0.0,0.0,0.0,0.0,0.0,0.0,0.0217479811313568,0.0,0.0,0.0,0.0,0.0,0.0,0.0,0.0,0.0,0.0,0.0,0.0,0.0,0.0,0.0,0.0,0.9782520188686432,0.0,0.0,0.0,0.0,0.0,0.0,0.0,0.0,MAc,TRX,MeOH,0.5,1.0,0.0,3.6,618,1,1.0,0.7476805242468211,0.3738402621234105,0.122571880503689,0.0612859402518445,2.749338236187507,10.1021/acs.iecr.7b02841,LHSV-1.8_T-618,1.2324822836367204,0.3730649632640664,0.7461299265281328,0.7461299265281328,0.0,2.7436364458389764,2.7436364458389764,3,Si-P-V
0.0,0.0,0.0,0.0,0.0,0.0,0.0,0.0,0.0217479811313568,0.0,0.0,0.0,0.0,0.0,0.0,0.0,0.0,0.0,0.0,0.0,0.0,0.0,0.0,0.0,0.0,0.9782520188686432,0.0,0.0,0.0,0.0,0.0,0.0,0.0,0.0,MAc,TRX,MeOH,0.5,1.0,0.0,3.6,648,1,1.0,0.7476805242468211,0.3738402621234105,0.216209306210327,0.1081046531051635,4.849664622431363,10.1021/acs.iecr.7b02841,LHSV-1.8_T-648,1.2324822836367204,0.3730649632640664,0.7461299265281328,0.7461299265281328,0.0,4.839607012722296,4.839607012722296,3,Si-P-V
0.0,0.0,0.0,0.0,0.0,0.0,0.0,0.0,0.0217479811313568,0.0,0.0,0.0,0.0,0.0,0.0,0.0,0.0,0.0,0.0,0.0,0.0,0.0,0.0,0.0,0.0,0.9782520188686432,0.0,0.0,0.0,0.0,0.0,0.0,0.0,0.0,MAc,TRX,MeOH,0.5,1.0,0.0,3.6,678,1,1.0,0.7476805242468211,0.3738402621234105,0.283177704807706,0.141588852403853,6.351793643569115,10.1021/acs.iecr.7b02841,LHSV-1.8_T-678,1.2324822836367204,0.3730649632640664,0.7461299265281328,0.7461299265281328,0.0,6.338620802477369,6.338620802477369,3,Si-P-V
0.0,0.0,0.0,0.0,0.0,0.0,0.0,0.0,0.0217479811313568,0.0,0.0,0.0,0.0,0.0,0.0,0.0,0.0,0.0,0.0,0.0,0.0,0.0,0.0,0.0,0.0,0.9782520188686432,0.0,0.0,0.0,0.0,0.0,0.0,0.0,0.0,MAc,TRX,MeOH,0.5,1.0,0.0,3.6,708,1,1.0,0.7476805242468211,0.3738402621234105,0.261363223909161,0.1306816119545805,5.862485768137224,10.1021/acs.iecr.7b02841,LHSV-1.8_T-708,1.2324822836367204,0.3730649632640664,0.7461299265281328,0.7461299265281328,0.0,5.850327691574947,5.850327691574947,3,Si-P-V
0.0,0.0,0.0,0.0,0.0,0.0,0.0,0.0,0.0217479811313568,0.0,0.0,0.0,0.0,0.0,0.0,0.0,0.0,0.0,0.0,0.0,0.0,0.0,0.0,0.0,0.0,0.9782520188686432,0.0,0.0,0.0,0.0,0.0,0.0,0.0,0.0,MAc,TRX,MeOH,1.0,1.3333333333333333,0.0,1.8,663,1,1.0,0.2247316189680316,0.2247316189680316,0.246184865536795,0.246184865536795,3.319531403850667,10.1021/acs.iecr.7b02841,LHSV-0.9_T-663_R_1.5-1.5-2,1.0976967828995543,0.2242791220253805,0.2242791220253805,0.2990388293671741,0.0,3.3128475299117253,3.3128475299117253,3,Si-P-V
0.0,0.0,0.0,0.0,0.0,0.0,0.0,0.0,0.0217479811313568,0.0,0.0,0.0,0.0,0.0,0.0,0.0,0.0,0.0,0.0,0.0,0.0,0.0,0.0,0.0,0.0,0.9782520188686432,0.0,0.0,0.0,0.0,0.0,0.0,0.0,0.0,MAc,TRX,MeOH,2.0,2.0,0.0,1.8,663,1,1.0,0.1250097220664681,0.2500194441329364,0.151632732424488,0.303265464848976,2.274667888387726,10.1021/acs.iecr.7b02841,LHSV-0.9_T-663_R_2-1-2,1.0075449131529737,0.249526127003667,0.1247630635018335,0.249526127003667,0.0,2.270179706931952,2.270179706931952,3,Si-P-V
0.0,0.0,0.0,0.0,0.0,0.0,0.0,0.0,0.0217479811313568,0.0,0.0,0.0,0.0,0.0,0.0,0.0,0.0,0.0,0.0,0.0,0.0,0.0,0.0,0.0,0.0,0.9782520188686432,0.0,0.0,0.0,0.0,0.0,0.0,0.0,0.0,MAc,TRX,MeOH,0.5,1.0,0.0,1.8,663,1,1.0,0.3738402621234105,0.1869201310617052,0.2851754862844408,0.1425877431422204,3.198302356312393,10.1021/acs.iecr.7b02841,Cs-SBA15-long,1.2324822836367204,0.1865324816320332,0.3730649632640664,0.3730649632640664,0.0,3.191669469435516,3.191669469435516,3,Si-P-V
0.0,0.0,0.0,0.0,0.0,0.0,0.0,0.0,0.0,0.0,0.0,0.0,0.0,0.0,0.0,0.0,0.0,0.0,0.0,0.0,0.0,0.0,0.0,0.0,0.0,1.0,0.0,0.0,0.0,0.0,0.0,0.0,0.0,0.0,MAc,TRX,MeOH,0.5,1.0,0.0,1.8,663,1,1.0,0.3738402621234105,0.1869201310617052,0.00684,0.00342,0.0767120217877238,10.1007/s10562-018-2609-8,,1.2324822836367204,0.1865324816320332,0.3730649632640664,0.3730649632640664,0.0,0.0765529304617864,0.0765529304617864,3,Si-P-V
0.0,0.0,0.0,0.0,0.0,0.0,0.0,0.0,0.0,0.0,0.0,0.0,0.0,0.0,0.0,0.0,0.0,0.0,0.0,0.0,0.0,0.0,0.0,0.0,0.0,1.0,0.0,0.0,0.0,0.0,0.0,0.0,0.0,0.0,MAc,TRX,MeOH,0.5,1.0,0.0,1.8,663,1,1.0,0.3738402621234105,0.1869201310617052,0.04464,0.02232,0.5006468790356714,10.1007/s10562-018-2609-8,,1.2324822836367204,0.1865324816320332,0.3730649632640664,0.3730649632640664,0.0,0.4996085988032377,0.4996085988032377,3,Si-P-V
0.0,0.0,0.0,0.0,0.0,0.0,0.0,0.0,0.0,0.0,0.0,0.0,0.0,0.0,0.0,0.0,0.0,0.0,0.0,0.0,0.0,0.0,0.0,0.0,0.0,1.0,0.0,0.0,0.0,0.0,0.0,0.0,0.0,0.0,MAc,TRX,MeOH,0.5,1.0,0.0,1.8,663,1,1.0,0.3738402621234105,0.1869201310617052,0.0455799999999999,0.0227899999999999,0.5111891744275515,10.1007/s10562-018-2609-8,,1.2324822836367204,0.1865324816320332,0.3730649632640664,0.3730649632640664,0.0,0.5101290307672843,0.5101290307672843,3,Si-P-V
0.0,0.0,0.0,0.0,0.0,0.0,0.0,0.0,0.0217479811313568,0.0,0.0,0.0,0.0,0.0,0.0,0.0,0.0,0.0,0.0,0.0,0.0,0.0,0.0,0.0,0.0,0.9782520188686432,0.0,0.0,0.0,0.0,0.0,0.0,0.0,0.0,MAc,TRX,MeOH,0.5,1.0,0.0,1.8,663,1,1.0,0.3738402621234105,0.1869201310617052,0.19838,0.09919,2.2248729360012653,10.1007/s10562-018-2609-8,0.37micrompgCs-ASilica,1.2324822836367204,0.1865324816320332,0.3730649632640664,0.3730649632640664,0.0,2.220258822369765,2.220258822369765,3,Si-P-V
0.0,0.0,0.0,0.0,0.0,0.0,0.0,0.0,0.0217479811313568,0.0,0.0,0.0,0.0,0.0,0.0,0.0,0.0,0.0,0.0,0.0,0.0,0.0,0.0,0.0,0.0,0.9782520188686432,0.0,0.0,0.0,0.0,0.0,0.0,0.0,0.0,MAc,TRX,MeOH,0.5,1.0,0.0,1.8,663,1,1.0,0.3738402621234105,0.1869201310617052,0.3276,0.1638,3.674102096148879,10.1007/s10562-018-2609-8,0.37micrompgCs-BSilica,1.2324822836367204,0.1865324816320332,0.3730649632640664,0.3730649632640664,0.0,3.6664824589592446,3.6664824589592446,3,Si-P-V
0.0,0.0,0.0,0.0,0.0,0.0,0.0,0.0,0.0217479811313568,0.0,0.0,0.0,0.0,0.0,0.0,0.0,0.0,0.0,0.0,0.0,0.0,0.0,0.0,0.0,0.0,0.9782520188686432,0.0,0.0,0.0,0.0,0.0,0.0,0.0,0.0,MAc,TRX,MeOH,0.5,1.0,0.0,1.8,663,1,1.0,0.3738402621234105,0.1869201310617052,0.3185,0.15925,3.572043704589188,10.1007/s10562-018-2609-8,0.37micrompgCs-CSilica,1.2324822836367204,0.1865324816320332,0.3730649632640664,0.3730649632640664,0.0,3.5646357239881548,3.5646357239881548,3,Si-P-V
0.0,0.0,0.0,0.0,0.0,0.0,0.0,0.0,0.0071585917989334,0.0,0.0,0.0,0.0,0.0,0.0,0.0,0.0,0.0,0.0,0.0,0.0,0.0,0.0,0.0,0.0,0.9928414082010664,0.0,0.0,0.0,0.0,0.0,0.0,0.0,0.0,MAc,TRX,MeOH,0.5,1.0,0.0,1.8,663,1,1.0,0.3738402621234105,0.1869201310617052,0.239180830464716,0.119590415232358,2.6824627306747333,10.1007/s10562-018-2609-8,0.12micrompgCs-BSilica,1.2324822836367204,0.1865324816320332,0.3730649632640664,0.3730649632640664,0.0,2.6768996319236447,2.6768996319236447,3,Si-P-V
0.0,0.0,0.0,0.0,0.0,0.0,0.0,0.0,0.0147989648536412,0.0,0.0,0.0,0.0,0.0,0.0,0.0,0.0,0.0,0.0,0.0,0.0,0.0,0.0,0.0,0.0,0.9852010351463588,0.0,0.0,0.0,0.0,0.0,0.0,0.0,0.0,MAc,TRX,MeOH,0.5,1.0,0.0,1.8,663,1,1.0,0.3738402621234105,0.1869201310617052,0.308251809760048,0.154125904880024,3.4571081208213608,10.1007/s10562-018-2609-8,0.25micrompgCs-BSilica,1.2324822836367204,0.1865324816320332,0.3730649632640664,0.3730649632640664,0.0,3.4499385025264293,3.4499385025264293,3,Si-P-V
0.0,0.0,0.0,0.0,0.0,0.0,0.0,0.0,0.0431206136686249,0.0,0.0,0.0,0.0,0.0,0.0,0.0,0.0,0.0,0.0,0.0,0.0,0.0,0.0,0.0,0.0,0.9568793863313748,0.0,0.0,0.0,0.0,0.0,0.0,0.0,0.0,MAc,TRX,MeOH,0.5,1.0,0.0,1.8,663,1,1.0,0.3738402621234105,0.1869201310617052,0.143811063582059,0.0719055317910295,1.612870971172902,10.1007/s10562-018-2609-8,0.75micrompgCs-BSilica,1.2324822836367204,0.1865324816320332,0.3730649632640664,0.3730649632640664,0.0,1.6095260745662148,1.6095260745662148,3,Si-P-V
0.0,0.0,0.0,0.0,0.0,0.0,0.0,0.0,0.0630521516586404,0.0,0.0,0.0,0.0,0.0,0.0,0.0,0.0,0.0,0.0,0.0,0.0,0.0,0.0,0.0,0.0,0.9369478483413596,0.0,0.0,0.0,0.0,0.0,0.0,0.0,0.0,MAc,TRX,MeOH,0.5,1.0,0.0,1.8,663,1,1.0,0.3738402621234105,0.1869201310617052,0.0876939480611521,0.043846974030576,0.9835058558945357,10.1007/s10562-018-2609-8,1.12micrompgCs-BSilica,1.2324822836367204,0.1865324816320332,0.3730649632640664,0.3730649632640664,0.0,0.9814661853574398,0.9814661853574398,3,Si-P-V
0.0,0.0,0.0,0.0,0.0,0.0,0.0,0.0,0.0217479811313568,0.0,0.0,0.0,0.0,0.0,0.0,0.0,0.0,0.0,0.0,0.0,0.0,0.0,0.0,0.0,0.0,0.9782520188686432,0.0,0.0,0.0,0.0,0.0,0.0,0.0,0.0,MAc,TRX,MeOH,0.5,1.0,0.0,1.8,663,1,1.0,0.3738402621234105,0.1869201310617052,0.3067048956404252,0.1533524478202126,3.439759157422495,10.1007/s10562-018-2609-8,CsSBA15,1.2324822836367204,0.1865324816320332,0.3730649632640664,0.3730649632640664,0.0,3.432625518750136,3.432625518750136,3,Si-P-V
0.9651981990325555,0.0,0.0,0.0,0.0,0.0,0.0,0.0,0.0348018009674444,0.0,0.0,0.0,0.0,0.0,0.0,0.0,0.0,0.0,0.0,0.0,0.0,0.0,0.0,0.0,0.0,0.0,0.0,0.0,0.0,0.0,0.0,0.0,0.0,0.0,MAc,TRX,MeOH,0.5,0.235,0.0,4.8,663,1,0.25,0.4059980018526689,0.2029990009263344,0.07459254,0.03729627,3.634130663173834,10.1016/j.cattod.2020.06.026,Cs-Al2O3-A,1.5104495278020151,0.8098990221379879,1.6197980442759758,0.3806525404048543,0.0,3.624745512287325,3.624745512287325,0,Al-P-Cs
0.9651981990325555,0.0,0.0,0.0,0.0,0.0,0.0,0.0,0.0348018009674444,0.0,0.0,0.0,0.0,0.0,0.0,0.0,0.0,0.0,0.0,0.0,0.0,0.0,0.0,0.0,0.0,0.0,0.0,0.0,0.0,0.0,0.0,0.0,0.0,0.0,MAc,TRX,MeOH,0.5,0.235,0.0,4.8,663,1,0.25,0.4059980018526689,0.2029990009263344,0.04866763,0.024333815,2.371075264188601,10.1016/j.cattod.2020.06.026,Cs-Al2O3-B,1.5104495278020151,0.8098990221379879,1.6197980442759758,0.3806525404048543,0.0,2.364951956806405,2.364951956806405,0,Al-P-Cs
0.9651981990325555,0.0,0.0,0.0,0.0,0.0,0.0,0.0,0.0348018009674444,0.0,0.0,0.0,0.0,0.0,0.0,0.0,0.0,0.0,0.0,0.0,0.0,0.0,0.0,0.0,0.0,0.0,0.0,0.0,0.0,0.0,0.0,0.0,0.0,0.0,MAc,TRX,MeOH,0.5,0.235,0.0,4.8,663,1,0.25,0.4059980018526689,0.2029990009263344,0.07772128,0.03886064,3.786562125771817,10.1016/j.cattod.2020.06.026,Cs-Al2O3-C,1.5104495278020151,0.8098990221379879,1.6197980442759758,0.3806525404048543,0.0,3.7767833202787657,3.7767833202787657,0,Al-P-Cs
0.9651981990325555,0.0,0.0,0.0,0.0,0.0,0.0,0.0,0.0348018009674444,0.0,0.0,0.0,0.0,0.0,0.0,0.0,0.0,0.0,0.0,0.0,0.0,0.0,0.0,0.0,0.0,0.0,0.0,0.0,0.0,0.0,0.0,0.0,0.0,0.0,MAc,TRX,MeOH,0.5,0.235,0.0,4.8,663,1,0.25,0.4059980018526689,0.2029990009263344,0.03882492,0.01941246,1.8915407930507668,10.1016/j.cattod.2020.06.026,Cs-Al2O3-D,1.5104495278020151,0.8098990221379879,1.6197980442759758,0.3806525404048543,0.0,1.8866558845551369,1.8866558845551369,0,Al-P-Cs
0.98213549801916,0.0,0.0163277283374096,0.0,0.0,0.0,0.0,0.0,0.0,0.0,0.0,0.0,0.0015367736434303,0.0,0.0,0.0,0.0,0.0,0.0,0.0,0.0,0.0,0.0,0.0,0.0,0.0,0.0,0.0,0.0,0.0,0.0,0.0,0.0,0.0,MAc,TRX,MeOH,0.5,1.0,0.0,7.199999999999999,663,1,0.5,0.7476805242468211,0.3738402621234105,0.41,0.205,18.3929408964718,10.1021/acs.energyfuels.1c03082,MAc_1,1.2324822836367204,0.7461299265281326,1.4922598530562652,1.4922598530562652,0.0,18.35479619259206,18.35479619259206,0,Al-P-Cs
0.98213549801916,0.0,0.0163277283374096,0.0,0.0,0.0,0.0,0.0,0.0,0.0,0.0,0.0,0.0015367736434303,0.0,0.0,0.0,0.0,0.0,0.0,0.0,0.0,0.0,0.0,0.0,0.0,0.0,0.0,0.0,0.0,0.0,0.0,0.0,0.0,0.0,MAc,TRX,MeOH,1.0,1.0,0.0,7.199999999999999,663,1,0.5,0.5000388882658728,0.5000388882658728,0.27,0.27,16.20125997981428,10.1021/acs.energyfuels.1c03082,MAc_2,1.1322913303150273,0.9979798724774384,0.9979798724774384,0.9979798724774384,0.0,16.167273934134503,16.167273934134503,0,Al-P-Cs
0.98213549801916,0.0,0.0163277283374096,0.0,0.0,0.0,0.0,0.0,0.0,0.0,0.0,0.0,0.0015367736434303,0.0,0.0,0.0,0.0,0.0,0.0,0.0,0.0,0.0,0.0,0.0,0.0,0.0,0.0,0.0,0.0,0.0,0.0,0.0,0.0,0.0,MAc,TRX,MeOH,2.0,1.0,0.0,7.199999999999999,663,1,0.5,0.3007885983990843,0.6015771967981687,0.44,0.88,31.76327599094331,10.1021/acs.energyfuels.1c03082,MAc_4,1.0516820460401357,1.2006073873834966,0.6003036936917483,0.6003036936917483,0.0,31.696035026924307,31.696035026924307,0,Al-P-Cs
0.98213549801916,0.0,0.0163277283374096,0.0,0.0,0.0,0.0,0.0,0.0,0.0,0.0,0.0,0.0015367736434303,0.0,0.0,0.0,0.0,0.0,0.0,0.0,0.0,0.0,0.0,0.0,0.0,0.0,0.0,0.0,0.0,0.0,0.0,0.0,0.0,0.0,MAc,TRX,MeOH,3.0,1.0,0.0,7.199999999999999,663,1,0.5,0.2150841183445211,0.6452523550335634,0.56,1.6800000000000002,43.360958258255465,10.1021/acs.energyfuels.1c03082,MeOH_2,1.0170101431366445,1.287762131227153,0.4292540437423843,0.4292540437423843,0.0,43.26880760923235,43.26880760923235,0,Al-P-Cs
0.98213549801916,0.0,0.0163277283374096,0.0,0.0,0.0,0.0,0.0,0.0,0.0,0.0,0.0,0.0015367736434303,0.0,0.0,0.0,0.0,0.0,0.0,0.0,0.0,0.0,0.0,0.0,0.0,0.0,0.0,0.0,0.0,0.0,0.0,0.0,0.0,0.0,MAc,TRX,MeOH,3.0,3.0,0.0,7.199999999999999,663,1,0.5,0.1666796294219575,0.5000388882658727,0.6,1.7999999999999998,36.002799955142834,10.1021/acs.energyfuels.1c03082,MeOH_6,0.9659558496734032,0.9981460601120156,0.3327153533706719,0.9981460601120156,0.0,35.93325816403256,35.93325816403256,0,Al-P-Cs
0.98213549801916,0.0,0.0163277283374096,0.0,0.0,0.0,0.0,0.0,0.0,0.0,0.0,0.0,0.0015367736434303,0.0,0.0,0.0,0.0,0.0,0.0,0.0,0.0,0.0,0.0,0.0,0.0,0.0,0.0,0.0,0.0,0.0,0.0,0.0,0.0,0.0,MAc,TRX,MeOH,3.0,4.0,0.0,7.199999999999999,663,1,0.5,0.1498210793120211,0.4494632379360633,0.63,1.89,33.97942078796639,10.1021/acs.energyfuels.1c03082,MeOH_8,0.9481697603586609,0.8972507786691845,0.2990835928897281,1.1963343715589123,0.0,33.91607943369517,33.91607943369517,0,Al-P-Cs
0.98213549801916,0.0,0.0163277283374096,0.0,0.0,0.0,0.0,0.0,0.0,0.0,0.0,0.0,0.0015367736434303,0.0,0.0,0.0,0.0,0.0,0.0,0.0,0.0,0.0,0.0,0.0,0.0,0.0,0.0,0.0,0.0,0.0,0.0,0.0,0.0,0.0,MAc,TRX,MeOH,3.0,5.0,0.0,7.199999999999999,663,1,0.5,0.1360595492611711,0.4081786477835131,0.51,1.53,24.980533244351008,10.1021/acs.energyfuels.1c03082,MeOH_10,0.9336493034079194,0.8148804742814045,0.2716268247604682,1.358134123802341,0.0,24.93534251301098,24.93534251301098,0,Al-P-Cs
0.0476190476190476,0.0,0.0,0.0,0.0,0.0,0.0,0.0,0.0,0.0,0.0,0.0,0.0,0.0,0.0,0.0,0.0,0.0,0.0,0.0,0.0,0.0,0.0,0.0,0.0,0.9523809523809524,0.0,0.0,0.0,0.0,0.0,0.0,0.0,0.0,MAc,TRX,None,5.0,0.0,0.0,1.3894954146651315,563,1,0.5,0.0291353461695343,0.1456767308476717,0.0607049999999999,0.303525,1.06119671353295,10.1039/D2CY00447J,N-HZSM5,1.0053234973701344,0.2907067381421045,0.0581413476284209,0.0,0.0,1.0588411523349874,1.0588411523349874,3,Si-P-V
0.0476190476190476,0.0,0.0,0.0,0.0,0.0,0.0,0.0,0.0,0.0,0.0,0.0,0.0,0.0,0.0,0.0,0.0,0.0,0.0,0.0,0.0,0.0,0.0,0.0,0.0,0.9523809523809524,0.0,0.0,0.0,0.0,0.0,0.0,0.0,0.0,MAc,TRX,None,5.0,0.0,0.0,1.3894954146651315,583,1,0.5,0.0291353461695343,0.1456767308476717,0.0785088,0.392544,1.3724286392128433,10.1039/D2CY00447J,,1.0053234973701344,0.2907067381421045,0.0581413476284209,0.0,0.0,1.3693822298070517,1.3693822298070517,3,Si-P-V
0.0089285714285714,0.0,0.0,0.0,0.0,0.0,0.0,0.0,0.0,0.0,0.0,0.0,0.0,0.0,0.0,0.0,0.0,0.0,0.0,0.0,0.0,0.0,0.0,0.0,0.0,0.9910714285714286,0.0,0.0,0.0,0.0,0.0,0.0,0.0,0.0,MAc,TRX,None,5.0,0.0,0.0,1.3894954146651315,563,1,0.5,0.0291353461695343,0.1456767308476717,0.037582,0.18791,0.656978747846064,10.1039/D2CY00447J,,1.0053234973701344,0.2907067381421045,0.0581413476284209,0.0,0.0,0.6555204379713944,0.6555204379713944,3,Si-P-V
0.0089285714285714,0.0,0.0,0.0,0.0,0.0,0.0,0.0,0.0,0.0,0.0,0.0,0.0,0.0,0.0,0.0,0.0,0.0,0.0,0.0,0.0,0.0,0.0,0.0,0.0,0.9910714285714286,0.0,0.0,0.0,0.0,0.0,0.0,0.0,0.0,MAc,TRX,None,5.0,0.0,0.0,1.3894954146651315,583,1,0.5,0.0291353461695343,0.1456767308476717,0.0545928,0.272964,0.9543480758184932,10.1039/D2CY00447J,,1.0053234973701344,0.2907067381421045,0.0581413476284209,0.0,0.0,0.9522296888426574,0.9522296888426574,3,Si-P-V
0.0526315789473684,0.0,0.0,0.0,0.0,0.0,0.0,0.0,0.0,0.0,0.0,0.0,0.0,0.0,0.0,0.0,0.0,0.0,0.0,0.0,0.0,0.0,0.0,0.0,0.0,0.9473684210526316,0.0,0.0,0.0,0.0,0.0,0.0,0.0,0.0,MAc,TRX,None,5.0,0.0,0.0,1.3894954146651315,563,1,0.5,0.0291353461695343,0.1456767308476717,0.01056,0.0528,0.1846015533301696,10.1039/D2CY00447J,M-HZSM5,1.0053234973701344,0.2907067381421045,0.0581413476284209,0.0,0.0,0.1841917892868374,0.1841917892868374,3,Si-P-V
0.0499999999999999,0.0,0.0,0.0,0.0,0.0,0.0,0.0,0.0,0.0,0.0,0.0,0.0,0.0,0.0,0.0,0.0,0.0,0.0,0.0,0.0,0.0,0.0,0.0,0.0,0.95,0.0,0.0,0.0,0.0,0.0,0.0,0.0,0.0,MAc,TRX,None,5.0,0.0,0.0,1.3894954146651315,563,1,0.5,0.0291353461695343,0.1456767308476717,0.033098,0.16549,0.5785930125115488,10.1039/D2CY00447J,,1.0053234973701344,0.2907067381421045,0.0581413476284209,0.0,0.0,0.5773086971416427,0.5773086971416427,3,Si-P-V
0.0666666666666666,0.0,0.0,0.0,0.0,0.0,0.0,0.0,0.0,0.0,0.0,0.0,0.0,0.0,0.0,0.0,0.0,0.0,0.0,0.0,0.0,0.0,0.0,0.0,0.0,0.9333333333333332,0.0,0.0,0.0,0.0,0.0,0.0,0.0,0.0,MAc,TRX,None,5.0,0.0,0.0,1.3894954146651315,563,1,0.5,0.0291353461695343,0.1456767308476717,0.0109439999999999,0.05472,0.1913143370876303,10.1039/D2CY00447J,,1.0053234973701344,0.2907067381421045,0.0581413476284209,0.0,0.0,0.1908896725336315,0.1908896725336315,3,Si-P-V
0.0526315789473684,0.0,0.0,0.0,0.0,0.0,0.0,0.0,0.0,0.0,0.0,0.0,0.0,0.0,0.0,0.0,0.0,0.0,0.0,0.0,0.0,0.0,0.0,0.0,0.0,0.9473684210526316,0.0,0.0,0.0,0.0,0.0,0.0,0.0,0.0,MAc,TRX,None,5.0,0.0,0.0,1.3894954146651315,563,1,0.5,0.0291353461695343,0.1456767308476717,0.045638,0.2281899999999999,0.7978073570911253,10.1039/D2CY00447J,,1.0053234973701344,0.2907067381421045,0.0581413476284209,0.0,0.0,0.796036446919762,0.796036446919762,3,Si-P-V
0.0,0.1715902962650225,0.0,0.0,0.0,0.0,0.0,0.0,0.0,0.0,0.0,0.0,0.0,0.0,0.0,0.0,0.0,0.0,0.0,0.0,0.0,0.0,0.0,0.0,0.0,0.8284097037349775,0.0,0.0,0.0,0.0,0.0,0.0,0.0,0.0,HAc,TRX,None,3.0,0.0,0.0,2.6666666666666665,673,1,3.0,0.7763900453325934,2.32917013599778,0.0794733333333333,0.23842,3.702138292163938,10.1002/jctb.7032,,1.224814764103612,0.776994172679679,0.2589980575598929,0.0,0.0,3.705019013005781,3.705019013005781,3,Si-P-V
0.0,0.1697909845325068,0.0,0.0,0.0,0.0,0.0,0.0,0.0104860925802975,0.0,0.0,0.0,0.0,0.0,0.0,0.0,0.0,0.0,0.0,0.0,0.0,0.0,0.0,0.0,0.0,0.8197229228871956,0.0,0.0,0.0,0.0,0.0,0.0,0.0,0.0,HAc,TRX,None,3.0,0.0,0.0,2.6666666666666665,673,1,3.0,0.7763900453325934,2.32917013599778,0.1207461333333333,0.3622384,5.6247657559441215,10.1002/jctb.7032,1,1.224814764103612,0.776994172679679,0.2589980575598929,0.0,0.0,5.629142518416213,5.629142518416212,3,Si-P-V
0.0,0.1704922015235135,0.0,0.0,0.0,0.0,0.0,0.0,0.0,0.0,0.0,0.0,0.0,0.0,0.0,0.0,0.0,0.0,0.0,0.0,0.0,0.0,0.0,0.0,0.0,0.8231082830877314,0.0,0.0,0.0,0.0,0.0,0.006399515388755,0.0,0.0,HAc,TRX,None,3.0,0.0,0.0,2.6666666666666665,673,1,3.0,0.7763900453325934,2.32917013599778,0.1176264,0.3528792,5.4794379616985855,10.1002/jctb.7032,,1.224814764103612,0.776994172679679,0.2589980575598929,0.0,0.0,5.48370164119734,5.483701641197339,3,Si-P-V
0.0,0.1712244942542763,0.0,0.0021318339014999,0.0,0.0,0.0,0.0,0.0,0.0,0.0,0.0,0.0,0.0,0.0,0.0,0.0,0.0,0.0,0.0,0.0,0.0,0.0,0.0,0.0,0.8266436718442237,0.0,0.0,0.0,0.0,0.0,0.0,0.0,0.0,HAc,TRX,None,3.0,0.0,0.0,2.6666666666666665,673,1,3.0,0.7763900453325934,2.32917013599778,0.0953484399999999,0.28604532,4.4416547792395225,10.1002/jctb.7032,,1.224814764103612,0.776994172679679,0.2589980575598929,0.0,0.0,4.44511093524588,4.44511093524588,3,Si-P-V
0.0624999999999999,0.0,0.0,0.0,0.0,0.0,0.0,0.0,0.0,0.0,0.0,0.0,0.0,0.0,0.0,0.0,0.0,0.0,0.0,0.0,0.0,0.0,0.0,0.0,0.0,0.9375,0.0,0.0,0.0,0.0,0.0,0.0,0.0,0.0,MAc,DMM,None,0.5,0.0,0.0,,623,30,0.5,,,0.444,0.222,,10.1039/c7cc04574c,1,,,,,,,,3,Si-P-V
0.0624999999999999,0.0,0.0,0.0,0.0,0.0,0.0,0.0,0.0,0.0,0.0,0.0,0.0,0.0,0.0,0.0,0.0,0.0,0.0,0.0,0.0,0.0,0.0,0.0,0.0,0.9375,0.0,0.0,0.0,0.0,0.0,0.0,0.0,0.0,MAc,DMM,None,2.0,0.0,0.0,,623,30,0.5,,,0.2595,0.519,,10.1039/c7cc04574c,,,,,,,,,3,Si-P-V
0.0624999999999999,0.0,0.0,0.0,0.0,0.0,0.0,0.0,0.0,0.0,0.0,0.0,0.0,0.0,0.0,0.0,0.0,0.0,0.0,0.0,0.0,0.0,0.0,0.0,0.0,0.9375,0.0,0.0,0.0,0.0,0.0,0.0,0.0,0.0,MAc,DMM,None,0.5,0.0,0.0,,673,30,0.5,,,0.611,0.3055,,10.1039/c7cc04574c,,,,,,,,,3,Si-P-V
0.0624999999999999,0.0,0.0,0.0,0.0,0.0,0.0,0.0,0.0,0.0,0.0,0.0,0.0,0.0,0.0,0.0,0.0,0.0,0.0,0.0,0.0,0.0,0.0,0.0,0.0,0.9375,0.0,0.0,0.0,0.0,0.0,0.0,0.0,0.0,MAc,DMM,None,0.5,0.0,0.0,,683,30,0.5,,,0.209,0.1045,,10.1039/c7cc04574c,,,,,,,,,3,Si-P-V
0.0624999999999999,0.0,0.0,0.0,0.0,0.0,0.0,0.0,0.0,0.0,0.0,0.0,0.0,0.0,0.0,0.0,0.0,0.0,0.0,0.0,0.0,0.0,0.0,0.0,0.0,0.9375,0.0,0.0,0.0,0.0,0.0,0.0,0.0,0.0,MAc,DMM,None,0.5,0.0,0.0,,683,30,0.5,,,0.017,0.0085,,10.1039/c7cc04574c,,,,,,,,,3,Si-P-V
0.0624999999999999,0.0,0.0,0.0,0.0,0.0,0.0,0.0,0.0,0.0,0.0,0.0,0.0,0.0,0.0,0.0,0.0,0.0,0.0,0.0,0.0,0.0,0.0,0.0,0.0,0.9375,0.0,0.0,0.0,0.0,0.0,0.0,0.0,0.0,MAc,DMM,None,0.5,0.0,0.0,,683,30,0.5,,,0.095,0.0475,,10.1039/c7cc04574c,,,,,,,,,3,Si-P-V
0.0624999999999999,0.0,0.0,0.0,0.0,0.0,0.0,0.0,0.0,0.0,0.0,0.0,0.0,0.0,0.0,0.0,0.0,0.0,0.0,0.0,0.0,0.0,0.0,0.0,0.0,0.9375,0.0,0.0,0.0,0.0,0.0,0.0,0.0,0.0,MAc,DMM,None,0.5,0.0,0.0,,653,30,0.5,,,0.032,0.016,,10.1039/c7cc04574c,,,,,,,,,3,Si-P-V
0.0249999999999999,0.0,0.0,0.0,0.0,0.0,0.0,0.0,0.0,0.0,0.0,0.0,0.0,0.0,0.0,0.0,0.0,0.0,0.0,0.0,0.0,0.0,0.0,0.0,0.0,0.975,0.0,0.0,0.0,0.0,0.0,0.0,0.0,0.0,MAc,DMM,None,0.5,0.0,0.0,,623,30,0.5,,,0.2754,0.1377,,10.1016/S1872‐2067(18)63069‐4,,,,,,,,,3,Si-P-V
0.0248879145509236,0.0,0.0,0.0,0.0,0.0,0.0,0.0,0.0044834179630559,0.0,0.0,0.0,0.0,0.0,0.0,0.0,0.0,0.0,0.0,0.0,0.0,0.0,0.0,0.0,0.0,0.9706286674860204,0.0,0.0,0.0,0.0,0.0,0.0,0.0,0.0,MAc,DMM,None,0.5,0.0,0.0,,623,30,0.5,,,0.2464,0.1232,,10.1016/S1872‐2067(18)63069‐4,,,,,,,,,3,Si-P-V
1.0,0.0,0.0,0.0,0.0,0.0,0.0,0.0,0.0,0.0,0.0,0.0,0.0,0.0,0.0,0.0,0.0,0.0,0.0,0.0,0.0,0.0,0.0,0.0,0.0,0.0,0.0,0.0,0.0,0.0,0.0,0.0,0.0,0.0,MAc,DMM,None,0.5,0.0,0.0,,623,30,0.5,,,0.1522,0.0761,,10.1016/S1872‐2067(18)63069‐4,,,,,,,,,0,Al-P-Cs
0.0249999999999999,0.0,0.0,0.0,0.0,0.0,0.0,0.0,0.0,0.0,0.0,0.0,0.0,0.0,0.0,0.0,0.0,0.0,0.0,0.0,0.0,0.0,0.0,0.0,0.0,0.975,0.0,0.0,0.0,0.0,0.0,0.0,0.0,0.0,MAc,DMM,None,0.5,0.0,0.0,,623,30,0.5,,,0.24,0.12,,10.1016/S1872-2067(18)63145-6,,,,,,,,,3,Si-P-V
0.0245262776977383,0.0,0.0,0.0,0.0,0.0,0.0,0.0,0.0,0.0,0.0,0.0,0.0,0.0,0.0,0.0,0.0,0.0189488920904648,0.0,0.0,0.0,0.0,0.0,0.0,0.0,0.9565248302117968,0.0,0.0,0.0,0.0,0.0,0.0,0.0,0.0,MAc,DMM,None,0.5,0.0,0.0,,623,30,0.5,,,0.2202,0.1101,,10.1016/S1872-2067(18)63145-6,,,,,,,,,3,Si-P-V
0.022798269874903,0.0,0.0,0.0,0.0,0.0,0.0,0.0,0.0,0.0,0.0,0.0,0.0,0.0,0.0,0.0,0.0,0.0880692050038782,0.0,0.0,0.0,0.0,0.0,0.0,0.0,0.8891325251212187,0.0,0.0,0.0,0.0,0.0,0.0,0.0,0.0,MAc,DMM,None,0.5,0.0,0.0,,623,30,0.5,,,0.1899,0.09495,,10.1016/S1872-2067(18)63145-6,,,,,,,,,3,Si-P-V
0.4588848443958805,0.0,0.0,0.0,0.0,0.0,0.0,0.0,0.0,0.0,0.0,0.0,0.0,0.0,0.0,0.0,0.0,0.0822303112082386,0.0,0.0,0.0,0.0,0.0,0.0,0.0,0.4588848443958807,0.0,0.0,0.0,0.0,0.0,0.0,0.0,0.0,HAc,FORM,"MeOH 
 + H$_2$O",10.0,0.0,0.0,,658,1,,,,0.038,0.38,,10.1021/i360017a011,,,,,,,,,1,Si-Al-P
0.4721643037239434,0.0,0.0,0.0,0.0,0.0,0.0,0.0,0.0,0.0,0.0,0.0556713925521128,0.0,0.0,0.0,0.0,0.0,0.0,0.0,0.0,0.0,0.0,0.0,0.0,0.0,0.4721643037239436,0.0,0.0,0.0,0.0,0.0,0.0,0.0,0.0,HAc,FORM,"MeOH 
 + H$_2$O",10.0,0.0,0.0,,658,1,,,,0.0409999999999999,0.41,,10.1021/i360017a011,,,,,,,,,1,Si-Al-P
0.4855753109757245,0.0,0.0,0.0,0.0,0.0,0.0,0.0,0.0,0.0,0.0,0.0,0.0,0.0,0.0,0.0,0.0,0.0,0.0,0.0,0.0,0.0,0.0288493780485508,0.0,0.0,0.4855753109757246,0.0,0.0,0.0,0.0,0.0,0.0,0.0,0.0,HAc,FORM,"MeOH 
 + H$_2$O",10.0,0.0,0.0,,658,1,,,,0.032,0.32,,10.1021/i360017a011,,,,,,,,,1,Si-Al-P
0.467774618833823,0.0,0.0,0.0,0.0,0.0,0.0,0.0,0.0,0.0,0.0,0.0,0.0,0.0,0.0644507623323537,0.0,0.0,0.0,0.0,0.0,0.0,0.0,0.0,0.0,0.0,0.4677746188338231,0.0,0.0,0.0,0.0,0.0,0.0,0.0,0.0,HAc,FORM,"MeOH 
 + H$_2$O",10.0,0.0,0.0,,658,1,,,,0.046,0.46,,10.1021/i360017a011,,,,,,,,,1,Si-Al-P
0.4764111532978967,0.0,0.0,0.0,0.0471776934042064,0.0,0.0,0.0,0.0,0.0,0.0,0.0,0.0,0.0,0.0,0.0,0.0,0.0,0.0,0.0,0.0,0.0,0.0,0.0,0.0,0.4764111532978968,0.0,0.0,0.0,0.0,0.0,0.0,0.0,0.0,HAc,FORM,"MeOH 
 + H$_2$O",10.0,0.0,0.0,,658,1,,,,0.054,0.54,,10.1021/i360017a011,,,,,,,,,1,Si-Al-P
0.4869516380855974,0.0,0.0,0.0,0.0,0.0,0.0,0.0,0.0,0.0,0.0,0.0,0.0,0.0,0.0,0.0,0.0,0.0,0.0,0.0,0.0,0.0,0.0,0.0,0.0,0.4869516380855975,0.0,0.0260967238288049,0.0,0.0,0.0,0.0,0.0,0.0,HAc,FORM,"MeOH 
 + H$_2$O",10.0,0.0,0.0,,658,1,,,,0.05,0.5,,10.1021/i360017a011,,,,,,,,,1,Si-Al-P
0.4911065658417864,0.0,0.0177868683164268,0.0,0.0,0.0,0.0,0.0,0.0,0.0,0.0,0.0,0.0,0.0,0.0,0.0,0.0,0.0,0.0,0.0,0.0,0.0,0.0,0.0,0.0,0.4911065658417866,0.0,0.0,0.0,0.0,0.0,0.0,0.0,0.0,HAc,FORM,"MeOH 
 + H$_2$O",10.0,0.0,0.0,,658,1,,,,0.049,0.49,,10.1021/i360017a011,,,,,,,,,1,Si-Al-P
0.4877910974607598,0.0,0.0,0.0,0.0,0.0,0.0,0.0,0.0,0.0,0.0,0.0,0.0,0.0,0.0,0.0244178050784801,0.0,0.0,0.0,0.0,0.0,0.0,0.0,0.0,0.0,0.4877910974607599,0.0,0.0,0.0,0.0,0.0,0.0,0.0,0.0,HAc,FORM,"MeOH 
 + H$_2$O",10.0,0.0,0.0,,658,1,,,,0.05,0.5,,10.1021/i360017a011,,,,,,,,,1,Si-Al-P
0.4820794329084454,0.0,0.0,0.0,0.0,0.0,0.0,0.0,0.0,0.0,0.0,0.0,0.0,0.0,0.0,0.0,0.0,0.0,0.0,0.0,0.0358411341831088,0.0,0.0,0.0,0.0,0.4820794329084455,0.0,0.0,0.0,0.0,0.0,0.0,0.0,0.0,HAc,FORM,"MeOH 
 + H$_2$O",10.0,0.0,0.0,,658,1,,,,0.006,0.06,,10.1021/i360017a011,,,,,,,,,1,Si-Al-P
0.4835033155513232,0.0,0.0,0.0,0.0,0.0,0.0,0.0,0.0,0.0,0.0,0.0,0.0,0.0,0.0,0.0,0.0,0.0,0.0,0.0,0.0,0.0,0.0,0.0,0.0,0.4835033155513233,0.0,0.0,0.0,0.0,0.0,0.0,0.0329933688973532,0.0,HAc,FORM,"MeOH 
 + H$_2$O",10.0,0.0,0.0,,658,1,,,,0.045,0.45,,10.1021/i360017a011,,,,,,,,,1,Si-Al-P
0.5,0.0,0.0,0.0,0.0,0.0,0.0,0.0,0.0,0.0,0.0,0.0,0.0,0.0,0.0,0.0,0.0,0.0,0.0,0.0,0.0,0.0,0.0,0.0,0.0,0.5,0.0,0.0,0.0,0.0,0.0,0.0,0.0,0.0,HAc,FORM,"MeOH 
 + H$_2$O",10.0,0.0,0.0,,658,1,,,,0.034,0.34,,10.1021/i360017a011,,,,,,,,,1,Si-Al-P
0.0,0.0,0.0,0.0,0.0,0.0,0.0,0.0,0.0,0.0,0.0,0.0,0.0,0.0,0.0,0.0,0.0,0.088374457869482,0.0,0.0,0.0,0.0,0.0,0.0,0.0,0.911625542130518,0.0,0.0,0.0,0.0,0.0,0.0,0.0,0.0,HAc,FORM,"MeOH 
 + H$_2$O",10.0,0.0,0.0,,658,1,,,,0.028,0.28,,10.1021/i360017a011,,,,,,,,,3,Si-P-V
0.0,0.0,0.0,0.0,0.0508478592579866,0.0,0.0,0.0,0.0,0.0,0.0,0.0,0.0,0.0,0.0,0.0,0.0,0.0,0.0,0.0,0.0,0.0,0.0,0.0,0.0,0.9491521407420134,0.0,0.0,0.0,0.0,0.0,0.0,0.0,0.0,HAc,FORM,"MeOH 
 + H$_2$O",10.0,0.0,0.0,,658,1,,,,0.037,0.37,,10.1021/i360017a011,,,,,,,,,3,Si-P-V
0.0,0.0,0.0,0.0,0.0,0.0,0.0,0.0,0.0,0.0,0.0,0.0,0.0,0.0,0.0,0.0,0.0,0.088374457869482,0.0,0.0,0.0,0.0,0.0,0.0,0.0,0.911625542130518,0.0,0.0,0.0,0.0,0.0,0.0,0.0,0.0,HAc,FORM,"MeOH 
 + H$_2$O",10.0,0.0,0.0,,658,1,,,,0.032,0.32,,10.1021/i360017a011,,,,,,,,,3,Si-P-V
0.0,0.0,0.0,0.0,0.0,0.0,0.0,0.0,0.0,0.0,0.0,0.0599607400510359,0.0,0.0,0.0,0.0,0.0,0.0,0.0,0.0,0.0,0.0,0.0,0.0,0.0,0.940039259948964,0.0,0.0,0.0,0.0,0.0,0.0,0.0,0.0,HAc,FORM,"MeOH 
 + H$_2$O",10.0,0.0,0.0,,658,1,,,,0.039,0.39,,10.1021/i360017a011,,,,,,,,,3,Si-P-V
0.0,0.0,0.0,0.0,0.0,0.0,0.0,0.0,0.0,0.0,0.0,0.0,0.0,0.0,0.0,0.0,0.0,0.0,0.0,0.0,0.0,0.0,0.0311403010942615,0.0,0.0,0.9688596989057384,0.0,0.0,0.0,0.0,0.0,0.0,0.0,0.0,HAc,FORM,"MeOH 
 + H$_2$O",10.0,0.0,0.0,,658,1,,,,0.048,0.48,,10.1021/i360017a011,,,,,,,,,3,Si-P-V
0.0,0.0,0.0,0.0,0.0,0.0,0.0,0.0,0.0208753300457327,0.0,0.0,0.0,0.0,0.0,0.0,0.0,0.0,0.0,0.0,0.0,0.0,0.0,0.0,0.0,0.0,0.9791246699542674,0.0,0.0,0.0,0.0,0.0,0.0,0.0,0.0,HAc,FORM,"MeOH 
 + H$_2$O",10.0,0.0,0.0,,658,1,,,,0.038,0.38,,10.1021/i360017a011,,,,,,,,,3,Si-P-V
0.0,0.0,0.0192167026002341,0.0,0.0,0.0,0.0,0.0,0.0,0.0,0.0,0.0,0.0,0.0,0.0,0.0,0.0,0.0,0.0,0.0,0.0,0.0,0.0,0.0,0.0,0.9807832973997658,0.0,0.0,0.0,0.0,0.0,0.0,0.0,0.0,HAc,FORM,"MeOH 
 + H$_2$O",10.0,0.0,0.0,,658,1,,,,0.025,0.25,,10.1021/i360017a011,,,,,,,,,3,Si-P-V
0.4911065658417864,0.0,0.0177868683164268,0.0,0.0,0.0,0.0,0.0,0.0,0.0,0.0,0.0,0.0,0.0,0.0,0.0,0.0,0.0,0.0,0.0,0.0,0.0,0.0,0.0,0.0,0.4911065658417866,0.0,0.0,0.0,0.0,0.0,0.0,0.0,0.0,HAc,FORM,"MeOH 
 + H$_2$O",10.0,0.0,0.0,,658,1,,,,0.039,0.39,,10.1021/i360017a011,,,,,,,,,1,Si-Al-P
0.467774618833823,0.0,0.0,0.0,0.0,0.0,0.0,0.0,0.0,0.0,0.0,0.0,0.0,0.0,0.0644507623323537,0.0,0.0,0.0,0.0,0.0,0.0,0.0,0.0,0.0,0.0,0.4677746188338231,0.0,0.0,0.0,0.0,0.0,0.0,0.0,0.0,HAc,FORM,"MeOH 
 + H$_2$O",10.0,0.0,0.0,,658,1,,,,0.0349999999999999,0.35,,10.1021/i360017a011,,,,,,,,,1,Si-Al-P
1.0,0.0,0.0,0.0,0.0,0.0,0.0,0.0,0.0,0.0,0.0,0.0,0.0,0.0,0.0,0.0,0.0,0.0,0.0,0.0,0.0,0.0,0.0,0.0,0.0,0.0,0.0,0.0,0.0,0.0,0.0,0.0,0.0,0.0,HAc,FORM,"MeOH 
 + H$_2$O",10.0,0.0,0.0,,658,1,,,,0.01,0.1,,10.1021/i360017a011,,,,,,,,,0,Al-P-Cs
0.0556487016564118,0.0,0.0,0.0,0.0,0.0,0.0,0.0,0.0,0.0,0.0,0.0,0.0,0.0,0.0,0.0,0.0,0.0,0.0,0.0,0.0,0.0,0.0,0.0,0.0,0.944351298343588,0.0,0.0,0.0,0.0,0.0,0.0,0.0,0.0,HAc,FORM,"MeOH 
 + H$_2$O",10.0,0.0,0.0,,658,1,,,,0.0289999999999999,0.29,,10.1021/i360017a011,,,,,,,,,3,Si-P-V
0.0,0.0,0.0,0.0,0.0,0.0,0.0,0.0,0.0,0.0,0.0,0.0,0.0,0.0,0.0,0.0,0.0,0.0,0.0,0.0,0.0,0.040610115156658,0.0,0.0,0.0,0.959389884843342,0.0,0.0,0.0,0.0,0.0,0.0,0.0,0.0,HAc,FORM,"MeOH 
 + H$_2$O",10.0,0.0,0.0,,658,1,,,,0.0209999999999999,0.21,,10.1021/i360017a011,,,,,,,,,3,Si-P-V
0.0,0.0,0.0,0.0,0.0,0.0,0.0,0.0,0.0,0.0,0.0,0.0,0.0,0.0,0.0,0.0,0.0,0.0,0.0,0.0,0.0,0.0,0.0,0.0,0.0,0.9852216748768472,0.0,0.0,0.0,0.0147783251231527,0.0,0.0,0.0,0.0,MAc,TRX,MeOH,1.0,2.0,0.0,0.4580429938806394,633,5,5.0,0.2378262679112914,0.2378262679112914,0.05474,0.05474,0.1562233188655691,10.1021/acssuschemeng.3c07406,TS-1,1.0459585698760263,0.0474754736529249,0.0474754736529249,0.0949509473058499,0.0,0.1559284456656667,0.1559284456656667,3,Si-P-V
0.0,0.0,0.0,0.0,0.0,0.0,0.0,0.0,1.0,0.0,0.0,0.0,0.0,0.0,0.0,0.0,0.0,0.0,0.0,0.0,0.0,0.0,0.0,0.0,0.0,0.0,0.0,0.0,0.0,0.0,0.0,0.0,0.0,0.0,MAc,TRX,MeOH,1.0,2.0,0.0,0.4580429938806394,633,5,5.0,0.2378262679112914,0.2378262679112914,0.047526,0.047526,0.1356351745050244,10.1021/acssuschemeng.3c07406,CsOx,1.0459585698760263,0.0474754736529249,0.0474754736529249,0.0949509473058499,0.0,0.1353791616497347,0.1353791616497347,2,P-V-Ti
0.0,0.0,0.0,0.0,0.0,0.0,0.0,0.0,0.0126306657539641,0.0,0.0,0.0,0.0,0.0,0.0,0.0,0.0,0.0,0.0,0.0,0.0,0.0,0.0,0.0,0.0,0.9873693342460358,0.0,0.0,0.0,0.0,0.0,0.0,0.0,0.0,MAc,TRX,MeOH,1.0,2.0,0.0,0.4580429938806394,633,5,5.0,0.2378262679112914,0.2378262679112914,0.168,0.168,0.4794577561091634,10.1021/acssuschemeng.3c07406,Cs_SiO2,1.0459585698760263,0.0474754736529249,0.0474754736529249,0.0949509473058499,0.0,0.4785527744214837,0.4785527744214837,3,Si-P-V
0.0,0.0,0.0,0.0,0.0,0.0,0.0,0.0,0.0126306657539641,0.0,0.0,0.0,0.0,0.0,0.0,0.0,0.0,0.0,0.0,0.0,0.0,0.0,0.0,0.0,0.0,0.9873693342460358,0.0,0.0,0.0,0.0,0.0,0.0,0.0,0.0,MAc,TRX,MeOH,1.0,2.0,0.0,0.4580429938806394,633,5,5.0,0.2378262679112914,0.2378262679112914,0.2664479999999999,0.2664479999999999,0.7604200011891332,10.1021/acssuschemeng.3c07406,Cs_S1,1.0459585698760263,0.0474754736529249,0.0474754736529249,0.0949509473058499,0.0,0.758984700232473,0.758984700232473,3,Si-P-V
0.0,0.0,0.0,0.0,0.0,0.0,0.0,0.0,0.012691342599248,0.0,0.0,0.0,0.0,0.0,0.0,0.0,0.0,0.0,0.0,0.0,0.0,0.0,0.0,0.0,0.0,0.97271788906478,0.0,0.0,0.0,0.0145907683359717,0.0,0.0,0.0,0.0,MAc,TRX,MeOH,1.0,2.0,0.0,0.4580429938806394,633,5,5.0,0.2378262679112914,0.2378262679112914,0.4065459999999999,0.4065459999999999,1.1602478149711666,10.1021/acssuschemeng.3c07406,Cs_TS1,1.0459585698760263,0.0474754736529249,0.0474754736529249,0.0949509473058499,0.0,1.1580578347021218,1.1580578347021218,3,Si-P-V
0.0,0.0,0.0,0.0,0.0,0.0,0.0,0.0,0.0,0.0,0.0,0.0,0.0,0.0,0.0,0.0,0.0,0.0,0.0,0.0,0.0,0.0,0.0,0.0,0.0,1.0,0.0,0.0,0.0,0.0,0.0,0.0,0.0,0.0,EAc,TRX,EtOH,2.5,4.0,0.0,20.0,663,1,0.3,0.2093062641607586,0.5232656604018967,0.0,0.0,0.0,10.1039/D1RE00020A,,0.9090864348437852,1.743207954799378,0.6972831819197511,0.0,0.0,0.0,0.0,3,Si-P-V
0.0,0.0,0.0,0.0,0.0,0.0,0.0,0.0,0.0,0.0,0.0,0.0,0.0,0.0,0.0220921203148071,0.0,0.0,0.0,0.0,0.0,0.0,0.0,0.0,0.0,0.0,0.9779078796851928,0.0,0.0,0.0,0.0,0.0,0.0,0.0,0.0,EAc,TRX,EtOH,2.5,4.0,0.0,20.0,663,1,0.3,0.2093062641607586,0.5232656604018967,0.028,0.07,2.9302876982506216,10.1039/D1RE00020A,,0.9090864348437852,1.743207954799378,0.6972831819197511,0.0,0.0,2.9285893640629554,2.928589364062955,3,Si-P-V
0.0,0.0,0.0,0.0,0.0220921203148071,0.0,0.0,0.0,0.0,0.0,0.0,0.0,0.0,0.0,0.0,0.0,0.0,0.0,0.0,0.0,0.0,0.0,0.0,0.0,0.0,0.9779078796851928,0.0,0.0,0.0,0.0,0.0,0.0,0.0,0.0,EAc,TRX,EtOH,2.5,4.0,0.0,20.0,663,1,0.3,0.2093062641607586,0.5232656604018967,0.148,0.37,15.48866354789614,10.1039/D1RE00020A,,0.9090864348437852,1.743207954799378,0.6972831819197511,0.0,0.0,15.479686638618476,15.479686638618476,3,Si-P-V
0.0,0.0,0.0,0.0,0.0,0.0,0.0,0.0,0.0,0.0,0.0,0.0,0.0,0.0,0.0,0.0,0.0,0.0,0.0,0.0,0.0,0.0,0.0,0.0,0.0,0.9779078796851928,0.0,0.0220921203148071,0.0,0.0,0.0,0.0,0.0,0.0,EAc,TRX,EtOH,2.5,4.0,0.0,20.0,663,1,0.3,0.2093062641607586,0.5232656604018967,0.224,0.56,23.442301586004973,10.1039/D1RE00020A,,0.9090864348437852,1.743207954799378,0.6972831819197511,0.0,0.0,23.428714912503644,23.42871491250364,3,Si-P-V
0.0,0.0,0.0,0.0,0.0,0.0,0.0,0.0,0.0,0.0,0.0,0.0220919545475318,0.0,0.0,0.0,0.0,0.0,0.0,0.0,0.0,0.0,0.0,0.0,0.0,0.0,0.9779080454524682,0.0,0.0,0.0,0.0,0.0,0.0,0.0,0.0,EAc,TRX,EtOH,2.5,4.0,0.0,20.0,663,1,0.3,0.2093062641607586,0.5232656604018967,0.1159999999999999,0.29,12.139763321324002,10.1039/D1RE00020A,,0.9090864348437852,1.743207954799378,0.6972831819197511,0.0,0.0,12.132727365403673,12.13272736540367,3,Si-P-V
0.0,0.0,0.0,0.0,0.0,0.0,0.0,0.0,0.0,0.0,0.0,0.0,0.0,0.0,0.0,0.0,0.0,0.0,0.0,0.0,0.0,0.0,0.0220921203148071,0.0,0.0,0.9779078796851928,0.0,0.0,0.0,0.0,0.0,0.0,0.0,0.0,EAc,TRX,EtOH,2.5,4.0,0.0,20.0,663,1,0.3,0.2093062641607586,0.5232656604018967,0.18,0.45,18.83756377446828,10.1039/D1RE00020A,,0.9090864348437852,1.743207954799378,0.6972831819197511,0.0,0.0,18.82664591183328,18.82664591183328,3,Si-P-V
0.0,0.0,0.0,0.0,0.0,0.0,0.0,0.0,0.022092119996205,0.0,0.0,0.0,0.0,0.0,0.0,0.0,0.0,0.0,0.0,0.0,0.0,0.0,0.0,0.0,0.0,0.9779078800037948,0.0,0.0,0.0,0.0,0.0,0.0,0.0,0.0,EAc,TRX,EtOH,2.5,4.0,0.0,20.0,663,1,0.3,0.2093062641607586,0.5232656604018967,0.252,0.63,26.372589284255596,10.1039/D1RE00020A,1,0.9090864348437852,1.743207954799378,0.6972831819197511,0.0,0.0,26.357304276566595,26.357304276566595,3,Si-P-V
