Al,B,Ba,Bi,Ca,Ce,Co,Cr,Cs,Cu,Fe,K,La,Li,Mg,Mn,Mo,Na,Nb,Nd,Ni,P,Rb,S,Sb,Si,Sn,Sr,Te,Ti,V,W,Zn,Zr,Ac_source,Fa_source,Stabilizer,Ratio_Ac_Fa,Ratio_Stab_Fa,O_content,LHSV_mlhg,Temperature_K,Pressure_bar,g_cat,Fa_mmolmin,Ac_mmolmin,Y_Acryl_Ac,Y_Acryl_Fa,STY_Acryl_mmolhg,doi,Link_to_excel,Density,Ac_mmolming,Fa_mmolming,MeOH_mmolming,Water_mmolming,STY_Acryl_mmolhg_Ac,STY_Acryl_mmolhg_Fa
0.0,0.0,0.0,0.0,0.0,0.0,0.0,0.0,0.0,0.0,0.0,0.0,0.0,0.0,0.0,0.0,0.0,0.0,0.0,0.0,0.0,0.5145631067961165,0.0,0.0,0.0,0.0,0.0,0.0,0.0,0.0,0.4854368932038835,0.0,0.0,0.0,HAc,FORM,"MeOH 
 + H$_2$O",2.5,0.0,0.0,,648,1,20.0,0.2033333333333333,0.51,0.32799999999999996,0.82,0.50102,10.1016/0021-9517(87)90285-5,,,,,,,,
0.0,0.0,0.0,0.0,0.0,0.0,0.0,0.0,0.0,0.0,0.0,0.0,0.0,0.0,0.0,0.0,0.0,0.0,0.0,0.0,0.0,0.5145631067961165,0.0,0.0,0.0,0.0,0.0,0.0,0.0,0.0,0.4854368932038835,0.0,0.0,0.0,HAc,FORM,"MeOH 
 + H$_2$O",2.5,0.0,0.0,,623,1,20.0,0.2033333333333333,0.51,0.3052,0.763,0.466193,10.1016/0021-9517(87)90285-5,,,,,,,,
0.0,0.0,0.0,0.0,0.0,0.0,0.0,0.0,0.0,0.0,0.0,0.0,0.0,0.0,0.0,0.0,0.0,0.0,0.0,0.0,0.0,0.5145631067961165,0.0,0.0,0.0,0.0,0.0,0.0,0.0,0.0,0.4854368932038835,0.0,0.0,0.0,MAc,FORM,"MeOH 
 + H$_2$O",1.825,0.0,0.0,,653,1,20.0,0.2,0.365,0.16383561643835617,0.299,0.1794,10.1016/0021-9517(87)90285-5,,,,,,,,
0.0,0.0,0.0,0.0,0.0,0.0,0.0,0.0,0.0,0.0,0.0,0.0,0.0,0.0,0.0,0.0,0.0,0.0,0.0,0.0,0.0,0.5145631067961165,0.0,0.0,0.0,0.0,0.0,0.0,0.0,0.0,0.4854368932038835,0.0,0.0,0.0,HAc,TRX,None,2.235294117647059,0.0,0.0,,593,1,20.0,0.2833333333333333,0.6333333333333333,0.43842105263157893,0.98,0.833,10.1016/0021-9517(87)90285-5,,,,,,,,
0.0,0.0,0.0,0.0,0.0,0.0,0.0,0.0,0.0,0.0,0.0,0.0,0.0,0.0,0.0,0.0,0.0,0.0,0.0,0.0,0.0,0.5145631067961165,0.0,0.0,0.0,0.0,0.0,0.0,0.0,0.0,0.4854368932038835,0.0,0.0,0.0,HAc,TRX,None,2.235294117647059,0.0,0.0,,593,1,20.0,0.2833333333333333,0.6333333333333333,0.4066578947368421,0.909,0.7726500000000001,10.1016/0021-9517(87)90285-5,,,,,,,,
0.0,0.0,0.0,0.0,0.0,0.0,0.0,0.0,0.0,0.0,0.0,0.0,0.0,0.0,0.0,0.0,0.0,0.0,0.0,0.0,0.0,0.5145631067961165,0.0,0.0,0.0,0.0,0.0,0.0,0.0,0.0,0.4854368932038835,0.0,0.0,0.0,MAc,TRX,None,1.8133333333333332,0.0,0.0,,653,1,20.0,0.25,0.4533333333333333,0.19963235294117648,0.362,0.27149999999999996,10.1016/0021-9517(87)90285-5,,,,,,,,
0.0,0.0,0.0,0.0,0.0,0.0,0.0,0.0,0.0,0.0,0.0,0.0,0.0,0.0,0.0,0.0,0.0,0.0,0.0,0.0,0.0,0.5416666666666666,0.0,0.0,0.0,0.0,0.0,0.0,0.0,0.0,0.41666666666666663,0.0,0.0,0.04166666666666667,HAc,TRX,None,2.235294117647059,0.0,0.0,,593,1,20.0,0.2833333333333333,0.6333333333333333,0.3355263157894737,0.75,0.6375,10.1016/0021-9517(87)90285-5,,,,,,,,
0.0,0.0,0.0,0.0,0.0,0.0,0.041666666666666664,0.0,0.0,0.0,0.0,0.0,0.0,0.0,0.0,0.0,0.0,0.0,0.0,0.0,0.0,0.5416666666666666,0.0,0.0,0.0,0.0,0.0,0.0,0.0,0.0,0.41666666666666663,0.0,0.0,0.0,HAc,TRX,None,2.235294117647059,0.0,0.0,,593,1,20.0,0.2833333333333333,0.6333333333333333,0.3176315789473684,0.71,0.6034999999999999,10.1016/0021-9517(87)90285-5,,,,,,,,
0.0,0.0,0.0,0.0,0.0,0.0,0.0,0.0,0.0,0.0,0.0,0.0,0.0,0.0,0.0,0.0,0.0,0.0,0.045454545454545456,0.0,0.0,0.5,0.0,0.0,0.0,0.0,0.0,0.0,0.0,0.0,0.4545454545454546,0.0,0.0,0.0,HAc,TRX,None,2.235294117647059,0.0,0.0,,593,1,20.0,0.2833333333333333,0.6333333333333333,0.3713157894736842,0.83,0.7055,10.1016/0021-9517(87)90285-5,,,,,,,,
0.0,0.0,0.0,0.0,0.0,0.0,0.0,0.0,0.0,0.0,0.0,0.0,0.0,0.0,0.0,0.0,0.0,0.0,0.0,0.0,0.0,0.5106382978723405,0.0,0.0,0.0,0.0,0.0,0.0,0.06382978723404256,0.0,0.425531914893617,0.0,0.0,0.0,HAc,TRX,None,2.235294117647059,0.0,0.0,,593,1,20.0,0.2833333333333333,0.6333333333333333,0.1968421052631579,0.44,0.374,10.1016/0021-9517(87)90285-5,,,,,,,,
0.0,0.0,0.0,0.0,0.0,0.0,0.0,0.0,0.0,0.0,0.0,0.0,0.0,0.0,0.0,0.0,0.0,0.0,0.0,0.0,0.0,0.6470588235294118,0.0,0.0,0.0,0.0,0.0,0.0,0.0,0.23529411764705882,0.11764705882352941,0.0,0.0,0.0,HAc,TRX,None,2.1028571428571428,0.0,0.0,,573,1,1.6483516483516483,0.2916666666666667,0.6133333333333333,0.2686820652173913,0.565,5.9984166666666665,10.1016/S0166-9834(00)80265-1,,,,,,,,
0.0,0.0,0.0,0.0,0.0,0.0,0.0,0.0,0.0,0.0,0.0,0.0,0.0,0.0,0.0,0.0,0.0,0.0,0.0,0.0,0.0,0.6470588235294118,0.0,0.0,0.0,0.0,0.0,0.0,0.0,0.23529411764705882,0.11764705882352941,0.0,0.0,0.0,HAc,TRX,None,2.1028571428571428,0.0,0.0,,573,1,1.948051948051948,0.2916666666666667,0.6133333333333333,0.30910326086956524,0.65,5.839166666666666,10.1016/S0166-9834(00)80265-1,,,,,,,,
0.0,0.0,0.0,0.0,0.0,0.0,0.0,0.0,0.0,0.0,0.0,0.0,0.0,0.0,0.0,0.0,0.0,0.0,0.0,0.0,0.0,0.6470588235294118,0.0,0.0,0.0,0.0,0.0,0.0,0.0,0.23529411764705882,0.11764705882352941,0.0,0.0,0.0,HAc,TRX,None,2.1028571428571428,0.0,0.0,,573,1,2.2388059701492535,0.2916666666666667,0.6133333333333333,0.31385869565217395,0.66,5.159000000000001,10.1016/S0166-9834(00)80265-1,,,,,,,,
0.0,0.0,0.0,0.0,0.0,0.0,0.0,0.0,0.0,0.0,0.0,0.0,0.0,0.0,0.0,0.0,0.0,0.0,0.0,0.0,0.0,0.6470588235294118,0.0,0.0,0.0,0.0,0.0,0.0,0.0,0.23529411764705882,0.11764705882352941,0.0,0.0,0.0,HAc,TRX,None,2.1028571428571428,0.0,0.0,,573,1,1.0344827586206897,0.2916666666666667,0.6133333333333333,0.255366847826087,0.537,9.08425,10.1016/S0166-9834(00)80265-1,,,,,,,,
0.0,0.0,0.0,0.0,0.0,0.0,0.0,0.0,0.0,0.0,0.0,0.0,0.0,0.0,0.0,0.0,0.0,0.0,0.0,0.0,0.0,0.6470588235294118,0.0,0.0,0.0,0.0,0.0,0.0,0.0,0.23529411764705882,0.11764705882352941,0.0,0.0,0.0,HAc,TRX,None,2.1028571428571428,0.0,0.0,,573,1,1.1904761904761905,0.2916666666666667,0.6133333333333333,0.22160326086956525,0.466,6.850200000000001,10.1016/S0166-9834(00)80265-1,,,,,,,,
0.0,0.0,0.0,0.0,0.0,0.0,0.0,0.0,0.0,0.0,0.0,0.0,0.0,0.0,0.0,0.0,0.0,0.0,0.0,0.0,0.0,0.6470588235294118,0.0,0.0,0.0,0.0,0.0,0.0,0.0,0.23529411764705882,0.11764705882352941,0.0,0.0,0.0,HAc,TRX,None,2.1028571428571428,0.0,0.0,,593,1,2.2,0.2916666666666667,0.6133333333333333,0.2894157608695652,0.6086,4.8411363636363625,10.1016/S0166-9834(00)82351-9,,,,,,,,
0.0,0.0,0.0,0.0,0.0,0.0,0.0,0.0,0.0,0.0,0.0,0.0,0.0,0.0,0.0,0.0,0.0,0.0,0.0,0.0,0.0,0.6250000000000001,0.0,0.0,0.0,0.0,0.0,0.0,0.0,0.25,0.12500000000000003,0.0,0.0,0.0,HAc,TRX,None,2.1028571428571428,0.0,0.0,,593,1,6.0,0.2916666666666667,0.6133333333333333,0.38832880434782613,0.8166,2.38175,10.1016/S0166-9834(00)82351-9,,,,,,,,
0.0,0.0,0.0,0.0,0.0,0.0,0.0,0.0,0.0,0.0,0.0,0.0,0.0,0.0,0.0,0.0,0.0,0.0,0.0,0.0,0.0,0.5714285714285715,0.0,0.0,0.0,0.0,0.0,0.0,0.0,0.2857142857142857,0.14285714285714285,0.0,0.0,0.0,HAc,TRX,None,2.1028571428571428,0.0,0.0,,593,1,20.0,0.2916666666666667,0.6133333333333333,0.4168138586956522,0.8765,0.7669374999999999,10.1016/S0166-9834(00)82351-9,,,,,,,,
0.0,0.0,0.0,0.0,0.0,0.0,0.0,0.0,0.0,0.0,0.0,0.0,0.0,0.0,0.0,0.0,0.0,0.0,0.0,0.0,0.0,0.6470588235294118,0.0,0.0,0.0,0.0,0.0,0.0,0.0,0.23529411764705882,0.11764705882352941,0.0,0.0,0.0,HAc,TRX,None,2.1028571428571428,0.0,0.0,,593,1,2.2,0.2916666666666667,0.6133333333333333,0.37330163043478265,0.785,6.244318181818182,10.1016/S0166-9834(00)82351-9,,,,,,,,
0.0,0.0,0.0,0.0,0.0,0.0,0.0,0.0,0.0,0.0,0.0,0.0,0.0,0.0,0.0,0.0,0.0,0.0,0.0,0.0,0.0,0.6470588235294118,0.0,0.0,0.0,0.0,0.0,0.0,0.0,0.23529411764705882,0.11764705882352941,0.0,0.0,0.0,HAc,TRX,None,2.1028571428571428,0.0,0.0,,593,1,5.0,0.2916666666666667,0.6133333333333333,0.43735733695652174,0.9197,3.2189499999999995,10.1016/S0166-9834(00)82351-9,,,,,,,,
0.0,0.0,0.0,0.0,0.0,0.0,0.0,0.0,0.0,0.0,0.0,0.0,0.0,0.0,0.0,0.0,0.0,0.0,0.0,0.0,0.0,0.5145631067961165,0.0,0.0,0.0,0.0,0.0,0.0,0.0,0.0,0.4854368932038835,0.0,0.0,0.0,MAc,DMM,None,2.0,0.0,0.0,,613,1,,0.2,0.4,0.225,0.53,,10.1016/S0167-2991(08)61662-6,,,,,,,,
0.0,0.0,0.0,0.0,0.0,0.0,0.0,0.0,0.0,0.0,0.0,0.0,0.0,0.0,0.0,0.0,0.0,0.0,0.0,0.0,0.0,0.6666666666666666,0.0,0.0,0.0,0.0,0.0,0.0,0.0,0.22222222222222227,0.11111111111111113,0.0,0.0,0.0,MAc,DMM,None,2.0,0.0,0.0,,613,1,,0.2,0.4,0.425,0.85,,10.1016/S0167-2991(08)61662-6,,,,,,,,
0.0,0.0,0.0,0.0,0.0,0.0,0.0,0.0,0.0,0.0,0.0,0.0,0.0,0.0,0.0,0.0,0.0,0.0,0.0,0.0,0.0,0.23728813559322032,0.0,0.0,0.0,0.6779661016949152,0.0,0.0,0.0,0.0,0.0847457627118644,0.0,0.0,0.0,MAc,DMM,None,2.0,0.0,0.0,,613,1,,0.2,0.4,0.2,0.49,,10.1016/S0167-2991(08)61662-6,,,,,,,,
0.0,0.0,0.0,0.0,0.0,0.0,0.0,0.0,0.0,0.0,0.0,0.0,0.0,0.0,0.0,0.0,0.0,0.0,0.0,0.0,0.0,0.6666666666666666,0.0,0.0,0.0,0.0,0.0,0.0,0.0,0.22222222222222227,0.11111111111111113,0.0,0.0,0.0,MAc,DMM,None,2.0,0.0,0.03314917127071823,,613,1,,0.2,0.4,0.62,1.24,,10.1016/S0167-2991(08)61662-6,,,,,,,,
0.0,0.0,0.0,0.0,0.0,0.0,0.0,0.0,0.0,0.0,0.0,0.0,0.0,0.0,0.0,0.0,0.0,0.0,0.0,0.0,0.0,0.5121951219512195,0.0,0.0,0.0,0.0,0.0,0.0,0.0,0.0,0.4878048780487804,0.0,0.0,0.0,MAc,FORM,"MeOH 
 + H$_2$O",2.5,0.0,0.1,,633,1,5.0,0.1018814263843573,0.2547035659608932,0.389341493090413,0.9733537327260324,1.19,10.1016/j.jcat.2014.04.005,,,,,,,,
0.0,0.0,0.0,0.0,0.0,0.0,0.0,0.0,0.0,0.0,0.0,0.0,0.0,0.0,0.0,0.0,0.0,0.0,0.0,0.0,0.0,0.5121951219512195,0.0,0.0,0.0,0.0,0.0,0.0,0.0,0.0,0.4878048780487804,0.0,0.0,0.0,HAc,FORM,"MeOH 
 + H$_2$O",2.5,0.0,0.03,0.44333333333333336,633,1,3.0,0.1018814263843573,0.2547035659608932,0.3368,0.842,1.7156832203125765,10.1016/j.jcat.2019.04.032,1,1.0636978963103265,0.08495440790690428,0.03398176316276171,0.0,0.0,1.7167586749827217,1.7167586749827217
0.0,0.0,0.0,0.0,0.0,0.0,0.0,0.0,0.0,0.0,0.0,0.0,0.0,0.0,0.0,0.0,0.0,0.0,0.0,0.0,0.0,0.5121951219512195,0.0,0.0,0.0,0.0,0.0,0.0,0.0,0.0,0.4878048780487804,0.0,0.0,0.0,HAc,FORM,"MeOH 
 + H$_2$O",2.5,0.0,0.03,2.216666666666667,633,1,3.0,0.5094071319217864,1.2735178298044663,0.1672,0.418,4.258643622866135,10.1016/j.jcat.2019.04.032,,1.0636978963103265,0.4247720395345215,0.1699088158138086,0.0,0.0,4.261313100610319,4.2613131006103195
0.0,0.0,0.0,0.0,0.0,0.0,0.0,0.0,0.0,0.0,0.0,0.0,0.0,0.0,0.0,0.0,0.0,0.0,0.0,0.0,0.0,0.5121951219512195,0.0,0.0,0.0,0.0,0.0,0.0,0.0,0.0,0.4878048780487804,0.0,0.0,0.0,HAc,FORM,"MeOH 
 + H$_2$O",2.5,0.0,0.03,0.44333333333333336,633,1,3.0,0.1018814263843573,0.2547035659608932,0.15,0.375,0.7641106978826797,10.1016/j.jcat.2019.04.032,,1.0636978963103265,0.08495440790690428,0.03398176316276171,0.0,0.0,0.7645896711621386,0.7645896711621385
0.0,0.0,0.0,0.0,0.0,0.0,0.0,0.0,0.0,0.0,0.0,0.0,0.0,0.0,0.0,0.0,0.0,0.0,0.0,0.0,0.0,0.5121951219512195,0.0,0.0,0.0,0.0,0.0,0.0,0.0,0.0,0.4878048780487804,0.0,0.0,0.0,HAc,FORM,"MeOH 
 + H$_2$O",2.5,0.0,0.03,0.44333333333333336,633,1,3.0,0.1018814263843573,0.2547035659608932,0.21880000000000002,0.547,1.114582804644869,10.1016/j.jcat.2019.04.032,,1.0636978963103265,0.08495440790690428,0.03398176316276171,0.0,0.0,1.1152814670018396,1.1152814670018394
0.0,0.0,0.0,0.0,0.0,0.0,0.0,0.0,0.0,0.0,0.0,0.0,0.0,0.0,0.0,0.0,0.0,0.0,0.0,0.0,0.0,0.5121951219512195,0.0,0.0,0.0,0.0,0.0,0.0,0.0,0.0,0.4878048780487804,0.0,0.0,0.0,HAc,FORM,"MeOH 
 + H$_2$O",2.5,0.0,0.03,0.44333333333333336,633,1,3.0,0.1018814263843573,0.2547035659608932,0.26080000000000003,0.652,1.3285338000520193,10.1016/j.jcat.2019.04.032,,1.0636978963103265,0.08495440790690428,0.03398176316276171,0.0,0.0,1.3293665749272383,1.329366574927238
0.0,0.0,0.0,0.0,0.0,0.0,0.0,0.0,0.0,0.0,0.0,0.0,0.0,0.0,0.0,0.0,0.0,0.0,0.0,0.0,0.0,0.5121951219512195,0.0,0.0,0.0,0.0,0.0,0.0,0.0,0.0,0.4878048780487804,0.0,0.0,0.0,HAc,FORM,"MeOH 
 + H$_2$O",2.5,0.0,0.03,0.44333333333333336,633,1,3.0,0.1018814263843573,0.2547035659608932,0.25880000000000003,0.647,1.3183456574135834,10.1016/j.jcat.2019.04.032,,1.0636978963103265,0.08495440790690428,0.03398176316276171,0.0,0.0,1.31917204597841,1.3191720459784098
0.0,0.0,0.0,0.0,0.0,0.0,0.0,0.0,0.0,0.0,0.0,0.0,0.0,0.0,0.0,0.0,0.0,0.0,0.0,0.0,0.0,0.5121951219512195,0.0,0.0,0.0,0.0,0.0,0.0,0.0,0.0,0.4878048780487804,0.0,0.0,0.0,HAc,FORM,"MeOH 
 + H$_2$O",2.5,0.0,0.03,0.44333333333333336,633,1,3.0,0.1018814263843573,0.2547035659608932,0.2804,0.701,1.428377597908689,10.1016/j.jcat.2019.04.032,,1.0636978963103265,0.08495440790690428,0.03398176316276171,0.0,0.0,1.4292729586257575,1.4292729586257575
0.0,0.0,0.0,0.0,0.0,0.0,0.0,0.0,0.0,0.0,0.0,0.0,0.0,0.0,0.0,0.0,0.0,0.0,0.0,0.0,0.0,0.5121951219512195,0.0,0.0,0.0,0.0,0.0,0.0,0.0,0.0,0.4878048780487804,0.0,0.0,0.0,HAc,FORM,"MeOH 
 + H$_2$O",2.5,0.0,0.03,0.44333333333333336,633,1,3.0,0.1018814263843573,0.2547035659608932,0.21800000000000003,0.545,1.1105075475894945,10.1016/j.jcat.2019.04.032,,1.0636978963103265,0.08495440790690428,0.03398176316276171,0.0,0.0,1.1112036554223081,1.1112036554223081
0.0,0.0,0.0,0.0,0.0,0.0,0.0,0.0,0.0,0.0,0.0,0.0,0.0,0.0,0.0,0.0,0.0,0.0,0.0,0.0,0.0,0.13384707263740508,0.0,0.0,0.0,0.7323058547251898,0.0,0.0,0.0,0.0,0.13384707263740506,0.0,0.0,0.0,HAc,FORM,"MeOH 
 + H$_2$O",3.0,0.0,0.045,0.44,633,1,3.0,0.08935981150959525,0.26807943452878574,0.2795,0.8385,1.4985640390159123,10.1038/s41598-019-53180-8,1,1.06210584973537,0.0894192160856169,0.0298064053618723,0.0,0.0,1.4995602537557955,1.4995602537557955
0.0,0.0,0.0,0.0,0.0,0.0,0.0,0.0,0.0,0.0,0.0,0.0,0.0,0.0,0.0,0.0,0.0,0.0,0.0,0.0,0.0,0.13384707263740508,0.0,0.0,0.0,0.7323058547251898,0.0,0.0,0.0,0.0,0.13384707263740506,0.0,0.0,0.0,HAc,FORM,"MeOH 
 + H$_2$O",3.0,0.0,0.0225,0.44,633,1,3.0,0.08935981150959525,0.26807943452878574,0.2475,0.7424999999999999,1.3269932009174894,10.1038/s41598-019-53180-8,,1.06210584973537,0.0894192160856169,0.0298064053618723,0.0,0.0,1.327875358871411,1.3278753588714107
0.0,0.0,0.0,0.0,0.0,0.0,0.0,0.0,0.0,0.0,0.0,0.0,0.0,0.0,0.0,0.0,0.0,0.0,0.0,0.0,0.0,0.13384707263740508,0.0,0.0,0.0,0.7323058547251898,0.0,0.0,0.0,0.0,0.13384707263740506,0.0,0.0,0.0,HAc,FORM,"MeOH 
 + H$_2$O",3.0,0.0,0.045,1.32,633,1,3.0,0.270110339335822,0.8103310180074661,0.1975,0.5925,3.200807521129491,10.1038/s41598-019-53180-8,,1.06210584973537,0.2682576482568507,0.08941921608561691,0.0,0.0,3.1788531318436815,3.1788531318436815
0.0,0.0,0.0,0.0,0.0,0.0,0.0,0.0,0.0,0.0,0.0,0.0,0.0,0.0,0.0,0.0,0.0,0.0,0.0,0.0,0.0,0.13384707263740508,0.0,0.0,0.0,0.7323058547251898,0.0,0.0,0.0,0.0,0.13384707263740506,0.0,0.0,0.0,HAc,FORM,"MeOH 
 + H$_2$O",3.0,0.0,0.045,0.44,633,1,3.0,0.08935981150959525,0.26807943452878574,0.20376999999999998,0.6113099999999999,1.0925309274786132,10.1038/s41598-019-53180-8,,1.06210584973537,0.0894192160856169,0.0298064053618723,0.0,0.0,1.0932572197059693,1.0932572197059693
0.0,0.0,0.0,0.0,0.0,0.0,0.0,0.0,0.0,0.0,0.0,0.0,0.0,0.0,0.0,0.0,0.0,0.0,0.0,0.0,0.0,0.13384707263740508,0.0,0.0,0.0,0.7323058547251898,0.0,0.0,0.0,0.0,0.13384707263740506,0.0,0.0,0.0,HAc,FORM,"MeOH 
 + H$_2$O",3.0,0.0,0.045,0.44,633,1,3.0,0.08935981150959525,0.26807943452878574,0.16567600000000002,0.497028,0.8882865678998222,10.1038/s41598-019-53180-8,,1.06210584973537,0.0894192160856169,0.0298064053618723,0.0,0.0,0.88887708265204,0.88887708265204
0.0,0.0,0.0,0.0,0.0,0.0,0.0,0.0,0.0,0.0,0.0,0.0,0.0,0.0,0.0,0.0,0.0,0.0,0.0,0.0,0.0,0.13384707263740508,0.0,0.0,0.0,0.7323058547251898,0.0,0.0,0.0,0.0,0.13384707263740506,0.0,0.0,0.0,HAc,TRX,None,2.5,0.0,0.0225,0.44,633,1,3.0,0.15372522897585347,0.3843130724396337,0.20983419,0.524585475,1.612840445235637,10.1038/s41598-019-53180-8,,1.2597703750236133,0.1281995515459812,0.05127982061839248,0.0,0.0,1.6140389434208529,1.6140389434208526
0.0,0.0,0.0,0.0,0.0,0.0,0.0,0.0,0.0,0.0,0.0,0.0,0.0,0.0,0.0,0.0,0.0,0.0,0.0,0.0,0.0,0.13384707263740508,0.0,0.0,0.0,0.7323058547251898,0.0,0.0,0.0,0.0,0.13384707263740506,0.0,0.0,0.0,HAc,DMM,None,2.5,0.0,0.0225,0.44,633,1,3.0,0.09499578104027404,0.2374894526006851,0.1784,0.446,0.8473623668792444,10.1038/s41598-019-53180-8,,0.9773693313939579,0.07920976832757581,0.031683907331030325,0.0,0.0,0.8478613601783715,0.8478613601783715
0.0,0.0,0.0,0.0,0.0,0.0,0.0,0.0,0.0,0.0,0.0,0.0,0.0,0.0,0.0,0.0,0.0,0.0,0.0,0.0,0.0,0.5,0.0,0.0,0.0,0.0,0.0,0.0,0.0,0.0,0.49999999999999994,0.0,0.0,0.0,HAc,FORM,"MeOH 
 + H$_2$O",2.5,0.0,0.039,1.3333333333333333,633,1,3.0,0.3064103049153603,0.7660257622884007,0.159,0.3975,2.435961924077114,10.1039/C9CC08700A,UnsupportedVPO,1.0636978963103265,0.2555019786673813,0.10220079146695252,0.0,0.0,2.4374888764868174,2.437488876486818
0.0,0.0,0.0,0.0,0.0,0.0,0.0,0.0,0.0,0.0,0.0,0.0,0.0,0.0,0.0,0.0,0.0,0.0,0.0,0.0,0.0,0.13384707263740508,0.0,0.0,0.0,0.7323058547251898,0.0,0.0,0.0,0.0,0.13384707263740506,0.0,0.0,0.0,HAc,FORM,"MeOH 
 + H$_2$O",2.5,0.0,0.039,1.3333333333333333,633,1,3.0,0.3064103049153603,0.7660257622884007,0.188,0.47,2.880256866204387,10.1039/C9CC08700A,33%VPO-MCF,1.0636978963103265,0.2555019786673813,0.10220079146695252,0.0,0.0,2.882062319368061,2.882062319368061
0.0,0.0,0.0,0.0,0.0,0.0,0.0,0.0,0.0,0.0,0.0,0.0,0.0,0.0,0.0,0.0,0.0,0.0,0.0,0.0,0.0,0.13384707263740508,0.0,0.0,0.0,0.7323058547251898,0.0,0.0,0.0,0.0,0.13384707263740506,0.0,0.0,0.0,HAc,FORM,"MeOH 
 + H$_2$O",2.5,0.0,0.039,1.3333333333333333,633,1,3.0,0.3064103049153603,0.7660257622884007,0.204,0.51,3.1253851101366745,10.1039/C9CC08700A,33%VPO-SilicaHP,1.0636978963103265,0.2555019786673813,0.10220079146695252,0.0,0.0,3.1273442188887466,3.127344218888747
0.0,0.0,0.0,0.0,0.0,0.0,0.0,0.0,0.0,0.0,0.0,0.0,0.0,0.0,0.0,0.0,0.0,0.0,0.0,0.0,0.0,0.13384707263740508,0.0,0.0,0.0,0.7323058547251898,0.0,0.0,0.0,0.0,0.13384707263740506,0.0,0.0,0.0,HAc,FORM,"MeOH 
 + H$_2$O",2.5,0.0,0.039,1.3333333333333333,633,1,3.0,0.3064103049153603,0.7660257622884007,0.158,0.395,2.4206414088313464,10.1039/C9CC08700A,,1.0636978963103265,0.2555019786673813,0.10220079146695252,0.0,0.0,2.4221587577667747,2.422158757766775
0.0,0.0,0.0,0.0,0.0,0.0,0.0,0.0,0.0,0.0,0.0,0.0,0.0,0.0,0.0,0.0,0.0,0.0,0.0,0.0,0.0,0.13384707263740508,0.0,0.0,0.0,0.7323058547251898,0.0,0.0,0.0,0.0,0.13384707263740506,0.0,0.0,0.0,HAc,FORM,"MeOH 
 + H$_2$O",2.5,0.0,0.039,1.3333333333333333,633,1,3.0,0.3064103049153603,0.7660257622884007,0.198,0.495,3.033462018662067,10.1039/C9CC08700A,,1.0636978963103265,0.2555019786673813,0.10220079146695252,0.0,0.0,3.0353635065684896,3.0353635065684896
0.0,0.0,0.0,0.0,0.0,0.0,0.0,0.0,0.0,0.0,0.0,0.0,0.0,0.0,0.0,0.0,0.0,0.0,0.0,0.0,0.0,0.5,0.0,0.0,0.0,0.0,0.0,0.0,0.0,0.0,0.49999999999999994,0.0,0.0,0.0,HAc,FORM,"MeOH 
 + H$_2$O",2.5,0.0,0.039,1.3333333333333333,633,1,3.0,0.3064103049153603,0.7660257622884007,0.212,0.53,3.247949232102819,10.1039/C9CC08700A,gammaVPO-deltaVPO-3-1,1.0636978963103265,0.2555019786673813,0.10220079146695252,0.0,0.0,3.24998516864909,3.2499851686490904
0.0,0.0,0.0,0.0,0.0,0.0,0.0,0.0,0.0,0.0,0.0,0.0,0.0,0.0,0.0,0.0,0.0,0.0,0.0,0.0,0.0,0.10157759247993034,0.0,0.0,0.0,0.0,0.0,0.0,0.0,0.8016818432534694,0.0967405642666003,0.0,0.0,0.0,HAc,FORM,"MeOH 
 + H$_2$O",2.5,0.0,0.0,0.44333333333333336,633,1,3.0,0.1018814263843573,0.2547035659608932,0.19838,0.49595,1.01056186830644,10.1021/acssuschemeng.0c05916,,1.0636978963103265,0.08495440790690428,0.03398176316276171,0.0,0.0,1.0111953264343003,1.0111953264343003
0.0,0.0,0.0,0.0,0.0,0.0,0.0,0.0,0.0,0.0,0.0,0.0,0.0,0.0,0.0,0.0,0.0,0.0,0.0,0.0,0.0,0.10157759247993034,0.0,0.0,0.0,0.0,0.0,0.0,0.0,0.8016818432534694,0.0967405642666003,0.0,0.0,0.0,HAc,FORM,"MeOH 
 + H$_2$O",2.5,0.0,0.03,0.44333333333333336,633,1,3.0,0.1018814263843573,0.2547035659608932,0.28454999999999997,0.7113749999999999,1.4495179938834433,10.1021/acssuschemeng.0c05916,1,1.0636978963103265,0.08495440790690428,0.03398176316276171,0.0,0.0,1.4504266061945768,1.4504266061945765
0.0,0.0,0.0,0.0,0.0,0.0,0.0,0.0,0.0,0.0,0.0,0.0,0.0,0.0,0.0,0.0,0.0,0.0,0.0,0.0,0.0,0.10157759247993034,0.0,0.0,0.0,0.0,0.0,0.0,0.0,0.8016818432534694,0.0967405642666003,0.0,0.0,0.0,HAc,FORM,"MeOH 
 + H$_2$O",2.5,0.0,0.03,0.44333333333333336,633,1,3.0,0.1018814263843573,0.2547035659608932,0.11895,0.297375,0.605939783420965,10.1021/acssuschemeng.0c05916,,1.0636978963103265,0.08495440790690428,0.03398176316276171,0.0,0.0,0.6063196092315759,0.6063196092315759
0.0,0.0,0.0,0.0,0.0,0.0,0.0,0.0,0.0,0.0,0.0,0.0,0.0,0.0,0.0,0.0,0.0,0.0,0.0,0.0,0.0,0.10157759247993034,0.0,0.0,0.0,0.0,0.0,0.0,0.0,0.8016818432534694,0.0967405642666003,0.0,0.0,0.0,HAc,FORM,"MeOH 
 + H$_2$O",2.5,0.0,0.03,0.44333333333333336,633,1,3.0,0.1018814263843573,0.2547035659608932,0.125236,0.31309,0.6379611157335684,10.1021/acssuschemeng.0c05916,,1.0636978963103265,0.08495440790690428,0.03398176316276171,0.0,0.0,0.6383610137177439,0.6383610137177439
0.0,0.0,0.0,0.0,0.0,0.0,0.0,0.0,0.0,0.0,0.0,0.0,0.0,0.0,0.0,0.0,0.0,0.0,0.0,0.0,0.0,0.0,0.0,0.0,0.0,0.0,0.0,0.0,0.0,1.0,0.0,0.0,0.0,0.0,HAc,FORM,"MeOH 
 + H$_2$O",2.5,0.0,0.0,0.44333333333333336,633,1,3.0,0.1018814263843573,0.2547035659608932,0.025912,0.06478,0.13199757602357332,10.1021/acssuschemeng.0c05916,,1.0636978963103265,0.08495440790690428,0.03398176316276171,0.0,0.0,0.13208031706102222,0.13208031706102222
1.0,0.0,0.0,0.0,0.0,0.0,0.0,0.0,0.0,0.0,0.0,0.0,0.0,0.0,0.0,0.0,0.0,0.0,0.0,0.0,0.0,0.0,0.0,0.0,0.0,0.0,0.0,0.0,0.0,0.0,0.0,0.0,0.0,0.0,HAc,FORM,"MeOH 
 + H$_2$O",2.5,0.0,0.03,1.3333333333333333,633,1,3.0,0.3064103049153603,0.7660257622884007,0.05034260000000001,0.1258565,0.771274570811601,10.1039/D2RA06960A,,1.0636978963103265,0.2555019786673813,0.10220079146695252,0.0,0.0,0.7717580346756306,0.7717580346756305
1.0,0.0,0.0,0.0,0.0,0.0,0.0,0.0,0.0,0.0,0.0,0.0,0.0,0.0,0.0,0.0,0.0,0.0,0.0,0.0,0.0,0.0,0.0,0.0,0.0,0.0,0.0,0.0,0.0,0.0,0.0,0.0,0.0,0.0,HAc,FORM,"MeOH 
 + H$_2$O",2.5,0.0,0.03,1.3333333333333333,633,1,3.0,0.3064103049153603,0.7660257622884007,0.043942499999999995,0.10985624999999999,0.6732217411871608,10.1039/D2RA06960A,,1.0636978963103265,0.2555019786673813,0.10220079146695252,0.0,0.0,0.673643741855484,0.673643741855484
0.0,0.0,0.0,0.0,0.0,0.0,0.0,0.0,0.0,0.0,0.0,0.0,0.0,0.0,0.0,0.0,0.0,0.0,1.0,0.0,0.0,0.0,0.0,0.0,0.0,0.0,0.0,0.0,0.0,0.0,0.0,0.0,0.0,0.0,HAc,FORM,"MeOH 
 + H$_2$O",2.5,0.0,0.03,1.3333333333333333,633,1,3.0,0.3064103049153603,0.7660257622884007,0.072688,0.18172,1.1136176121843855,10.1039/D2RA06960A,,1.0636978963103265,0.2555019786673813,0.10220079146695252,0.0,0.0,1.1143156695224767,1.1143156695224767
0.0,0.0,0.0,0.0,0.0,0.0,0.0,0.0,0.0,0.0,0.0,0.0,0.0,0.0,0.0,0.0,1.0,0.0,0.0,0.0,0.0,0.0,0.0,0.0,0.0,0.0,0.0,0.0,0.0,0.0,0.0,0.0,0.0,0.0,HAc,FORM,"MeOH 
 + H$_2$O",2.5,0.0,0.03,1.3333333333333333,633,1,3.0,0.3064103049153603,0.7660257622884007,0.10353199999999999,0.25882999999999995,1.5861635844248538,10.1039/D2RA06960A,,1.0636978963103265,0.2555019786673813,0.10220079146695252,0.0,0.0,1.587157851323479,1.587157851323479
0.0,0.0,0.0,0.0,0.0,0.0,0.0,0.0,0.0,0.0,0.0,0.0,0.0,0.0,0.0,0.0,0.0,0.0,0.04475117379877612,0.0,0.0,0.10783838543602893,0.0,0.0,0.0,0.0,0.0,0.0,0.0,0.7447072165404055,0.10270322422478945,0.0,0.0,0.0,HAc,FORM,"MeOH 
 + H$_2$O",2.5,0.0,0.03,1.3333333333333333,633,1,3.0,0.3064103049153603,0.7660257622884007,0.25109360000000003,0.627734,3.846883326914776,10.1039/D2RA06960A,V-Ti-Nb,1.0636978963103265,0.2555019786673813,0.10220079146695252,0.0,0.0,3.8492946978429585,3.8492946978429585
0.0,0.0,0.0,0.0,0.0,0.0,0.0,0.0,0.0,0.0,0.0,0.0,0.0,0.0,0.0,0.0,0.04146035417864029,0.0,0.0,0.0,0.0,0.10820988725300358,0.0,0.0,0.0,0.0,0.0,0.0,0.0,0.7472727230893051,0.10305703547905103,0.0,0.0,0.0,HAc,FORM,"MeOH 
 + H$_2$O",2.5,0.0,0.03,1.3333333333333333,633,1,3.0,0.3064103049153603,0.7660257622884007,0.23148840000000004,0.578721,3.546521561418445,10.1039/D2RA06960A,V-Ti-Mo,1.0636978963103265,0.2555019786673813,0.10220079146695252,0.0,0.0,3.548744654312774,3.548744654312774
0.0,0.0,0.0,0.0,0.0,0.0,0.0,0.0,0.0,0.0,0.0,0.0,0.0,0.0,0.0,0.0,0.0,0.0,0.0,0.0,0.0,0.10993786046159343,0.0,0.0,0.0,0.0,0.0,0.0,0.0,0.7592057107098282,0.1047027242491366,0.026153704579441776,0.0,0.0,HAc,FORM,"MeOH 
 + H$_2$O",2.5,0.0,0.03,1.3333333333333333,633,1,3.0,0.3064103049153603,0.7660257622884007,0.18229521999999998,0.45573804999999995,2.7928566972406337,10.1039/D2RA06960A,V-Ti-W,1.0636978963103265,0.2555019786673813,0.10220079146695252,0.0,0.0,2.794607364696334,2.7946073646963345
0.0,0.0,0.0,0.026028853935275317,0.0,0.0,0.0,0.0,0.0,0.0,0.0,0.0,0.0,0.0,0.0,0.0,0.0,0.0,0.0,0.0,0.0,0.10995195489596306,0.0,0.0,0.0,0.0,0.0,0.0,0.0,0.7593030436487969,0.10471614751996482,0.0,0.0,0.0,HAc,FORM,"MeOH 
 + H$_2$O",2.5,0.0,0.03,1.3333333333333333,633,1,3.0,0.3064103049153603,0.7660257622884007,0.14636687999999998,0.36591719999999994,2.2424160165154974,10.1039/D2RA06960A,V-Ti-Bi,1.0636978963103265,0.2555019786673813,0.10220079146695252,0.0,0.0,2.2438216470822687,2.243821647082269
0.0,0.0,0.0,0.0,0.0,0.0,0.0,0.0,0.0,0.0,0.0,0.0,0.0,0.0,0.0,0.0,0.0,0.0,0.0,0.0,0.0,0.13384707263740508,0.0,0.0,0.0,0.7323058547251898,0.0,0.0,0.0,0.0,0.13384707263740506,0.0,0.0,0.0,HAc,FORM,"MeOH 
 + H$_2$O",2.5,0.0,0.03,0.44333333333333336,633,1,3.0,0.1018814263843573,0.2547035659608932,0.22902879999999998,0.572572,1.1666890413548843,10.1039/D3NJ00221G,VPO-MCF,1.0636978963103265,0.08495440790690428,0.03398176316276171,0.0,0.0,1.1674203658577278,1.1674203658577278
0.0,0.0,0.0,0.0,0.0,0.0,0.0,0.0,0.0,0.0,0.0,0.0,0.0,0.0,0.0,0.0,0.0,0.0,0.0,0.0,0.0,0.10157759247993034,0.0,0.0,0.0,0.0,0.0,0.0,0.0,0.8016818432534694,0.0967405642666003,0.0,0.0,0.0,HAc,FORM,"MeOH 
 + H$_2$O",2.5,0.0,0.03,0.44333333333333336,633,1,3.0,0.1018814263843573,0.2547035659608932,0.24515600000000004,0.6128900000000002,1.248842148334175,10.1039/D3NJ00221G,UnModifiedV-Ti,1.0636978963103265,0.08495440790690428,0.03398176316276171,0.0,0.0,1.2496249694895019,1.2496249694895019
0.0,0.0,0.0,0.0,0.0,0.0,0.0,0.0,0.0,0.0,0.0,0.0,0.0,0.0,0.0,0.0,0.0,0.0,0.0,0.0,0.0,0.10229030003480213,0.0,0.0,0.0,0.09389695844454087,0.0,0.0,0.0,0.7063934081541788,0.09741933336647822,0.0,0.0,0.0,HAc,FORM,"MeOH 
 + H$_2$O",2.5,0.0,0.03,0.44333333333333336,633,1,3.0,0.1018814263843573,0.2547035659608932,0.24657582,0.61643955,1.2560748126746266,10.1039/D3NJ00221G,AllylSi-V-Ti,1.0636978963103265,0.08495440790690428,0.03398176316276171,0.0,0.0,1.2568621675355645,1.2568621675355645
0.0,0.0,0.0,0.0,0.0,0.0,0.0,0.0,0.0,0.0,0.0,0.0,0.0,0.0,0.0,0.0,0.0,0.0,0.0,0.0,0.0,0.10229030003480213,0.0,0.0,0.0,0.09389695844454087,0.0,0.0,0.0,0.7063934081541788,0.09741933336647822,0.0,0.0,0.0,HAc,FORM,"MeOH 
 + H$_2$O",2.5,0.0,0.03,0.44333333333333336,633,1,3.0,0.1018814263843573,0.2547035659608932,0.33499599999999996,0.8374899999999998,1.7064935156527075,10.1039/D3NJ00221G,Glycosidil-Si-V-Ti,1.0636978963103265,0.08495440790690428,0.03398176316276171,0.0,0.0,1.7075632098708782,1.707563209870878
0.0,0.0,0.0,0.0,0.0,0.0,0.0,0.0,0.0,0.0,0.0,0.0,0.0,0.0,0.0,0.0,0.0,0.0,0.0,0.0,0.0,0.13384707263740508,0.0,0.0,0.0,0.7323058547251898,0.0,0.0,0.0,0.0,0.13384707263740506,0.0,0.0,0.0,HAc,FORM,"MeOH 
 + H$_2$O",2.5,0.0,0.1,2.6666666666666665,633,1,3.0,0.6128206098307206,1.5320515245768014,0.175812,0.43953,5.387060852777932,10.2139/ssrn.4741336,1,1.0636978963103265,0.5110039573347626,0.20440158293390503,0.0,0.0,5.390437664816356,5.390437664816357
0.0,0.0,0.0,0.0,0.0,0.0,0.0,0.0,0.0,0.0,0.0,0.0,0.0,0.0,0.0,0.0,0.0,0.0,0.0,0.0,0.0,0.5833333333333333,0.0,0.0,0.0,0.0,0.0,0.0,0.0,0.0,0.4166666666666667,0.0,0.0,0.0,HAc,TRX,None,3.5,0.0,0.13043478260869565,1.6666666666666667,623,1,0.6000000000000001,0.08318464771420643,0.29114626699972246,0.173,0.6054999999999999,5.036830419095198,10.1021/acs.iecr.8b02132,,1.199844972466995,0.4856334986590716,0.1387524281883062,0.0,0.0,5.040875716081163,5.040875716081163
0.0,0.0,0.0,0.0,0.0,0.0,0.0,0.0,0.0,0.0,0.0,0.0,0.0,0.0,0.0,0.0,0.0,0.0,0.024390243902439025,0.0,0.0,0.5691056910569106,0.0,0.0,0.0,0.0,0.0,0.0,0.0,0.0,0.40650406504065045,0.0,0.0,0.0,HAc,TRX,None,3.5,0.0,0.13043478260869565,1.6666666666666667,623,1,0.6000000000000001,0.08318464771420643,0.29114626699972246,0.185,0.6475,5.386205939494865,10.1021/acs.iecr.8b02132,,1.199844972466995,0.4856334986590716,0.1387524281883062,0.0,0.0,5.390531835115695,5.390531835115695
0.0,0.0,0.0,0.0,0.0,0.0,0.0,0.0,0.0,0.0,0.0,0.0,0.0,0.0,0.0,0.0,0.0,0.0,0.0,0.0,0.0,0.5833333333333333,0.0,0.0,0.0,0.0,0.0,0.0,0.0,0.0,0.4166666666666667,0.0,0.0,0.0,HAc,TRX,None,3.5,0.0,0.13043478260869565,1.6666666666666667,623,1,0.6000000000000001,0.08318464771420643,0.29114626699972246,0.176,0.616,5.124174299195115,10.1039/C8RA09241A,,1.199844972466995,0.4856334986590716,0.1387524281883062,0.0,0.0,5.128289745839796,5.128289745839797
0.0,0.0,0.0,0.0,0.0,0.0,0.0,0.0,0.0,0.0,0.0,0.0,0.0,0.0,0.0,0.0,0.024390243902439022,0.0,0.0,0.0,0.0,0.5691056910569106,0.0,0.0,0.0,0.0,0.0,0.0,0.0,0.0,0.40650406504065034,0.0,0.0,0.0,HAc,TRX,None,3.5,0.0,0.13043478260869565,1.6666666666666667,623,1,0.6000000000000001,0.08318464771420643,0.29114626699972246,0.142,0.49699999999999994,4.134276991396058,10.1039/C8RA09241A,,1.199844972466995,0.4856334986590716,0.1387524281883062,0.0,0.0,4.13759740857529,4.13759740857529
0.0,0.0,0.0,0.0,0.0,0.0,0.0,0.0,0.0,0.0,0.0,0.0,0.0,0.0,0.0,0.0,0.0,0.0,0.0,0.0,0.0,0.5691056910569106,0.0,0.0,0.0,0.0,0.0,0.0,0.0,0.0,0.4065040650406505,0.02439024390243903,0.0,0.0,HAc,TRX,None,3.5,0.0,0.13043478260869565,1.6666666666666667,623,1,0.6000000000000001,0.08318464771420643,0.29114626699972246,0.197,0.6895,5.735581459894533,10.1039/C8RA09241A,,1.199844972466995,0.4856334986590716,0.1387524281883062,0.0,0.0,5.740187954150227,5.740187954150227
0.0,0.0,0.0,0.0,0.0,0.0,0.0,0.024390243902439025,0.0,0.0,0.0,0.0,0.0,0.0,0.0,0.0,0.0,0.0,0.0,0.0,0.0,0.5691056910569106,0.0,0.0,0.0,0.0,0.0,0.0,0.0,0.0,0.4065040650406504,0.0,0.0,0.0,HAc,TRX,None,3.5,0.0,0.13043478260869565,1.6666666666666667,623,1,0.6000000000000001,0.08318464771420643,0.29114626699972246,0.072,0.252,2.0962531223980014,10.1039/C8RA09241A,,1.199844972466995,0.4856334986590716,0.1387524281883062,0.0,0.0,2.097936714207189,2.0979367142071896
0.0,0.0,0.0,0.0,0.0,0.0,0.0,0.0,0.0,0.0,0.0,0.0,0.024390243902439025,0.0,0.0,0.0,0.0,0.0,0.0,0.0,0.0,0.5691056910569106,0.0,0.0,0.0,0.0,0.0,0.0,0.0,0.0,0.40650406504065034,0.0,0.0,0.0,HAc,TRX,None,3.5,0.0,0.13043478260869565,1.6666666666666667,623,1,0.6000000000000001,0.08318464771420643,0.29114626699972246,0.172,0.602,5.007715792395226,10.1039/C8RA09241A,,1.199844972466995,0.4856334986590716,0.1387524281883062,0.0,0.0,5.011737706161618,5.011737706161619
0.0,0.0,0.0,0.0,0.0,0.024390243902439025,0.0,0.0,0.0,0.0,0.0,0.0,0.0,0.0,0.0,0.0,0.0,0.0,0.0,0.0,0.0,0.5691056910569104,0.0,0.0,0.0,0.0,0.0,0.0,0.0,0.0,0.4065040650406504,0.0,0.0,0.0,HAc,TRX,None,3.5,0.0,0.13043478260869565,1.6666666666666667,623,1,0.6000000000000001,0.08318464771420643,0.29114626699972246,0.204,0.714,5.939383846794337,10.1039/C8RA09241A,,1.199844972466995,0.4856334986590716,0.1387524281883062,0.0,0.0,5.944154023587036,5.9441540235870365
0.0,0.0,0.0,0.0,0.0,0.0,0.0,0.0,0.0,0.0,0.0,0.0,0.0,0.0,0.0,0.0,0.0,0.0,0.0,0.0,0.0,0.07046263465218575,0.0,0.0,0.0,0.9081158045823399,0.0,0.0,0.0,0.0,0.021421560765474405,0.0,0.0,0.0,HAc,FORM,"MeOH 
 + H$_2$O",10.0,0.0,0.0,2.0,643,1,3.0,0.15458085248370448,1.545808524837045,0.0219,0.219,0.6770641338786256,10.1021/acs.iecr.5b01422,1,1.0546079627522464,0.5157041230938302,0.051570412309383015,0.0,0.0,0.6776352177452929,0.6776352177452928
0.0,0.0,0.0,0.0,0.0,0.0,0.0,0.0,0.0,0.0,0.0,0.0,0.0,0.0,0.0,0.0,0.0,0.0,0.0,0.0,0.0,0.0,0.0,0.0,0.0,0.9769545996061612,0.0,0.0,0.0,0.0,0.023045400393838802,0.0,0.0,0.0,HAc,FORM,"MeOH 
 + H$_2$O",10.0,0.0,0.0,2.0,643,1,3.0,0.15458085248370448,1.545808524837045,0.01693,0.1693,0.5234107665098233,10.1021/acs.iecr.5b01422,,1.0546079627522464,0.5157041230938302,0.051570412309383015,0.0,0.0,0.5238522482387127,0.5238522482387127
0.0,0.0,0.0,0.0,0.0,0.0,0.0,0.0,0.0,0.0,0.0,0.0,0.0,0.0,0.0,0.0,0.0,0.0,0.0,0.0,0.0,0.07046263465218575,0.0,0.0,0.0,0.9081158045823399,0.0,0.0,0.0,0.0,0.021421560765474405,0.0,0.0,0.0,HAc,FORM,"MeOH 
 + H$_2$O",10.0,0.0,0.0,2.0,643,1,3.0,0.15458085248370448,1.545808524837045,0.0219,0.219,0.6770641338786256,10.1016/j.cej.2016.04.107,1,1.0546079627522464,0.5157041230938302,0.051570412309383015,0.0,0.0,0.6776352177452929,0.6776352177452928
0.0,0.0,0.0,0.0,0.0,0.0,0.0,0.0,0.0,0.0,0.0,0.0,0.0,0.0,0.0,0.0,0.0,0.0,0.0,0.0,0.0,0.07046263465218575,0.0,0.0,0.0,0.9081158045823399,0.0,0.0,0.0,0.0,0.021421560765474405,0.0,0.0,0.0,HAc,FORM,"MeOH 
 + H$_2$O",7.5,0.0,0.0,2.0,643,1,3.0,0.19849218843643607,1.4886914132732705,0.03176,0.2382,0.9456167857111814,10.1016/j.cej.2016.04.107,,1.055916749010858,0.4966335489675121,0.06621780652900161,0.0,0.0,0.946384890912491,0.946384890912491
0.8999853638612879,0.0,0.0,0.0,0.0,0.0,0.0,0.0,0.0,0.0,0.0,0.0,0.0,0.0,0.0,0.0,0.0,0.0,0.0,0.0,0.0,0.05000731806935607,0.0,0.0,0.0,0.0,0.0,0.0,0.0,0.0,0.05000731806935606,0.0,0.0,0.0,MAc,TRX,None,5.0,0.0,0.21,1.0,623,1,6.0,0.2516198704103672,1.2580993520518362,0.07082000000000001,0.3541,0.8909859611231106,10.1021/acs.iecr.6b03079,,1.0053234973701344,0.20921748648747066,0.041843497297494134,0.0,0.0,0.8890069435825604,0.8890069435825604
0.0,0.0,0.0,0.0,0.0,0.0,0.0,0.0,0.0,0.0,0.0,0.0,0.0,0.0,0.0,0.0,0.0,0.0,0.7753672659783722,0.0,0.0,0.11231636701081398,0.0,0.0,0.0,0.0,0.0,0.0,0.0,0.0,0.11231636701081395,0.0,0.0,0.0,MAc,TRX,None,5.0,0.0,0.21,1.0,623,1,6.0,0.2516198704103672,1.2580993520518362,0.06556,0.3278,0.8248099352051836,10.1021/acs.iecr.6b03079,,1.0053234973701344,0.20921748648747066,0.041843497297494134,0.0,0.0,0.8229779048471144,0.8229779048471145
0.0,0.0,0.0,0.0,0.0,0.0,0.0,0.0,0.0,0.0,0.0,0.0,0.0,0.0,0.0,0.0,0.0,0.0,0.0,0.0,0.0,0.05790253613402797,0.0,0.0,0.0,0.884194927731944,0.0,0.0,0.0,0.0,0.05790253613402795,0.0,0.0,0.0,MAc,TRX,None,5.0,0.0,0.21,1.0,623,1,6.0,0.2516198704103672,1.2580993520518362,0.052000000000000005,0.26,0.6542116630669548,10.1021/acs.iecr.6b03079,,1.0053234973701344,0.20921748648747066,0.041843497297494134,0.0,0.0,0.6527585578409084,0.6527585578409085
0.0,0.0,0.0,0.0,0.0,0.0,0.0,0.0,0.0,0.0,0.0,0.0,0.0,0.0,0.0,0.0,0.0,0.0,0.0,0.0,0.0,0.0741398135273486,0.0,0.0,0.0,0.0,0.0,0.0,0.0,0.8517203729453029,0.07413981352734858,0.0,0.0,0.0,MAc,TRX,None,5.0,0.0,0.21,1.0,623,1,6.0,0.2516198704103672,1.2580993520518362,0.039,0.195,0.4906587473002161,10.1021/acs.iecr.6b03079,,1.0053234973701344,0.20921748648747066,0.041843497297494134,0.0,0.0,0.4895689183806813,0.4895689183806814
0.0,0.0,0.0,0.0,0.0,0.0,0.0,0.0,0.0,0.0,0.0,0.0,0.0,0.0,0.0,0.0,0.0,0.0,0.0,0.0,0.0,0.10586669246233071,0.0,0.0,0.0,0.0,0.0,0.0,0.0,0.0,0.1058666924623307,0.0,0.0,0.7882666150753386,MAc,TRX,None,5.0,0.0,0.21,1.0,623,1,6.0,0.2516198704103672,1.2580993520518362,0.03956,0.1978,0.49770410367170637,10.1021/acs.iecr.6b03079,,1.0053234973701344,0.20921748648747066,0.041843497297494134,0.0,0.0,0.4965986259266603,0.4965986259266604
0.0,0.0,0.0,0.0,0.0,0.0,0.0,0.0,0.0,0.0,0.0,0.0,0.0,0.0,0.0,0.0,0.0,0.0,0.0,0.0,0.0,0.13034379916630748,0.0,0.0,0.7393124016673851,0.0,0.0,0.0,0.0,0.0,0.13034379916630745,0.0,0.0,0.0,MAc,TRX,None,5.0,0.0,0.21,1.0,623,1,6.0,0.2516198704103672,1.2580993520518362,0.0036,0.018,0.0452915766738661,10.1021/acs.iecr.6b03079,,1.0053234973701344,0.20921748648747066,0.041843497297494134,0.0,0.0,0.04519097708129366,0.04519097708129366
1.0,0.0,0.0,0.0,0.0,0.0,0.0,0.0,0.0,0.0,0.0,0.0,0.0,0.0,0.0,0.0,0.0,0.0,0.0,0.0,0.0,0.0,0.0,0.0,0.0,0.0,0.0,0.0,0.0,0.0,0.0,0.0,0.0,0.0,MAc,TRX,None,5.0,0.0,0.21,1.0,623,1,6.0,0.2516198704103672,1.2580993520518362,0.04734,0.2367,0.5955842332613392,10.1021/acs.iecr.6b03079,,1.0053234973701344,0.20921748648747066,0.041843497297494134,0.0,0.0,0.5942613486190116,0.5942613486190116
0.0,0.0,0.0,0.0,0.0,0.0,0.0,0.0,0.0,0.0,0.0,0.0,0.0,0.0,0.0,0.0,0.0,0.0,1.0,0.0,0.0,0.0,0.0,0.0,0.0,0.0,0.0,0.0,0.0,0.0,0.0,0.0,0.0,0.0,MAc,TRX,None,5.0,0.0,0.21,1.0,623,1,6.0,0.2516198704103672,1.2580993520518362,0.040260000000000004,0.2013,0.5065107991360693,10.1021/acs.iecr.6b03079,,1.0053234973701344,0.20921748648747066,0.041843497297494134,0.0,0.0,0.5053857603591342,0.5053857603591342
0.0,0.0,0.0,0.0,0.0,0.0,0.0,0.0,0.0,0.0,0.0,0.0,0.0,0.0,0.0,0.0,0.0,0.0,0.0,0.0,0.0,0.0,0.0,0.0,0.0,1.0,0.0,0.0,0.0,0.0,0.0,0.0,0.0,0.0,MAc,TRX,None,5.0,0.0,0.21,1.0,623,1,6.0,0.2516198704103672,1.2580993520518362,0.02656,0.1328,0.3341511879049677,10.1021/acs.iecr.6b03079,,1.0053234973701344,0.20921748648747066,0.041843497297494134,0.0,0.0,0.33340898646643324,0.33340898646643324
0.0,0.0,0.0,0.0,0.0,0.0,0.0,0.0,0.0,0.0,0.0,0.0,0.0,0.0,0.0,0.0,0.0,0.0,0.0,0.0,0.0,0.0,0.0,0.0,0.0,0.0,0.0,0.0,0.0,1.0,0.0,0.0,0.0,0.0,MAc,TRX,None,5.0,0.0,0.21,1.0,623,1,6.0,0.2516198704103672,1.2580993520518362,0.01608,0.0804,0.20230237580993526,10.1021/acs.iecr.6b03079,,1.0053234973701344,0.20921748648747066,0.041843497297494134,0.0,0.0,0.2018530309631117,0.2018530309631117
0.0,0.0,0.0,0.0,0.0,0.0,0.0,0.0,0.0,0.0,0.0,0.0,0.0,0.0,0.0,0.0,0.0,0.0,0.0,0.0,0.0,0.0,0.0,0.0,0.0,0.0,0.0,0.0,0.0,0.0,0.0,0.0,0.0,1.0,MAc,TRX,None,5.0,0.0,0.21,1.0,623,1,6.0,0.2516198704103672,1.2580993520518362,0.01996,0.0998,0.2511166306695465,10.1021/acs.iecr.6b03079,,1.0053234973701344,0.20921748648747066,0.041843497297494134,0.0,0.0,0.25055886181739484,0.25055886181739484
0.0,0.0,0.0,0.0,0.0,0.0,0.0,0.0,0.0,0.0,0.0,0.0,0.0,0.0,0.0,0.0,0.0,0.0,0.0,0.0,0.0,0.0,0.0,0.0,1.0,0.0,0.0,0.0,0.0,0.0,0.0,0.0,0.0,0.0,MAc,TRX,None,5.0,0.0,0.21,1.0,623,1,6.0,0.2516198704103672,1.2580993520518362,0.00442,0.0221,0.05560799136069117,10.1021/acs.iecr.6b03079,,1.0053234973701344,0.20921748648747066,0.041843497297494134,0.0,0.0,0.055484477416477225,0.055484477416477225
0.8999853638612879,0.0,0.0,0.0,0.0,0.0,0.0,0.0,0.0,0.0,0.0,0.0,0.0,0.0,0.0,0.0,0.0,0.0,0.0,0.0,0.0,0.05000731806935607,0.0,0.0,0.0,0.0,0.0,0.0,0.0,0.0,0.05000731806935606,0.0,0.0,0.0,MAc,TRX,None,5.0,0.0,0.21,1.0,623,1,6.0,0.2516198704103672,1.2580993520518362,0.07728,0.3864,0.972259179265659,10.1021/acs.iecr.6b03079,1,1.0053234973701344,0.20921748648747066,0.041843497297494134,0.0,0.0,0.970099641345104,0.970099641345104
0.0,0.0,0.0,0.0,0.0,0.0,0.0,0.0,0.0,0.0,0.0,0.0,0.0,0.0,0.0,0.0,0.0,0.0,0.0,0.0,0.0,0.5454545454545454,0.0,0.0,0.0,0.0,0.0,0.0,0.0,0.0,0.45454545454545453,0.0,0.0,0.0,MAc,TRX,None,5.0,0.0,0.21,2.0,643,1,3.0,0.2516198704103672,1.2580993520518362,0.14934,0.7467,3.7576911447084242,10.1021/acs.iecr.7b01212,1,1.0053234973701344,0.4184349729749413,0.08368699459498827,0.0,0.0,3.749344731844664,3.7493447318446647
0.0,0.0,0.0,0.0,0.0,0.0,0.0,0.0,0.0,0.0,0.0,0.0,0.0,0.0,0.0,0.0,0.0,0.0,0.0,0.0,0.0,0.5454545454545454,0.0,0.0,0.0,0.0,0.0,0.0,0.0,0.0,0.45454545454545453,0.0,0.0,0.0,MAc,TRX,None,5.0,0.0,0.0,2.0,643,1,3.0,0.2516198704103672,1.2580993520518362,0.08254,0.4127,2.076870410367171,10.1021/acs.iecr.7b01212,,1.0053234973701344,0.4184349729749413,0.08368699459498827,0.0,0.0,2.072257360161099,2.0722573601610996
0.0,0.0,0.0,0.0,0.0,0.0,0.0,0.0,0.0,0.0,0.0,0.0,0.0,0.0,0.0,0.0,0.0,0.0,0.0,0.0,0.0,0.5121951219512195,0.0,0.0,0.0,0.0,0.0,0.0,0.0,0.0,0.4878048780487804,0.0,0.0,0.0,MAc,TRX,None,2.5,0.0,0.21,2.0,643,1,3.0,0.5032397408207344,1.258099352051836,0.22000000000000003,0.55,5.535637149028079,10.1002/ceat.201700500,,1.0806356377752255,0.41840342802863045,0.16736137121145217,0.0,0.0,5.522925249977923,5.522925249977923
0.0,0.0,0.0,0.0,0.0,0.0,0.0,0.0,0.0,0.0,0.0,0.0,0.0,0.0,0.0,0.0,0.0,0.0,0.0,0.0,0.0,0.5121951219512195,0.0,0.0,0.0,0.0,0.0,0.0,0.0,0.0,0.4878048780487804,0.0,0.0,0.0,MAc,TRX,None,5.0,0.0,0.0,1.6666666666666667,643,1,3.0,0.20968322534197267,1.0484161267098635,0.061,0.305,1.2790676745860332,10.1016/j.cattod.2018.06.019,VPO,1.0053234973701344,0.34869581081245116,0.06973916216249024,0.0,0.0,1.2762266675735712,1.2762266675735714
0.0,0.0,0.0,0.0,0.0,0.0,0.0,0.0,0.0,0.0,0.0,0.0,0.0,0.0,0.0,0.0,0.0,0.0,0.0,0.0,0.0,0.5072463768115942,0.0,0.0,0.0,0.0,0.0,0.0,0.0,0.0,0.48309178743961345,0.0,0.0,0.00966183574879227,MAc,TRX,None,5.0,0.0,0.0,1.6666666666666667,643,1,3.0,0.20968322534197267,1.0484161267098635,0.08020000000000001,0.401,1.6816594672426213,10.1016/j.cattod.2018.06.019,VPO-Zr,1.0053234973701344,0.34869581081245116,0.06973916216249024,0.0,0.0,1.677924241629515,1.6779242416295153
0.0,0.0,0.0,0.0,0.0,0.0,0.0,0.0,0.0,0.0,0.0,0.0,0.0,0.0,0.0,0.0,0.0,0.0,0.0,0.0,0.0,0.5121951219512195,0.0,0.0,0.0,0.0,0.0,0.0,0.0,0.0,0.4878048780487804,0.0,0.0,0.0,MAc,TRX,None,5.0,0.0,0.0,2.0,653,1,3.0,0.2516198704103672,1.2580993520518362,0.030760686695278965,0.15380343347639483,0.774,10.1021/acs.iecr.7b03521,,1.0053234973701344,0.4184349729749413,0.08368699459498827,0.0,0.0,0.7722808263617814,0.7722808263617815
0.0,0.0,0.0,0.0,0.0,0.0,0.0,0.0,0.0,0.0,0.009661835748792268,0.0,0.0,0.0,0.0,0.0,0.0,0.0,0.0,0.0,0.0,0.5072463768115942,0.0,0.0,0.0,0.0,0.0,0.0,0.0,0.0,0.48309178743961345,0.0,0.0,0.0,MAc,TRX,None,5.0,0.0,0.0,2.0,653,1,3.0,0.2516198704103672,1.2580993520518362,0.031237596566523595,0.15618798283261798,0.7859999999999999,10.1021/acs.iecr.7b03521,,1.0053234973701344,0.4184349729749413,0.08368699459498827,0.0,0.0,0.7842541725069252,0.7842541725069253
0.0,0.0,0.0,0.0,0.0,0.0,0.0,0.0,0.0,0.00966183574879227,0.0,0.0,0.0,0.0,0.0,0.0,0.0,0.0,0.0,0.0,0.0,0.5072463768115942,0.0,0.0,0.0,0.0,0.0,0.0,0.0,0.0,0.4830917874396135,0.0,0.0,0.0,MAc,TRX,None,5.0,0.0,0.0,2.0,653,1,3.0,0.2516198704103672,1.2580993520518362,0.03147605150214592,0.1573802575107296,0.792,10.1021/acs.iecr.7b03521,,1.0053234973701344,0.4184349729749413,0.08368699459498827,0.0,0.0,0.7902408455794973,0.7902408455794974
0.0,0.0,0.0,0.0,0.0,0.0,0.00966183574879227,0.0,0.0,0.0,0.0,0.0,0.0,0.0,0.0,0.0,0.0,0.0,0.0,0.0,0.0,0.5072463768115942,0.0,0.0,0.0,0.0,0.0,0.0,0.0,0.0,0.4830917874396135,0.0,0.0,0.0,MAc,TRX,None,5.0,0.0,0.0,2.0,653,1,3.0,0.2516198704103672,1.2580993520518362,0.033622145922746774,0.16811072961373388,0.846,10.1021/acs.iecr.7b03521,,1.0053234973701344,0.4184349729749413,0.08368699459498827,0.0,0.0,0.8441209032326448,0.8441209032326449
0.0,0.0,0.0,0.009661835748792272,0.0,0.0,0.0,0.0,0.0,0.0,0.0,0.0,0.0,0.0,0.0,0.0,0.0,0.0,0.0,0.0,0.0,0.5072463768115942,0.0,0.0,0.0,0.0,0.0,0.0,0.0,0.0,0.4830917874396135,0.0,0.0,0.0,MAc,TRX,None,5.0,0.0,0.0,2.0,653,1,3.0,0.2516198704103672,1.2580993520518362,0.03600669527896995,0.18003347639484976,0.9059999999999999,10.1021/acs.iecr.7b03521,,1.0053234973701344,0.4184349729749413,0.08368699459498827,0.0,0.0,0.9039876339583642,0.9039876339583643
0.0,0.0,0.0,0.0,0.0,0.0,0.0,0.0,0.0,0.0,0.0,0.00966183574879227,0.0,0.0,0.0,0.0,0.0,0.0,0.0,0.0,0.0,0.5072463768115942,0.0,0.0,0.0,0.0,0.0,0.0,0.0,0.0,0.48309178743961345,0.0,0.0,0.0,MAc,TRX,None,5.0,0.0,0.0,2.0,653,1,3.0,0.2516198704103672,1.2580993520518362,0.036483605150214586,0.18241802575107294,0.918,10.1021/acs.iecr.7b03521,,1.0053234973701344,0.4184349729749413,0.08368699459498827,0.0,0.0,0.9159609801035081,0.9159609801035082
0.0,0.0,0.0,0.0,0.0,0.0,0.0,0.0,0.0,0.0,0.0,0.0,0.0,0.0,0.0,0.0,0.0,0.0,0.0,0.0,0.00966183574879227,0.5072463768115942,0.0,0.0,0.0,0.0,0.0,0.0,0.0,0.0,0.48309178743961345,0.0,0.0,0.0,MAc,TRX,None,5.0,0.0,0.0,2.0,653,1,3.0,0.2516198704103672,1.2580993520518362,0.03743742489270385,0.18718712446351926,0.942,10.1021/acs.iecr.7b03521,,1.0053234973701344,0.4184349729749413,0.08368699459498827,0.0,0.0,0.9399076723937958,0.939907672393796
0.0,0.0,0.0,0.0,0.0,0.00966183574879227,0.0,0.0,0.0,0.0,0.0,0.0,0.0,0.0,0.0,0.0,0.0,0.0,0.0,0.0,0.0,0.5072463768115941,0.0,0.0,0.0,0.0,0.0,0.0,0.0,0.0,0.4830917874396135,0.0,0.0,0.0,MAc,TRX,None,5.0,0.0,0.0,2.0,653,1,3.0,0.2516198704103672,1.2580993520518362,0.04029888412017166,0.2014944206008583,1.0139999999999998,10.1021/acs.iecr.7b03521,,1.0053234973701344,0.4184349729749413,0.08368699459498827,0.0,0.0,1.0117477492646592,1.0117477492646592
0.0,0.0,0.009661835748792272,0.0,0.0,0.0,0.0,0.0,0.0,0.0,0.0,0.0,0.0,0.0,0.0,0.0,0.0,0.0,0.0,0.0,0.0,0.5072463768115942,0.0,0.0,0.0,0.0,0.0,0.0,0.0,0.0,0.48309178743961356,0.0,0.0,0.0,MAc,TRX,None,5.0,0.0,0.0,2.0,653,1,3.0,0.2516198704103672,1.2580993520518362,0.04149115879828326,0.20745579399141628,1.044,10.1021/acs.iecr.7b03521,,1.0053234973701344,0.4184349729749413,0.08368699459498827,0.0,0.0,1.0416811146275191,1.0416811146275191
0.0,0.0,0.0,0.0,0.0,0.0,0.0,0.0,0.0,0.0,0.0,0.0,0.0,0.0,0.0,0.0,0.0,0.0,0.0,0.0,0.0,0.5072463768115942,0.0,0.0,0.0,0.0,0.0,0.0,0.0,0.0,0.48309178743961345,0.0,0.0,0.00966183574879227,MAc,TRX,None,5.0,0.0,0.0,2.0,653,1,3.0,0.2516198704103672,1.2580993520518362,0.044352618025751064,0.22176309012875534,1.116,10.1021/acs.iecr.7b03521,1,1.0053234973701344,0.4184349729749413,0.08368699459498827,0.0,0.0,1.1135211914983825,1.1135211914983827
0.0,0.1455794859253526,0.0,0.0,0.0,0.0,0.0,0.0,0.0,0.0,0.0,0.0,0.0,0.0,0.0,0.0,0.0,0.0,0.0,0.0,0.0,0.04852649530845087,0.0,0.0,0.0,0.7913360701736613,0.0,0.0,0.0,0.0,0.0,0.014557948592535263,0.0,0.0,HAc,FORM,"MeOH 
 + H$_2$O",1.0,0.0,0.0,,653,1,3.5,,,0.5061599999999999,0.5061599999999999,,10.15587/1729-4061.2013.19130,,,,,,,,
0.0,0.15857193320546492,0.0,0.0,0.0,0.0,0.0,0.0,0.0,0.0,0.0,0.0,0.0,0.0,0.0,0.0,0.0,0.0,0.0,0.0,0.0,0.05285731106848831,0.0,0.0,0.0,0.7727135624055003,0.0,0.0,0.0,0.0,0.009514315992327896,0.006342877328218597,0.0,0.0,HAc,FORM,"MeOH 
 + H$_2$O",1.0,0.0,0.0,,593,1,3.5,,,0.572507,0.572507,,10.15587/1729-4061.2015.37405,,,,,,,,
0.0,0.0,0.0,0.0,0.0,0.0,0.0,0.0,0.0,0.0,0.0,0.0,0.0,0.0,0.0,0.0,0.0,0.0,0.0,0.0,0.0,0.6666666666666666,0.0,0.0,0.0,0.0,0.0,0.0,0.0,0.3333333333333333,0.0,0.0,0.0,0.0,HAc,FORM,"MeOH 
 + H$_2$O",1.0,0.0,0.0,,623,1,3.5,,,0.1374831,0.1374831,,10.1109/NAP.2017.8190167,,,,,,,,
0.0,0.0,0.0,0.0,0.0,0.0,0.0,0.0,0.0,0.0,0.0,0.0,0.0,0.0,0.0,0.0,0.0,0.0,0.0,0.0,0.0,0.6666666666666666,0.0,0.0,0.0,0.0,0.0,0.0,0.0,0.19999999999999996,0.13333333333333333,0.0,0.0,0.0,HAc,FORM,"MeOH 
 + H$_2$O",1.0,0.0,0.0,,623,1,3.5,,,0.31,0.31,,10.1109/NAP.2017.8190167,,,,,,,,
0.0,0.0,0.0,0.0,0.0,0.0,0.0,0.0,0.0,0.0,0.0,0.0,0.0,0.0,0.0,0.0,0.0,0.0,0.0,0.0,0.0,0.6666666666666666,0.0,0.0,0.0,0.0,0.0,0.0,0.0,0.19999999999999996,0.13333333333333333,0.0,0.0,0.0,HAc,FORM,"MeOH 
 + H$_2$O",1.0,0.0,0.0,,623,1,3.5,,,0.0198,0.0198,,10.1109/NAP.2017.8190167,,,,,,,,
0.0,0.0,0.0,0.0,0.0,0.0,0.0,0.0,0.0,0.0,0.0,0.0,0.0,0.0,0.0,0.0,0.0,0.0,0.0,0.0,0.0,0.6666666666666666,0.0,0.0,0.0,0.0,0.0,0.0,0.0,0.19999999999999996,0.13333333333333333,0.0,0.0,0.0,HAc,FORM,"MeOH 
 + H$_2$O",1.0,0.0,0.0,,623,1,3.5,,,0.28956,0.28956,,10.1109/NAP.2017.8190167,,,,,,,,
0.0,0.0,0.0,0.0,0.0,0.0,0.0,0.0,0.0,0.0,0.0049751243781094535,0.0,0.0,0.0,0.0,0.0,0.0,0.0,0.0,0.0,0.0,0.7462686567164178,0.0,0.0,0.0,0.0,0.0,0.0,0.0,0.24875621890547264,0.0,0.0,0.0,0.0,HAc,FORM,"MeOH 
 + H$_2$O",1.0,0.0,0.0,,623,1,2.5,,,0.010400000000000001,0.010400000000000001,,10.1007/s11144-018-1443-8,,,,,,,,
0.0,0.0,0.0,0.0,0.0,0.0,0.0,0.0,0.0,0.0,0.0049751243781094535,0.0,0.0,0.0,0.0,0.0,0.0,0.0,0.0,0.0,0.0,0.7462686567164178,0.0,0.0,0.0,0.0,0.0,0.0,0.0,0.24875621890547264,0.0,0.0,0.0,0.0,HAc,FORM,"MeOH 
 + H$_2$O",1.0,0.0,0.0,,653,1,2.5,,,0.357,0.357,,10.1007/s11144-018-1443-8,,,,,,,,
0.0,0.0,0.0,0.0,0.0,0.0,0.0,0.0,0.0,0.0,0.0049751243781094535,0.0,0.0,0.0,0.0,0.0,0.0,0.0,0.0,0.0,0.0,0.7462686567164178,0.0,0.0,0.0,0.0,0.0,0.0,0.0,0.24875621890547264,0.0,0.0,0.0,0.0,HAc,FORM,"MeOH 
 + H$_2$O",1.0,0.0,0.0,,653,1,2.5,,,0.44800000000000006,0.44800000000000006,,10.1007/s11144-018-1443-8,,,,,,,,
0.0,0.0,0.0,0.0,0.0,0.0,0.0,0.0,0.0,0.0,0.0049751243781094535,0.0,0.0,0.0,0.0,0.0,0.0,0.0,0.0,0.0,0.0,0.7462686567164178,0.0,0.0,0.0,0.0,0.0,0.0,0.0,0.24875621890547264,0.0,0.0,0.0,0.0,HAc,FORM,"MeOH 
 + H$_2$O",1.0,0.0,0.0,,623,1,2.5,,,0.6080000000000001,0.6080000000000001,,10.1007/s11144-018-1443-8,,,,,,,,
0.0,0.15857193320546492,0.0,0.0,0.0,0.0,0.0,0.0,0.0,0.0,0.0,0.0,0.0,0.0,0.0,0.0,0.0,0.0,0.0,0.0,0.0,0.05285731106848831,0.0,0.0,0.0,0.7727135624055003,0.0,0.0,0.0,0.0,0.009514315992327896,0.006342877328218597,0.0,0.0,HAc,FORM,"MeOH 
 + H$_2$O",1.0,0.0,0.0,,653,1,3.5,,,0.56997,0.56997,,10.1016/j.apcata.2020.117472,,,,,,,,
0.0,0.15857193320546492,0.0,0.0,0.0,0.0,0.0,0.0,0.0,0.0,0.0,0.0,0.0,0.0,0.0,0.0,0.0,0.0,0.0,0.0,0.0,0.05285731106848831,0.0,0.0,0.0,0.7727135624055003,0.0,0.0,0.0,0.0,0.009514315992327896,0.006342877328218597,0.0,0.0,HAc,FORM,"MeOH 
 + H$_2$O",1.0,0.0,0.0,,653,1,3.5,,,0.676035,0.676035,,10.1016/j.apcata.2020.117472,,,,,,,,
0.0,0.0,0.0,0.0,0.0,0.0,0.0,0.0,0.0,0.0,0.0,0.0,0.0,0.0,0.0,0.0,0.0,0.0,0.0,0.0,0.0,0.6666666666666666,0.0,0.0,0.0,0.0,0.0,0.0,0.0,0.0,0.3333333333333333,0.0,0.0,0.0,HAc,FORM,"MeOH 
 + H$_2$O",1.0,0.0,0.0,,683,1,,,,0.034128,0.034128,,10.1007/s11237-020-09658-y,,,,,,,,
0.0,0.15857193320546492,0.0,0.0,0.0,0.0,0.0,0.0,0.0,0.0,0.0,0.0,0.0,0.0,0.0,0.0,0.0,0.0,0.0,0.0,0.0,0.05285731106848831,0.0,0.0,0.0,0.7727135624055003,0.0,0.0,0.0,0.0,0.009514315992327896,0.006342877328218597,0.0,0.0,HAc,FORM,"MeOH 
 + H$_2$O",1.0,0.0,0.0,,648,1,0.88,,,0.572,0.572,,10.1007/s11237-020-09658-y,,,,,,,,
0.0,0.15857193320546492,0.0,0.0,0.0,0.0,0.0,0.0,0.0,0.0,0.0,0.0,0.0,0.0,0.0,0.0,0.0,0.0,0.0,0.0,0.0,0.05285731106848831,0.0,0.0,0.0,0.7727135624055003,0.0,0.0,0.0,0.0,0.009514315992327896,0.006342877328218597,0.0,0.0,HAc,FORM,"MeOH 
 + H$_2$O",1.0,0.0,0.0,,648,1,0.88,,,0.676,0.676,,10.1007/s11237-020-09658-y,,,,,,,,
0.0,0.21032085411688747,0.0,0.0,0.0,0.0,0.0,0.0,0.0,0.0,0.0,0.0,0.0,0.0,0.0,0.0,0.0,0.0,0.0,0.0,0.0,0.07010695137229582,0.0,0.0,0.0,0.0,0.08171839895766621,0.0,0.0,0.6168217101414617,0.012619251247013248,0.008412834164675498,0.0,0.0,HAc,FORM,"MeOH 
 + H$_2$O",1.0,0.0,0.0,,648,1,0.88,,,0.059,0.059,,10.1007/s11237-020-09658-y,,,,,,,,
0.8002711882858964,0.13934568259123511,0.0,0.0,0.0,0.0,0.0,0.0,0.0,0.0,0.0,0.0,0.0,0.0,0.0,0.0,0.0,0.0,0.0,0.0,0.0,0.04644856086374505,0.0,0.0,0.0,0.0,0.0,0.0,0.0,0.0,0.008360740955474108,0.005573827303649405,0.0,0.0,HAc,FORM,"MeOH 
 + H$_2$O",1.0,0.0,0.0,,648,1,0.88,,,0.437,0.437,,10.1007/s11237-020-09658-y,,,,,,,,
0.0,0.1961057322957172,0.0,0.0,0.0,0.0,0.0,0.0,0.0,0.0,0.0,0.0,0.0,0.0,0.0,0.0,0.0,0.0,0.0,0.0,0.0,0.06536857743190574,0.0,0.0,0.0,0.0,0.0,0.0,0.0,0.7189151170428053,0.011766343937743033,0.007844229291828687,0.0,0.0,HAc,FORM,"MeOH 
 + H$_2$O",1.0,0.0,0.0,,648,1,0.88,,,0.58696,0.58696,,10.1007/s11237-020-09658-y,,,,,,,,
0.0,0.0,0.0,0.0,0.0,0.0,0.0,0.0,0.0,0.0,0.0,0.0,0.0,0.0,0.0,0.0,0.0,0.0,0.0,0.0,0.0,0.0527927741289028,0.0,0.0,0.0,0.9208108388066458,0.0,0.0,0.0,0.0,0.026396387064451403,0.0,0.0,0.0,HAc,FORM,"MeOH 
 + H$_2$O",3.0,0.0,0.0,2.6666666666666665,623,1,3.0,0.5415746152096682,1.6247238456290043,0.06166666666666667,0.185,2.003826076275772,10.1016/j.jiec.2016.06.018,,1.06210584973537,0.5419346429431326,0.18064488098104423,0.0,0.0,2.005158178889591,2.005158178889591
0.0,0.0,0.0,0.0,0.0,0.0,0.0,0.0,0.0,0.0,0.0,0.0,0.0,0.0,0.0,0.0,0.0,0.0,0.0,0.0,0.0,0.0527927741289028,0.0,0.0,0.0,0.9208108388066458,0.0,0.0,0.0,0.0,0.026396387064451403,0.0,0.0,0.0,HAc,FORM,"MeOH 
 + H$_2$O",3.0,0.0,0.0,2.6666666666666665,623,1,3.0,0.5415746152096682,1.6247238456290043,0.1008,0.3024,3.275443272788073,10.1016/j.jiec.2016.06.018,,1.06210584973537,0.5419346429431326,0.18064488098104423,0.0,0.0,3.277620720520066,3.2776207205200665
0.002550807320071929,0.0,0.0,0.0,0.0,0.0,0.0,0.0,0.0,0.0,0.0,0.0,0.0,0.0,0.0,0.0,0.0,0.0,0.0,0.0,0.0,0.05277237163602234,0.0,0.0,0.0,0.9182906352258945,0.0,0.0,0.0,0.0,0.026386185818011176,0.0,0.0,0.0,HAc,FORM,"MeOH 
 + H$_2$O",3.0,0.0,0.0,2.6666666666666665,623,1,3.0,0.5415746152096682,1.6247238456290043,0.07653333333333333,0.2296,2.486910633042796,10.1016/j.jiec.2016.06.018,,1.06210584973537,0.5419346429431326,0.18064488098104423,0.0,0.0,2.488563880394865,2.4885638803948655
0.0,0.0,0.0,0.0,0.0,0.0,0.0,0.0,0.0,0.0,0.0,0.0,0.0,0.0,0.0,0.0,0.0,0.0,0.0,0.0,0.0,0.0527927741289028,0.0,0.0,0.0,0.9208108388066458,0.0,0.0,0.0,0.0,0.026396387064451403,0.0,0.0,0.0,HAc,FORM,"MeOH 
 + H$_2$O",3.0,0.0,0.0,2.6666666666666665,643,1,3.0,0.5415746152096682,1.6247238456290043,0.08904133333333332,0.267124,2.893351550265347,10.1016/j.jiec.2016.06.018,,1.06210584973537,0.5419346429431326,0.18064488098104423,0.0,0.0,2.895274991230827,2.8952749912308273
0.0,0.0,0.0,0.0,0.0,0.0,0.0,0.0,0.0,0.0,0.0,0.0,0.0,0.0,0.0,0.0,0.0,0.0,0.0,0.0,0.0,0.0527927741289028,0.0,0.0,0.0,0.9208108388066458,0.0,0.0,0.0,0.0,0.026396387064451403,0.0,0.0,0.0,HAc,FORM,"MeOH 
 + H$_2$O",3.0,0.0,0.0,2.6666666666666665,643,1,3.0,0.5415746152096682,1.6247238456290043,0.16648300000000002,0.49944900000000003,5.409777999837072,10.1016/j.jiec.2016.06.018,,1.06210584973537,0.5419346429431326,0.18064488098104423,0.0,0.0,5.413374309666094,5.413374309666094
0.002550807320071929,0.0,0.0,0.0,0.0,0.0,0.0,0.0,0.0,0.0,0.0,0.0,0.0,0.0,0.0,0.0,0.0,0.0,0.0,0.0,0.0,0.05277237163602234,0.0,0.0,0.0,0.9182906352258945,0.0,0.0,0.0,0.0,0.026386185818011176,0.0,0.0,0.0,HAc,FORM,"MeOH 
 + H$_2$O",3.0,0.0,0.0,2.6666666666666665,643,1,3.0,0.5415746152096682,1.6247238456290043,0.12983466666666668,0.389504,4.218909578452532,10.1016/j.jiec.2016.06.018,,1.06210584973537,0.5419346429431326,0.18064488098104423,0.0,0.0,4.221714223298439,4.221714223298439
0.0,0.0,0.0,0.0,0.0,0.0,0.0,0.0,0.0,0.0,0.0,0.0,0.0,0.0,0.0,0.0,0.0,0.0,0.0,0.0,0.0,0.1119651904840146,0.0,0.0,0.0,0.8371415411141605,0.0,0.0,0.0,0.0,0.050893268401824815,0.0,0.0,0.0,HAc,TRX,None,3.0,0.0,0.0,2.3423111571442603,633,1,3.0,0.6819551495543504,2.0458654486630508,0.18783333333333332,0.5635,7.685634535477528,10.1039/C7RA09778F,,1.224814764103612,0.6824857948888823,0.22749526496296077,0.0,0.0,7.691614908397702,7.691614908397704
0.0,0.0,0.0,0.0,0.0,0.002466470209668792,0.0,0.0,0.0,0.0,0.0,0.0,0.0,0.0,0.0,0.0,0.0,0.0,0.0,0.0,0.0,0.10852468922542682,0.0,0.0,0.0,0.8396794363715286,0.0,0.0,0.0,0.0,0.04932940419337582,0.0,0.0,0.0,HAc,TRX,None,3.0,0.0,0.0,2.3423111571442603,633,1,3.0,0.6819551495543504,2.0458654486630508,0.247,0.741,10.106575316395473,10.1039/C7RA09778F,,1.224814764103612,0.6824857948888823,0.22749526496296077,0.0,0.0,10.114439480253235,10.114439480253235
0.0,0.0,0.0,0.0,0.0,0.0,0.0,0.0,0.009205940923282686,0.0,0.0,0.0,0.0,0.0,0.0,0.0,0.0,0.0,0.0,0.0,0.0,0.10126535015610953,0.0,0.0,0.0,0.8434990043041944,0.0,0.0,0.0,0.0,0.046029704616413425,0.0,0.0,0.0,HAc,TRX,None,3.0,0.0,0.0,2.3423111571442603,633,1,3.0,0.6819551495543504,2.0458654486630508,0.2556966666666667,0.76709,10.462419513432934,10.1039/C7RA09778F,,1.224814764103612,0.6824857948888823,0.22749526496296077,0.0,0.0,10.470560568026256,10.470560568026256
0.0,0.0,0.0,0.0,0.0,0.0,0.0,0.0,0.0,0.0,0.0,0.0,0.0,0.0,0.0,0.0,0.0,0.0,0.0,0.0024680399940720807,0.0,0.10859375973917153,0.0,0.0,0.0,0.8395774003853146,0.0,0.0,0.0,0.0,0.049360799881441604,0.0,0.0,0.0,HAc,TRX,None,3.0,0.0,0.0,2.3423111571442603,633,1,3.0,0.6819551495543504,2.0458654486630508,0.2354833333333333,0.7064499999999999,9.635344308053416,10.1039/C7RA09778F,,1.224814764103612,0.6824857948888823,0.22749526496296077,0.0,0.0,9.642841795985015,9.642841795985017
0.0,0.0,0.0,0.0,0.0,0.0,0.0,0.0,0.0,0.0,0.0,0.0,0.0,0.0,0.0,0.0,0.0,0.0,0.0,0.0,0.0,0.0,0.0,0.0,0.0,0.9027351495355318,0.0,0.0,0.0,0.0,0.0,0.09726485046446812,0.0,0.0,HAc,TRX,None,3.0,0.0,0.0,2.295081967213115,673,1,3.0,0.6660957274716911,1.9982871824150732,0.11947833333333334,0.358435,4.775040441526312,10.1002/jctb.6360,,1.224814764103612,0.6687244928800516,0.22290816429335056,0.0,0.0,4.793885272109226,4.793885272109226
0.0,0.0,0.0,0.0,0.0,0.0,0.0,0.0,0.0,0.0,0.0,0.0,0.0,0.0,0.0,0.0,0.0,0.0,0.0,0.0,0.0,0.008077719037629539,0.0,0.0,0.0,0.8949896525108159,0.0,0.0,0.0,0.0,0.0,0.09693262845155447,0.0,0.0,HAc,TRX,None,3.0,0.0,0.0,2.295081967213115,673,1,3.0,0.6660957274716911,1.9982871824150732,0.14132533333333333,0.42397599999999996,5.648172043010754,10.1002/jctb.6360,1,1.224814764103612,0.6687244928800516,0.22290816429335056,0.0,0.0,5.670462711866255,5.670462711866255
0.0,0.0,0.0,0.0,0.0,0.0,0.0,0.0,0.0,0.0,0.0,0.0,0.0,0.0,0.0,0.0,0.14485991734358356,0.0,0.0,0.0,0.0,0.012071659778631963,0.0,0.0,0.0,0.8430684228777845,0.0,0.0,0.0,0.0,0.0,0.0,0.0,0.0,HAc,TRX,None,3.0,0.0,0.0,2.295081967213115,633,1,3.0,0.6660957274716911,1.9982871824150732,0.10197667999999999,0.30593003999999996,4.0755738509848705,10.1002/jctb.6360,,1.224814764103612,0.6687244928800516,0.22290816429335056,0.0,0.0,4.091658217115478,4.091658217115478
0.0,0.0,0.0,0.0,0.0,0.0,0.0,0.0,0.0,0.0,0.0,0.0,0.0,0.0,0.0,0.0,0.0,0.0,0.0,0.0,0.0,0.4854368932038835,0.0,0.2572815533980583,0.0,0.0,0.0,0.0,0.0,0.25728155339805825,0.0,0.0,0.0,0.0,HAc,FORM,"MeOH 
 + H$_2$O",0.2,0.0,0.0,1.0,633,1,3.0,0.5820064672811631,0.11640129345623262,0.355,0.071,0.8264491835392516,10.1016/j.cej.2022.137324,,1.0846736876535956,0.03880535639553538,0.1940267819776769,0.0,0.0,0.8265540912249036,0.8265540912249035
0.0,0.0,0.0,0.0,0.0,0.0,0.0,0.0,0.0,0.0,0.0,0.0,0.0,0.0,0.0,0.0,0.0,0.0,0.0,0.0,0.0,0.4854368932038835,0.0,0.2572815533980583,0.0,0.0,0.0,0.0,0.0,0.25728155339805825,0.0,0.0,0.0,0.0,HAc,FORM,"MeOH 
 + H$_2$O",2.5,0.0,0.0,1.0,633,1,3.0,0.22980772868652016,0.5745193217163006,0.1785,0.44625,2.051033978527193,10.1016/j.cej.2022.137324,,1.0636978963103265,0.191626484000536,0.0766505936002144,0.0,0.0,2.0523196436457405,2.0523196436457405
0.0,0.0,0.0,0.0,0.0,0.0,0.0,0.0,0.0,0.0,0.0,0.0,0.0,0.0,0.0,0.0,0.0,0.0,0.0,0.0,0.0,0.4854368932038835,0.0,0.2572815533980583,0.0,0.0,0.0,0.0,0.0,0.25728155339805825,0.0,0.0,0.0,0.0,HAc,FORM,"MeOH 
 + H$_2$O",0.4,0.0,0.0,1.66,633,1,3.0,0.8525175693665376,0.341007027746615,0.33480000000000004,0.13392,2.2833830577913345,10.1016/j.cej.2022.137324,,1.0805991693201102,0.11369447595786832,0.28423618989467075,0.0,0.0,2.283894633041659,2.2838946330416587
0.0,0.0,0.0,0.0,0.0,0.0,0.0,0.0,0.0,0.0,0.0,0.0,0.0,0.0,0.0,0.0,0.0,0.0,0.0,0.0,0.0,0.4854368932038835,0.0,0.2572815533980583,0.0,0.0,0.0,0.0,0.0,0.25728155339805825,0.0,0.0,0.0,0.0,HAc,FORM,"MeOH 
 + H$_2$O",0.4,0.0,0.0,1.0,633,1,3.0,0.5135648008232154,0.2054259203292862,0.315071,0.1260284,1.2944750028813707,10.1016/j.fuel.2023.128414,,1.0805991693201102,0.06849064816739056,0.1712266204184764,0.0,0.0,1.2947650205248746,1.2947650205248746
0.0,0.0,0.0,0.0,0.0,0.0,0.0,0.0,0.007749624534376078,0.0,0.0,0.0,0.0,0.0,0.0,0.0,0.0,0.0,0.0,0.0,0.0,0.4816749395464194,0.0,0.2552877179596023,0.0,0.0,0.0,0.0,0.0,0.25528771795960226,0.0,0.0,0.0,0.0,HAc,FORM,"MeOH 
 + H$_2$O",0.4,0.0,0.0,1.0,633,1,3.0,0.5135648008232154,0.2054259203292862,0.4298688,0.17194752000000002,1.7661238772169172,10.1016/j.fuel.2023.128414,,1.0805991693201102,0.06849064816739056,0.1712266204184764,0.0,0.0,1.7665195643363028,1.7665195643363028
0.0,0.0,0.0,0.0,0.0,0.0,0.0,0.0,0.007749624534376078,0.0,0.0,0.0,0.0,0.0,0.0,0.0,0.0,0.0,0.0,0.0,0.0,0.4816749395464194,0.0,0.2552877179596023,0.0,0.0,0.0,0.0,0.0,0.25528771795960226,0.0,0.0,0.0,0.0,HAc,FORM,"MeOH 
 + H$_2$O",2.5,0.0,0.0,1.0,633,1,3.0,0.22980772868652016,0.5745193217163006,0.2516138,0.6290344999999999,2.8911397942092174,10.1016/j.fuel.2023.128414,,1.0636978963103265,0.191626484000536,0.0766505936002144,0.0,0.0,2.892952069200844,2.8929520692008435
0.0,0.0,0.0,0.0,0.0,0.0,0.0,0.0,0.0,0.0,0.0,0.0,0.0,0.0,0.0,0.0,0.0,0.0,0.0,0.0,0.0,0.3472222222222222,0.0,0.3263888888888889,0.0,0.0,0.0,0.0,0.0,0.32638888888888895,0.0,0.0,0.0,0.0,HAc,FORM,"MeOH 
 + H$_2$O",0.4,0.0,0.21,1.0,633,1,2.0,0.3423765338821436,0.13695061355285745,0.39694186,0.158776744,1.6308429381543732,10.1039/D2CC06618A,,1.0805991693201102,0.06849064816739056,0.1712266204184764,0.0,0.0,1.6312083165701758,1.6312083165701758
0.0,0.0,0.0,0.0,0.0,0.0,0.0,0.0,0.0,0.0,0.0,0.0,0.0,0.0,0.0,0.0,0.0,0.0,0.0,0.0,0.0,0.3472222222222222,0.0,0.3263888888888889,0.0,0.0,0.0,0.0,0.0,0.32638888888888895,0.0,0.0,0.0,0.0,HAc,FORM,"MeOH 
 + H$_2$O",2.5,0.0,0.21,1.0,633,1,2.0,0.15320515245768015,0.38301288114420035,0.22883056,0.5720763999999999,2.629351562383224,10.1039/D2CC06618A,,1.0636978963103265,0.191626484000536,0.0766505936002144,0.0,0.0,2.6309997386804214,2.630999738680421
0.0,0.0,0.0,0.0,0.0,0.0,0.0,0.0,0.0,0.0,0.0,0.0,0.0,0.0,0.0,0.0,0.0,0.0,0.0,0.0,0.0,0.3472222222222222,0.0,0.3263888888888889,0.0,0.0,0.0,0.0,0.0,0.32638888888888895,0.0,0.0,0.0,0.0,HAc,FORM,"MeOH 
 + H$_2$O",2.5,0.0,0.21,5.0,633,1,2.0,0.7660257622884006,1.915064405721,0.1277268,0.319317,7.338151450099353,10.1039/D2CC06618A,1,1.0636978963103265,0.9581324200026798,0.38325296800107195,0.0,0.0,7.342751278991897,7.342751278991898
0.0,0.0,0.0,0.0,0.0,0.0,0.0,0.0,0.0,0.0,0.0,0.0,0.0,0.0,0.0,0.0,0.0,0.0,0.0,0.0,0.0,0.4126431684398502,0.0,0.2475859010639101,0.0,0.0,0.0,0.0,0.0,0.3397709304962398,0.0,0.0,0.0,0.0,HAc,MeOH,None,0.5,0.0,0.21,1.5,653,1,2.0,0.7232939622193159,0.36164698110965793,0.18324248601949428,0.09162124300974714,1.988072756399364,10.1016/j.jcat.2024.115612,1,0.8975130204360922,0.18076069854912033,0.36152139709824066,0.0,0.0,1.9873823866056721,1.9873823866056721
0.0,0.0,0.0,0.0,0.0,0.0,0.0,0.0,0.0,0.0,0.0,0.0,0.0,0.0,0.0,0.0,0.0,0.0,0.0,0.0,0.0,0.12129669885609431,0.0,0.0,0.0,0.8353830515524434,0.0,0.0,0.0,0.0,0.04332024959146226,0.0,0.0,0.0,MAc,DMM,None,1.6,0.0,0.0,,643,1,,,,0.07052561249999999,0.11284098,,10.4028/www.scientific.net/AMR.233-235.2859,,,,,,,,
0.0,0.0,0.0,0.0,0.0,0.0,0.0,0.0,0.0,0.0,0.0,0.0,0.0,0.0,0.0,0.0,0.0,0.0,0.0,0.0,0.0,0.12129669885609431,0.0,0.0,0.0,0.8353830515524434,0.0,0.0,0.0,0.0,0.04332024959146226,0.0,0.0,0.0,MAc,DMM,None,1.6,0.0,0.0,,673,1,,,,0.28848661875,0.46157858999999996,,10.4028/www.scientific.net/AMR.233-235.2859,,,,,,,,
0.0,0.0,0.0,0.0,0.0,0.0,0.0,0.0,0.0,0.0,0.0,0.0,0.0,0.0,0.0,0.0,0.0,0.0,0.0,0.0,0.0,0.10808480998906034,0.0,0.0,0.0,0.8378727850164095,0.0,0.0,0.0,0.0,0.05404240499453018,0.0,0.0,0.0,HAc,TRX,None,3.0,0.0,0.0,5.0,623,1,0.2,0.09704875566657417,0.29114626699972246,0.156672,0.470016,13.684340383014156,10.1016/j.apcata.2023.119441,VPO-SiO2,1.224814764103612,1.456864073774398,0.4856213579247994,0.0,0.0,13.69498848998295,13.694988489982949
0.0,0.0,0.0,0.0,0.0,0.0,0.0,0.0,0.0,0.0,0.0,0.0,0.0,0.0,0.007871341978548264,0.0,0.0,0.0,0.0,0.0,0.0,0.10495122638064354,0.0,0.0,0.0,0.8347018184504864,0.0,0.0,0.0,0.0,0.05247561319032176,0.0,0.0,0.0,HAc,TRX,None,3.0,0.0,0.0,5.0,623,1,0.2,0.09704875566657417,0.29114626699972246,0.19847757999999996,0.5954327399999999,17.335801950041628,10.1016/j.apcata.2023.119441,VPO1%Mg-SiO2,1.224814764103612,1.456864073774398,0.4856213579247994,0.0,0.0,17.349291345101037,17.34929134510104
0.0,0.0,0.0,0.0,0.007806814406935144,0.0,0.0,0.0,0.0,0.0,0.0,0.0,0.0,0.0,0.0,0.0,0.0,0.0,0.0,0.0,0.0,0.10409085875913526,0.0,0.0,0.0,0.836056897454362,0.0,0.0,0.0,0.0,0.052045429379567625,0.0,0.0,0.0,HAc,TRX,None,3.0,0.0,0.0,5.0,623,1,0.2,0.09704875566657417,0.29114626699972246,0.20087336,0.60262008,17.545058671107412,10.1016/j.apcata.2023.119441,VPO1%Ca-SiO2,1.224814764103612,1.456864073774398,0.4856213579247994,0.0,0.0,17.558710893741075,17.558710893741075
0.0,0.0,0.0,0.0,0.0,0.0,0.0,0.0,0.0,0.0,0.0,0.0,0.0,0.0,0.0,0.0,0.0,0.0,0.0,0.0,0.0,0.10158087092366878,0.0,0.0,0.0,0.8400101282952218,0.0,0.00761856531927516,0.0,0.0,0.0507904354618344,0.0,0.0,0.0,HAc,TRX,None,3.0,0.0,0.0,5.0,623,1,0.2,0.09704875566657417,0.29114626699972246,0.2068854,0.6206562,18.070173572023315,10.1016/j.apcata.2023.119441,VPO1%Sr-SiO2,1.224814764103612,1.456864073774398,0.4856213579247994,0.0,0.0,18.08423439890675,18.08423439890675
0.0,0.0,0.007431213098437053,0.0,0.0,0.0,0.0,0.0,0.0,0.0,0.0,0.0,0.0,0.0,0.0,0.0,0.0,0.0,0.0,0.0,0.0,0.09908284131249405,0.0,0.0,0.0,0.8439445249328219,0.0,0.0,0.0,0.0,0.04954142065624703,0.0,0.0,0.0,HAc,TRX,None,3.0,0.0,0.0,5.0,623,1,0.2,0.09704875566657417,0.29114626699972246,0.21824,0.65472,19.06192839300583,10.1016/j.apcata.2023.119441,VPO1%Ba-SiO2,1.224814764103612,1.456864073774398,0.4856213579247994,0.0,0.0,19.07676092763148,19.07676092763148
0.0,0.0,0.0,0.0,0.0,0.0,0.0,0.0,0.0,0.0,0.0,0.0,0.0,0.0,0.0,0.0,0.0,0.0,0.0,0.0,0.0,0.6250000000000001,0.0,0.0,0.0,0.0,0.0,0.0,0.0,0.25,0.12500000000000003,0.0,0.0,0.0,HAc,TRX,None,3.0,0.0,0.01,2.5,638,1,6.0,1.4557313349986125,4.367194004995837,0.180194,0.540582,7.869421565362199,10.19906/j.cnki.JFCT.2022036,1,1.224814764103612,0.728432036887199,0.2428106789623997,0.0,0.0,7.875544947291116,7.875544947291118
0.0,0.0,0.0,0.0,0.0,0.0,0.0,0.0,0.0,0.0,0.0,0.0,0.0,0.0,0.0,0.0,0.0,0.0,0.0,0.0,0.0,0.28887723180840874,0.0,0.0,0.0,0.4703917416845839,0.0,0.0,0.0,0.0,0.24073102650700723,0.0,0.0,0.0,HAc,TRX,None,5.0,0.0,0.0,2.0,623,1,3.0,0.3493755203996669,1.7468776019983345,0.08488,0.4244,2.9654994171523725,10.1039/D3CY00844D,,1.154896201133835,0.5827864242127061,0.11655728484254121,0.0,0.0,2.9680147012304694,2.9680147012304694
0.0,0.0,0.0,0.0,0.0,0.0,0.0,0.0,0.0,0.0,0.0,0.0,0.0,0.0,0.0,0.0,0.0,0.0,0.0,0.0,0.0,0.32697384857892436,0.0,0.0,0.0,0.0,0.0,0.0,0.0,0.40054794427197193,0.2724782071491036,0.0,0.0,0.0,HAc,TRX,None,5.0,0.0,0.0,2.0,623,1,3.0,0.3493755203996669,1.7468776019983345,0.09652,0.4826,3.3721725228975847,10.1039/D3CY00844D,,1.154896201133835,0.5827864242127061,0.11655728484254121,0.0,0.0,3.3750327399006235,3.375032739900623
0.5114282662476,0.0,0.0,0.0,0.0,0.0,0.0,0.0,0.0,0.0,0.0,0.0,0.0,0.0,0.0,0.0,0.0,0.0,0.0,0.0,0.0,0.26649367295585463,0.0,0.0,0.0,0.0,0.0,0.0,0.0,0.0,0.22207806079654552,0.0,0.0,0.0,HAc,TRX,None,5.0,0.0,0.0,2.0,623,1,3.0,0.3493755203996669,1.7468776019983345,0.10296000000000001,0.5148,3.5971703580349708,10.1039/D3CY00844D,1,1.154896201133835,0.5827864242127061,0.11655728484254121,0.0,0.0,3.6002214142164135,3.6002214142164135
0.0,0.0,0.0,0.0,0.0,0.2366739400579309,0.0,0.0,0.0,0.0,0.0,0.0,0.0,0.0,0.0,0.0,0.0,0.0,0.0,0.0,0.0,0.41635966905931043,0.0,0.0,0.0,0.0,0.0,0.0,0.0,0.0,0.34696639088275866,0.0,0.0,0.0,HAc,TRX,None,5.0,0.0,0.0,2.0,623,1,3.0,0.3493755203996669,1.7468776019983345,0.07152,0.3576,2.4987337218984176,10.1039/D3CY00844D,,1.154896201133835,0.5827864242127061,0.11655728484254121,0.0,0.0,2.5008531035815644,2.5008531035815644
0.0,0.0,0.0,0.0,0.0,0.0,0.0,0.0,0.0,0.0,0.0,0.0,0.0,0.0,0.0,0.0,0.0,0.0,0.0,0.0,0.0,0.0,0.0,0.0,0.0,1.0,0.0,0.0,0.0,0.0,0.0,0.0,0.0,0.0,MAc,TRX,None,0.5,0.0,0.0,3.5999999999999996,663,1,0.5,0.7548596112311013,0.37742980561555073,0.08256,0.04128,3.739272570194384,10.1016/j.jiec.2014.11.014,,1.6827242183127262,0.7526722312417145,1.505344462483429,0.0,0.0,3.7284371646789563,3.7284371646789563
0.0,0.0,0.0,0.0,0.0,0.0,0.0,0.0,0.02087533004573271,0.0,0.0,0.0,0.0,0.0,0.0,0.0,0.0,0.0,0.0,0.0,0.0,0.0,0.0,0.0,0.0,0.9791246699542674,0.0,0.0,0.0,0.0,0.0,0.0,0.0,0.0,MAc,TRX,None,0.5,0.0,0.0,3.5999999999999996,663,1,0.5,0.7548596112311013,0.37742980561555073,0.468512,0.234256,21.219647170626345,10.1016/j.jiec.2014.11.014,1,1.6827242183127262,0.7526722312417145,1.505344462483429,0.0,0.0,21.15815834421109,21.15815834421109
0.0,0.0,0.0,0.0,0.0,0.0,0.0,0.0,0.02087533004573271,0.0,0.0,0.0,0.0,0.0,0.0,0.0,0.0,0.0,0.0,0.0,0.0,0.0,0.0,0.0,0.0,0.9791246699542674,0.0,0.0,0.0,0.0,0.0,0.0,0.0,0.0,MAc,TRX,None,2.0,0.0,0.0,3.5999999999999996,663,1,0.5,0.18871490280777536,0.37742980561555073,0.3006,0.6012,13.614647948164146,10.1016/j.jiec.2014.11.014,,1.1182874499185165,0.75309778321018,0.37654889160509,0.0,0.0,13.582871617978803,13.582871617978803
1.0,0.0,0.0,0.0,0.0,0.0,0.0,0.0,0.0,0.0,0.0,0.0,0.0,0.0,0.0,0.0,0.0,0.0,0.0,0.0,0.0,0.0,0.0,0.0,0.0,0.0,0.0,0.0,0.0,0.0,0.0,0.0,0.0,0.0,MAc,TRX,MeOH,0.5,1.0,0.0,7.199999999999999,663,1,0.5,0.7476805242468211,0.37384026212341054,0.296258,0.148129,13.290380205138884,10.1007/s10562-017-2014-8,,1.2324822836367204,0.7461299265281326,1.4922598530562652,1.4922598530562652,0.0,13.262817586402292,13.262817586402292
0.7313730205613801,0.0,0.0,0.0,0.0,0.0,0.0,0.0,0.0,0.0,0.0,0.0,0.0,0.2686269794386199,0.0,0.0,0.0,0.0,0.0,0.0,0.0,0.0,0.0,0.0,0.0,0.0,0.0,0.0,0.0,0.0,0.0,0.0,0.0,0.0,MAc,TRX,MeOH,0.5,1.0,0.0,7.199999999999999,663,1,0.5,0.7476805242468211,0.37384026212341054,0.07214999999999999,0.036074999999999996,3.2367089894644883,10.1007/s10562-017-2014-8,,1.2324822836367204,0.7461299265281326,1.4922598530562652,1.4922598530562652,0.0,3.2299964519402855,3.2299964519402855
0.9001908938946541,0.0,0.0,0.0,0.0,0.0,0.0,0.0,0.0,0.0,0.0,0.0,0.0,0.0,0.0,0.0,0.0,0.09980910610534599,0.0,0.0,0.0,0.0,0.0,0.0,0.0,0.0,0.0,0.0,0.0,0.0,0.0,0.0,0.0,0.0,MAc,TRX,MeOH,0.5,1.0,0.0,7.199999999999999,663,1,0.5,0.7476805242468211,0.37384026212341054,0.14438099999999998,0.07219049999999999,6.477051706276816,10.1007/s10562-017-2014-8,,1.2324822836367204,0.7461299265281326,1.4922598530562652,1.4922598530562652,0.0,6.463619095323498,6.463619095323498
0.9387955087801285,0.0,0.0,0.0,0.0,0.0,0.0,0.0,0.0,0.0,0.0,0.061204491219871496,0.0,0.0,0.0,0.0,0.0,0.0,0.0,0.0,0.0,0.0,0.0,0.0,0.0,0.0,0.0,0.0,0.0,0.0,0.0,0.0,0.0,0.0,MAc,TRX,MeOH,0.5,1.0,0.0,7.199999999999999,663,1,0.5,0.7476805242468211,0.37384026212341054,0.152447,0.0762235,6.838899172791308,10.1007/s10562-017-2014-8,,1.2324822836367204,0.7461299265281326,1.4922598530562652,1.4922598530562652,0.0,6.824716134566054,6.824716134566054
0.9710395984715279,0.0,0.0,0.0,0.0,0.0,0.0,0.0,0.0,0.0,0.0,0.0,0.0,0.0,0.0,0.0,0.0,0.0,0.0,0.0,0.0,0.0,0.028960401528472148,0.0,0.0,0.0,0.0,0.0,0.0,0.0,0.0,0.0,0.0,0.0,MAc,TRX,MeOH,0.5,1.0,0.0,7.199999999999999,663,1,0.5,0.7476805242468211,0.37384026212341054,0.246784,0.123392,11.070935429743649,10.1007/s10562-017-2014-8,,1.2324822836367204,0.7461299265281326,1.4922598530562652,1.4922598530562652,0.0,11.047975667299122,11.047975667299122
0.9811818522618379,0.0,0.0,0.0,0.0,0.0,0.0,0.0,0.01881814773816214,0.0,0.0,0.0,0.0,0.0,0.0,0.0,0.0,0.0,0.0,0.0,0.0,0.0,0.0,0.0,0.0,0.0,0.0,0.0,0.0,0.0,0.0,0.0,0.0,0.0,MAc,TRX,MeOH,0.5,1.0,0.0,7.199999999999999,663,1,0.5,0.7476805242468211,0.37384026212341054,0.26828399999999997,0.13414199999999998,12.035443306022048,10.1007/s10562-017-2014-8,,1.2324822836367204,0.7461299265281326,1.4922598530562652,1.4922598530562652,0.0,12.01048327252041,12.01048327252041
0.9050792529128784,0.0,0.0,0.0,0.0,0.0,0.0,0.0,0.0,0.0,0.0,0.0,0.0,0.0,0.09492074708712155,0.0,0.0,0.0,0.0,0.0,0.0,0.0,0.0,0.0,0.0,0.0,0.0,0.0,0.0,0.0,0.0,0.0,0.0,0.0,MAc,TRX,MeOH,0.5,1.0,0.0,7.199999999999999,663,1,0.5,0.7476805242468211,0.37384026212341054,0.27915199999999996,0.13957599999999998,12.522990822272915,10.1007/s10562-017-2014-8,,1.2324822836367204,0.7461299265281326,1.4922598530562652,1.4922598530562652,0.0,12.497019675010876,12.497019675010876
0.9402021767919583,0.0,0.0,0.0,0.059797823208041605,0.0,0.0,0.0,0.0,0.0,0.0,0.0,0.0,0.0,0.0,0.0,0.0,0.0,0.0,0.0,0.0,0.0,0.0,0.0,0.0,0.0,0.0,0.0,0.0,0.0,0.0,0.0,0.0,0.0,MAc,TRX,MeOH,0.5,1.0,0.0,7.199999999999999,663,1,0.5,0.7476805242468211,0.37384026212341054,0.293664,0.146832,13.174011208345107,10.1007/s10562-017-2014-8,,1.2324822836367204,0.7461299265281326,1.4922598530562652,1.4922598530562652,0.0,13.146689924637451,13.146689924637451
0.9717308401936157,0.0,0.0,0.0,0.0,0.0,0.0,0.0,0.0,0.0,0.0,0.0,0.0,0.0,0.0,0.0,0.0,0.0,0.0,0.0,0.0,0.0,0.0,0.0,0.0,0.0,0.0,0.02826915980638432,0.0,0.0,0.0,0.0,0.0,0.0,MAc,TRX,MeOH,0.5,1.0,0.0,7.199999999999999,663,1,0.5,0.7476805242468211,0.37384026212341054,0.323792,0.161896,14.525578338415603,10.1007/s10562-017-2014-8,,1.2324822836367204,0.7461299265281326,1.4922598530562652,1.4922598530562652,0.0,14.495454070223829,14.495454070223829
0.9817767030089496,0.0,0.018223296991050308,0.0,0.0,0.0,0.0,0.0,0.0,0.0,0.0,0.0,0.0,0.0,0.0,0.0,0.0,0.0,0.0,0.0,0.0,0.0,0.0,0.0,0.0,0.0,0.0,0.0,0.0,0.0,0.0,0.0,0.0,0.0,MAc,TRX,MeOH,0.5,1.0,0.0,7.199999999999999,663,1,0.5,0.7476805242468211,0.37384026212341054,0.36058399999999996,0.18029199999999998,16.176098049300943,10.1007/s10562-017-2014-8,,1.2324822836367204,0.7461299265281326,1.4922598530562652,1.4922598530562652,0.0,16.142550805633206,16.142550805633206
1.0,0.0,0.0,0.0,0.0,0.0,0.0,0.0,0.0,0.0,0.0,0.0,0.0,0.0,0.0,0.0,0.0,0.0,0.0,0.0,0.0,0.0,0.0,0.0,0.0,0.0,0.0,0.0,0.0,0.0,0.0,0.0,0.0,0.0,MAc,TRX,MeOH,0.5,1.0,0.0,7.199999999999999,663,1,0.5,0.7476805242468211,0.37384026212341054,0.3347074067112566,0.1673537033556283,15.015252559149978,10.1007/s10562-017-2014-8,gamma-Alumina,1.2324822836367204,0.7461299265281326,1.4922598530562652,1.4922598530562652,0.0,14.984112766673501,14.984112766673501
0.9963014203494563,0.0,0.003698579650543591,0.0,0.0,0.0,0.0,0.0,0.0,0.0,0.0,0.0,0.0,0.0,0.0,0.0,0.0,0.0,0.0,0.0,0.0,0.0,0.0,0.0,0.0,0.0,0.0,0.0,0.0,0.0,0.0,0.0,0.0,0.0,MAc,TRX,MeOH,0.5,1.0,0.0,7.199999999999999,663,1,0.5,0.7476805242468211,0.37384026212341054,0.3451327193793119,0.17256635968965595,15.482940753615294,10.1007/s10562-017-2014-8,1Ba-gamma-Alumina,1.2324822836367204,0.7461299265281326,1.4922598530562652,1.4922598530562652,0.0,15.450831033176435,15.450831033176435
0.9817767030089496,0.0,0.018223296991050308,0.0,0.0,0.0,0.0,0.0,0.0,0.0,0.0,0.0,0.0,0.0,0.0,0.0,0.0,0.0,0.0,0.0,0.0,0.0,0.0,0.0,0.0,0.0,0.0,0.0,0.0,0.0,0.0,0.0,0.0,0.0,MAc,TRX,MeOH,0.5,1.0,0.0,7.199999999999999,663,1,0.5,0.7476805242468211,0.37384026212341054,0.39915969452104033,0.19957984726052017,17.906635779461542,10.1007/s10562-017-2014-8,5Ba-gamma-Alumina,1.2324822836367204,0.7461299265281326,1.4922598530562652,1.4922598530562652,0.0,17.869499612758542,17.869499612758542
0.9642056962458,0.0,0.035794303754199966,0.0,0.0,0.0,0.0,0.0,0.0,0.0,0.0,0.0,0.0,0.0,0.0,0.0,0.0,0.0,0.0,0.0,0.0,0.0,0.0,0.0,0.0,0.0,0.0,0.0,0.0,0.0,0.0,0.0,0.0,0.0,MAc,TRX,MeOH,0.5,1.0,0.0,7.199999999999999,663,1,0.5,0.7476805242468211,0.37384026212341054,0.40009522743580717,0.20004761371790358,17.948604563871324,10.1007/s10562-017-2014-8,10Ba-gamma-Alumina,1.2324822836367204,0.7461299265281326,1.4922598530562652,1.4922598530562652,0.0,17.911381359056115,17.911381359056115
0.9817767030089496,0.0,0.018223296991050308,0.0,0.0,0.0,0.0,0.0,0.0,0.0,0.0,0.0,0.0,0.0,0.0,0.0,0.0,0.0,0.0,0.0,0.0,0.0,0.0,0.0,0.0,0.0,0.0,0.0,0.0,0.0,0.0,0.0,0.0,0.0,MAc,TRX,MeOH,0.5,1.0,0.0,7.199999999999999,683,1,0.5,0.7476805242468211,0.37384026212341054,0.39727999999999997,0.19863999999999998,17.822311120366624,10.1007/s10562-017-2014-8,,1.2324822836367204,0.7461299265281326,1.4922598530562652,1.4922598530562652,0.0,17.785349832665787,17.785349832665787
1.0,0.0,0.0,0.0,0.0,0.0,0.0,0.0,0.0,0.0,0.0,0.0,0.0,0.0,0.0,0.0,0.0,0.0,0.0,0.0,0.0,0.0,0.0,0.0,0.0,0.0,0.0,0.0,0.0,0.0,0.0,0.0,0.0,0.0,MAc,TRX,MeOH,0.5,1.0,0.0,7.199999999999999,663,1,0.5,0.7476805242468211,0.37384026212341054,0.29734799999999995,0.14867399999999997,13.339278511424624,10.1039/C7RA10008F,Alumina,1.2324822836367204,0.7461299265281326,1.4922598530562652,1.4922598530562652,0.0,13.311614483597229,13.311614483597229
0.9817767030089496,0.0,0.018223296991050308,0.0,0.0,0.0,0.0,0.0,0.0,0.0,0.0,0.0,0.0,0.0,0.0,0.0,0.0,0.0,0.0,0.0,0.0,0.0,0.0,0.0,0.0,0.0,0.0,0.0,0.0,0.0,0.0,0.0,0.0,0.0,MAc,TRX,MeOH,0.5,1.0,0.0,7.199999999999999,663,1,0.5,0.7476805242468211,0.37384026212341054,0.361566,0.180783,16.220151385789567,10.1039/C7RA10008F,5Ba-Alumina,1.2324822836367204,0.7461299265281326,1.4922598530562652,1.4922598530562652,0.0,16.18651278090425,16.18651278090425
0.947606204785719,0.0,0.01758903959265652,0.0,0.0,0.0,0.0,0.0,0.0,0.0,0.0,0.0,0.0,0.034804755621624515,0.0,0.0,0.0,0.0,0.0,0.0,0.0,0.0,0.0,0.0,0.0,0.0,0.0,0.0,0.0,0.0,0.0,0.0,0.0,0.0,MAc,TRX,MeOH,0.5,1.0,0.0,7.199999999999999,663,1,0.5,0.7476805242468211,0.37384026212341054,0.26440800000000003,0.13220400000000002,11.86156272330321,10.1039/C7RA10008F,,1.2324822836367204,0.7461299265281326,1.4922598530562652,1.4922598530562652,0.0,11.836963296807031,11.836963296807031
0.9799315353958357,0.0,0.018189047820837786,0.0,0.0,0.0,0.0,0.0,0.0018794167833265092,0.0,0.0,0.0,0.0,0.0,0.0,0.0,0.0,0.0,0.0,0.0,0.0,0.0,0.0,0.0,0.0,0.0,0.0,0.0,0.0,0.0,0.0,0.0,0.0,0.0,MAc,TRX,MeOH,0.5,1.0,0.0,7.199999999999999,663,1,0.5,0.7476805242468211,0.37384026212341054,0.32457600000000003,0.16228800000000002,14.560749230276173,10.1039/C7RA10008F,,1.2324822836367204,0.7461299265281326,1.4922598530562652,1.4922598530562652,0.0,14.530552021967711,14.530552021967711
0.9800263207821776,0.0,0.01819080718448985,0.0,0.0,0.0017828720333326938,0.0,0.0,0.0,0.0,0.0,0.0,0.0,0.0,0.0,0.0,0.0,0.0,0.0,0.0,0.0,0.0,0.0,0.0,0.0,0.0,0.0,0.0,0.0,0.0,0.0,0.0,0.0,0.0,MAc,TRX,MeOH,0.5,1.0,0.0,7.199999999999999,663,1,0.5,0.7476805242468211,0.37384026212341054,0.34559999999999996,0.17279999999999998,15.50390335078208,10.1039/C7RA10008F,,1.2324822836367204,0.7461299265281326,1.4922598530562652,1.4922598530562652,0.0,15.471750156487357,15.471750156487357
0.979090760413139,0.0,0.018173441734275163,0.0,0.0,0.0,0.0,0.0,0.0,0.0,0.0,0.0,0.0,0.0,0.0,0.0,0.0,0.0,0.0,0.0,0.0,0.0,0.0,0.0,0.0,0.0,0.0,0.0,0.0,0.0,0.0,0.0,0.0,0.0027357978525857293,MAc,TRX,MeOH,0.5,1.0,0.0,7.199999999999999,663,1,0.5,0.7476805242468211,0.37384026212341054,0.370328,0.185164,16.613221990996607,10.1039/C7RA10008F,,1.2324822836367204,0.7461299265281326,1.4922598530562652,1.4922598530562652,0.0,16.578768205878617,16.578768205878617
0.9800110940267143,0.0,0.01819052455231273,0.0,0.0,0.0,0.0,0.0,0.0,0.0,0.0,0.0,0.0017983814209731625,0.0,0.0,0.0,0.0,0.0,0.0,0.0,0.0,0.0,0.0,0.0,0.0,0.0,0.0,0.0,0.0,0.0,0.0,0.0,0.0,0.0,MAc,TRX,MeOH,0.5,1.0,0.0,7.199999999999999,663,1,0.5,0.7476805242468211,0.37384026212341054,0.37762,0.18881,16.940347173965076,10.1039/C7RA10008F,5Ba-0.5La-Alumina,1.2324822836367204,0.7461299265281326,1.4922598530562652,1.4922598530562652,0.0,16.90521497133321,16.90521497133321
0.0,0.0,0.0,0.0,0.0,0.0,0.0,0.0,0.0,0.0,0.0,0.0,0.0,0.0,0.0,0.0,0.0,0.0,0.0,0.0,0.0,0.0,0.0,0.0,0.0,0.0,0.0,0.0,0.0,1.0,0.0,0.0,0.0,0.0,MAc,TRX,MeOH,0.5,1.0,0.0,7.199999999999999,663,1,0.5,0.7476805242468211,0.37384026212341054,0.103992,0.051996,4.665167584648525,10.1007/s10562-018-2535-9,TiO2,1.2324822836367204,0.7461299265281326,1.4922598530562652,1.4922598530562652,0.0,4.655492599170814,4.655492599170814
1.0,0.0,0.0,0.0,0.0,0.0,0.0,0.0,0.0,0.0,0.0,0.0,0.0,0.0,0.0,0.0,0.0,0.0,0.0,0.0,0.0,0.0,0.0,0.0,0.0,0.0,0.0,0.0,0.0,0.0,0.0,0.0,0.0,0.0,MAc,TRX,MeOH,0.5,1.0,0.0,7.199999999999999,663,1,0.5,0.7476805242468211,0.37384026212341054,0.28960092,0.14480046,12.991738061277701,10.1007/s10562-018-2535-9,Al2O3,1.2324822836367204,0.7461299265281326,1.4922598530562652,1.4922598530562652,0.0,12.964794789724776,12.964794789724776
0.986842105263158,0.0,0.0,0.0,0.0,0.0,0.0,0.0,0.0,0.0,0.0,0.0,0.0,0.0,0.0,0.0,0.0,0.0,0.0,0.0,0.0,0.0,0.0,0.0,0.0,0.0,0.0,0.0,0.0,0.013157894736842106,0.0,0.0,0.0,0.0,MAc,TRX,MeOH,0.5,1.0,0.0,7.199999999999999,663,1,0.5,0.7476805242468211,0.37384026212341054,0.26691808,0.13345904,11.974166999121296,10.1007/s10562-018-2535-9,Ti-Al2O3,1.2324822836367204,0.7461299265281326,1.4922598530562652,1.4922598530562652,0.0,11.949334045165813,11.949334045165813
0.986842105263158,0.0,0.0,0.0,0.0,0.0,0.0,0.0,0.0,0.0,0.0,0.0,0.0,0.0,0.0,0.0,0.0,0.0,0.0,0.0,0.0,0.0,0.0,0.0,0.0,0.0,0.0,0.0,0.0,0.013157894736842106,0.0,0.0,0.0,0.0,MAc,TRX,MeOH,0.5,1.0,0.0,7.199999999999999,663,1,0.5,0.7476805242468211,0.37384026212341054,0.332175,0.1660875,14.901646688501268,10.1007/s10562-018-2535-9,gamma-TiAl2O3,1.2324822836367204,0.7461299265281326,1.4922598530562652,1.4922598530562652,0.0,14.870742500668946,14.870742500668946
0.0,0.0,0.02677965238382051,0.0,0.0,0.0,0.0,0.0,0.0,0.0,0.0,0.0,0.0,0.0,0.0,0.0,0.0,0.0,0.0,0.0,0.0,0.0,0.0,0.0,0.0,0.0,0.0,0.0,0.0,0.9732203476161795,0.0,0.0,0.0,0.0,MAc,TRX,MeOH,0.5,1.0,0.0,7.199999999999999,663,1,0.5,0.7476805242468211,0.37384026212341054,0.20468523,0.102342615,9.182349604318869,10.1007/s10562-018-2535-9,Ba-TiO2,1.2324822836367204,0.7461299265281326,1.4922598530562652,1.4922598530562652,0.0,9.163306537277634,9.163306537277634
0.9827386228095196,0.0,0.017261377190480306,0.0,0.0,0.0,0.0,0.0,0.0,0.0,0.0,0.0,0.0,0.0,0.0,0.0,0.0,0.0,0.0,0.0,0.0,0.0,0.0,0.0,0.0,0.0,0.0,0.0,0.0,0.0,0.0,0.0,0.0,0.0,MAc,TRX,MeOH,0.5,1.0,0.0,7.199999999999999,663,1,0.5,0.7476805242468211,0.37384026212341054,0.36957286,0.18478643,16.57934578273182,10.1007/s10562-018-2535-9,Ba-Al2O3,1.2324822836367204,0.7461299265281326,1.4922598530562652,1.4922598530562652,0.0,16.54496225271551,16.54496225271551
0.9696830661945773,0.0,0.01738782625616167,0.0,0.0,0.0,0.0,0.0,0.0,0.0,0.0,0.0,0.0,0.0,0.0,0.0,0.0,0.0,0.0,0.0,0.0,0.0,0.0,0.0,0.0,0.0,0.0,0.0,0.0,0.01292910754926103,0.0,0.0,0.0,0.0,MAc,TRX,MeOH,0.5,1.0,0.0,7.199999999999999,663,1,0.5,0.7476805242468211,0.37384026212341054,0.38134003,0.190670015,17.10723081280191,10.1007/s10562-018-2535-9,Ba-Ti-Al2O3,1.2324822836367204,0.7461299265281326,1.4922598530562652,1.4922598530562652,0.0,17.071752513968153,17.071752513968153
0.9696830661945773,0.0,0.01738782625616167,0.0,0.0,0.0,0.0,0.0,0.0,0.0,0.0,0.0,0.0,0.0,0.0,0.0,0.0,0.0,0.0,0.0,0.0,0.0,0.0,0.0,0.0,0.0,0.0,0.0,0.0,0.01292910754926103,0.0,0.0,0.0,0.0,MAc,TRX,MeOH,0.5,1.0,0.0,7.199999999999999,663,1,0.5,0.7476805242468211,0.37384026212341054,0.451,0.2255,20.23223498611898,10.1007/s10562-018-2535-9,Ba-gamma-TiAl2O3,1.2324822836367204,0.7461299265281326,1.4922598530562652,1.4922598530562652,0.0,20.19027581185127,20.19027581185127
0.0,0.0,0.0,0.0,0.0,0.0,0.0,0.0,0.0,0.0,0.0,0.0,0.0,0.0,0.0,0.0,0.0,0.0,0.0,0.0,0.0,0.0,0.0,0.0,0.0,1.0,0.0,0.0,0.0,0.0,0.0,0.0,0.0,0.0,MAc,TRX,MeOH,3.0,3.0,0.0,7.199999999999999,663,1,0.5,0.16667962942195758,0.5000388882658727,0.0,0.0,0.0,10.1007/s11144-018-1419-8,SBA15,0.9659558496734031,0.9981460601120156,0.3327153533706719,0.9981460601120156,0.0,0.0,0.0
0.0,0.0,0.0,0.0,0.0,0.09090909090909091,0.0,0.0,0.0,0.0,0.0,0.0,0.0,0.0,0.0,0.0,0.0,0.0,0.0,0.0,0.0,0.0,0.0,0.0,0.0,0.9090909090909091,0.0,0.0,0.0,0.0,0.0,0.0,0.0,0.0,MAc,TRX,MeOH,3.0,3.0,0.0,7.199999999999999,663,1,0.5,0.16667962942195758,0.5000388882658727,0.0532799,0.1598397,3.1970426355500248,10.1007/s11144-018-1419-8,Ce-SBA15(10),0.9659558496734031,0.9981460601120156,0.3327153533706719,0.9981460601120156,0.0,3.1908673360897306,3.190867336089731
0.0,0.0,0.0,0.0,0.0,0.08732403502144379,0.0,0.0,0.039475076606955824,0.0,0.0,0.0,0.0,0.0,0.0,0.0,0.0,0.0,0.0,0.0,0.0,0.0,0.0,0.0,0.0,0.8732008883716004,0.0,0.0,0.0,0.0,0.0,0.0,0.0,0.0,MAc,TRX,MeOH,3.0,3.0,0.0,7.199999999999999,663,1,0.5,0.16667962942195758,0.5000388882658727,0.17330040000000002,0.5199012000000001,10.398832722243728,10.1007/s11144-018-1419-8,10Cs-Ce-SBA15imp,0.9659558496734031,0.9981460601120156,0.3327153533706719,0.9981460601120156,0.0,10.378746688550182,10.378746688550182
0.0,0.0,0.0,0.0,0.0,0.08634404710204156,0.0,0.0,0.050215481877542996,0.0,0.0,0.0,0.0,0.0,0.0,0.0,0.0,0.0,0.0,0.0,0.0,0.0,0.0,0.0,0.0,0.8634404710204153,0.0,0.0,0.0,0.0,0.0,0.0,0.0,0.0,MAc,TRX,MeOH,3.0,3.0,0.0,7.199999999999999,663,1,0.5,0.16667962942195758,0.5000388882658727,0.22425,0.67275,13.456046483234635,10.1007/s11144-018-1419-8,10Cs-Ce-SBA15(10),0.9659558496734031,0.9981460601120156,0.3327153533706719,0.9981460601120156,0.0,13.430055238807169,13.430055238807169
0.9650828723177752,0.0,0.0,0.0,0.0,0.0,0.0,0.0,0.03491712768222483,0.0,0.0,0.0,0.0,0.0,0.0,0.0,0.0,0.0,0.0,0.0,0.0,0.0,0.0,0.0,0.0,0.0,0.0,0.0,0.0,0.0,0.0,0.0,0.0,0.0,MAc,TRX,MeOH,5.0,0.75,0.0,2.0,623,1,5.0,0.389586363253375,1.9479318162668748,0.06232,0.3116,1.4567413294770195,10.1039/C6CY00620E,,0.9900465372782599,0.38874748200782955,0.0777494964015659,0.05831212230117443,0.0,1.453604584723676,1.453604584723676
0.9327519273163695,0.0,0.0,0.0,0.0,0.0,0.0,0.0,0.03374737970815722,0.0,0.0,0.0,0.0,0.0,0.0,0.0,0.0,0.0,0.0,0.0,0.0,0.03350069297547347,0.0,0.0,0.0,0.0,0.0,0.0,0.0,0.0,0.0,0.0,0.0,0.0,MAc,TRX,MeOH,5.0,0.75,0.0,2.0,623,1,5.0,0.389586363253375,1.9479318162668748,0.08868000000000001,0.4434,2.0729111215985574,10.1039/C6CY00620E,,0.9900465372782599,0.38874748200782955,0.0777494964015659,0.05831212230117443,0.0,2.0684476022672595,2.068447602267259
0.9327519273163695,0.0,0.0,0.0,0.0,0.0,0.0,0.0,0.03374737970815722,0.0,0.0,0.0,0.0,0.0,0.0,0.0,0.0,0.0,0.0,0.0,0.0,0.03350069297547347,0.0,0.0,0.0,0.0,0.0,0.0,0.0,0.0,0.0,0.0,0.0,0.0,MAc,TRX,MeOH,5.0,0.75,0.0,3.4,653,1,5.0,0.6622968175307374,3.311484087653687,0.09419999999999999,0.471,3.7433016126837275,10.1039/C6CY00620E,1,0.9900465372782599,0.6608707194133101,0.13217414388266202,0.09913060791199652,0.0,3.735241306124028,3.735241306124028
0.9327519273163695,0.0,0.0,0.0,0.0,0.0,0.0,0.0,0.03374737970815722,0.0,0.0,0.0,0.0,0.0,0.0,0.0,0.0,0.0,0.0,0.0,0.0,0.03350069297547347,0.0,0.0,0.0,0.0,0.0,0.0,0.0,0.0,0.0,0.0,0.0,0.0,MAc,TRX,None,5.0,0.0,0.0,,623,1,500.0,,,0.08020000000000001,0.401,,10.1021/acs.iecr.7b02522,,,,,,,,
0.8709800370912081,0.0,0.0,0.0,0.0,0.0,0.0,0.0,0.0,0.0,0.0,0.0,0.0,0.0,0.0,0.0,0.0,0.0,0.0,0.0,0.0,0.12901996290879195,0.0,0.0,0.0,0.0,0.0,0.0,0.0,0.0,0.0,0.0,0.0,0.0,MAc,TRX,None,5.0,0.0,0.21,1.2,623,1,5.0,0.2516198704103672,1.2580993520518362,0.06871097200000001,0.3435548600000001,1.0373427522246224,10.1002/cjce.22889,,1.0053234973701344,0.2510609837849648,0.050212196756992955,0.0,0.0,1.0350386536284701,1.0350386536284704
0.9630588681995123,0.0,0.0,0.0,0.0,0.0,0.0,0.0,0.03694113180048778,0.0,0.0,0.0,0.0,0.0,0.0,0.0,0.0,0.0,0.0,0.0,0.0,0.0,0.0,0.0,0.0,0.0,0.0,0.0,0.0,0.0,0.0,0.0,0.0,0.0,MAc,TRX,None,5.0,0.0,0.21,1.2,623,1,5.0,0.2516198704103672,1.2580993520518362,0.040294268,0.20147134,0.6083303095464363,10.1002/cjce.22889,,1.0053234973701344,0.2510609837849648,0.050212196756992955,0.0,0.0,0.6069791138985016,0.6069791138985015
0.8428220595882177,0.0,0.0,0.0,0.0,0.0,0.0,0.0,0.032329073347110146,0.0,0.0,0.0,0.0,0.0,0.0,0.0,0.0,0.0,0.0,0.0,0.0,0.12484886706467219,0.0,0.0,0.0,0.0,0.0,0.0,0.0,0.0,0.0,0.0,0.0,0.0,MAc,TRX,None,5.0,0.0,0.21,1.2,623,1,5.0,0.2516198704103672,1.2580993520518362,0.068579456,0.34289727999999997,1.0353572298920088,10.1002/cjce.22889,,1.0053234973701344,0.2510609837849648,0.050212196756992955,0.0,0.0,1.0330575414478622,1.0330575414478622
0.05328540163591332,0.0,0.0,0.0,0.0,0.0,0.0,0.0,0.0,0.0,0.0,0.0,0.0,0.0,0.0,0.0,0.0,0.0,0.0,0.0,0.0,0.1474335738253869,0.0,0.0,0.0,0.7992810245386999,0.0,0.0,0.0,0.0,0.0,0.0,0.0,0.0,MAc,TRX,None,5.0,0.0,0.21,1.2,623,1,5.0,0.2516198704103672,1.2580993520518362,0.08029091199999999,0.40145455999999996,1.2121673323542117,10.1002/cjce.22889,1,1.0053234973701344,0.2510609837849648,0.050212196756992955,0.0,0.0,1.2094749213427218,1.2094749213427218
0.05982124930799637,0.0,0.0,0.0,0.0,0.0,0.0,0.0,0.04286001107205817,0.0,0.0,0.0,0.0,0.0,0.0,0.0,0.0,0.0,0.0,0.0,0.0,0.0,0.0,0.0,0.0,0.8973187396199455,0.0,0.0,0.0,0.0,0.0,0.0,0.0,0.0,MAc,TRX,None,5.0,0.0,0.21,1.2,623,1,5.0,0.2516198704103672,1.2580993520518362,0.06062666800000001,0.30313334000000003,0.9152924607343416,10.1002/cjce.22889,,1.0053234973701344,0.2510609837849648,0.050212196756992955,0.0,0.0,0.9132594547010667,0.9132594547010666
0.05132591744056128,0.0,0.0,0.0,0.0,0.0,0.0,0.0,0.03677337760801238,0.0,0.0,0.0,0.0,0.0,0.0,0.0,0.0,0.0,0.0,0.0,0.0,0.1420119433430072,0.0,0.0,0.0,0.7698887616084192,0.0,0.0,0.0,0.0,0.0,0.0,0.0,0.0,MAc,TRX,None,5.0,0.0,0.21,1.2,623,1,5.0,0.2516198704103672,1.2580993520518362,0.080091472,0.40045736,1.2091563483369332,10.1002/cjce.22889,,1.0053234973701344,0.2510609837849648,0.050212196756992955,0.0,0.0,1.2064706251863575,1.2064706251863575
0.0,0.0,0.0,0.0,0.0,0.0,0.0,0.0,0.0,0.0,0.0,0.0,0.0,0.0,0.0,0.0,0.0,0.0,0.0,0.0,0.0,0.14863350422814892,0.0,0.0,0.0,0.8513664957718511,0.0,0.0,0.0,0.0,0.0,0.0,0.0,0.0,MAc,TRX,None,5.0,0.0,0.21,1.2,623,1,5.0,0.2516198704103672,1.2580993520518362,0.009642139999999999,0.048210699999999995,0.1455692410367171,10.1002/cjce.22889,,1.0053234973701344,0.2510609837849648,0.050212196756992955,0.0,0.0,0.1452459092515416,0.1452459092515416
0.0,0.0,0.0,0.0,0.0,0.0,0.0,0.0,0.043252017278534685,0.0,0.0,0.0,0.0,0.0,0.0,0.0,0.0,0.0,0.0,0.0,0.0,0.0,0.0,0.0,0.0,0.9567479827214653,0.0,0.0,0.0,0.0,0.0,0.0,0.0,0.0,MAc,TRX,None,5.0,0.0,0.21,1.2,623,1,5.0,0.2516198704103672,1.2580993520518362,0.003708474,0.01854237,0.05598754483801297,10.1002/cjce.22889,,1.0053234973701344,0.2510609837849648,0.050212196756992955,0.0,0.0,0.0558631878468578,0.0558631878468578
0.0,0.0,0.0,0.0,0.0,0.0,0.0,0.0,0.03706157609873004,0.0,0.0,0.0,0.0,0.0,0.0,0.0,0.0,0.0,0.0,0.0,0.0,0.1431249123003765,0.0,0.0,0.0,0.8198135116008936,0.0,0.0,0.0,0.0,0.0,0.0,0.0,0.0,MAc,TRX,None,5.0,0.0,0.21,1.2,623,1,5.0,0.2516198704103672,1.2580993520518362,0.009962460000000001,0.049812300000000004,0.15040517365010803,10.1002/cjce.22889,,1.0053234973701344,0.2510609837849648,0.050212196756992955,0.0,0.0,0.15007110051110162,0.15007110051110162
0.0,0.0,0.0,0.0,0.0,0.0,0.0,0.0,0.0,0.0,0.0,0.0,0.0,0.0,0.0,0.0,0.0,0.0,0.0,0.0,0.0,0.14863350422814892,0.0,0.0,0.0,0.8513664957718511,0.0,0.0,0.0,0.0,0.0,0.0,0.0,0.0,MAc,TRX,None,5.0,0.0,0.21,1.2,623,1,5.0,0.2516198704103672,1.2580993520518362,0.014416364000000004,0.07208182000000002,0.21764661848812106,10.1002/cjce.22889,,1.0053234973701344,0.2510609837849648,0.050212196756992955,0.0,0.0,0.21716319170652906,0.21716319170652904
0.0,0.0,0.0,0.0,0.0,0.0,0.0,0.0,0.043252017278534685,0.0,0.0,0.0,0.0,0.0,0.0,0.0,0.0,0.0,0.0,0.0,0.0,0.0,0.0,0.0,0.0,0.9567479827214653,0.0,0.0,0.0,0.0,0.0,0.0,0.0,0.0,MAc,TRX,None,5.0,0.0,0.21,1.2,623,1,5.0,0.2516198704103672,1.2580993520518362,0.0030778159999999997,0.01538908,0.046466379784017284,10.1002/cjce.22889,,1.0053234973701344,0.2510609837849648,0.050212196756992955,0.0,0.0,0.04636317077214631,0.04636317077214631
0.0,0.0,0.0,0.0,0.0,0.0,0.0,0.0,0.03706157609873004,0.0,0.0,0.0,0.0,0.0,0.0,0.0,0.0,0.0,0.0,0.0,0.0,0.1431249123003765,0.0,0.0,0.0,0.8198135116008936,0.0,0.0,0.0,0.0,0.0,0.0,0.0,0.0,MAc,TRX,None,5.0,0.0,0.21,1.2,623,1,5.0,0.2516198704103672,1.2580993520518362,0.014667932,0.07333966,0.2214445889416847,10.1002/cjce.22889,,1.0053234973701344,0.2510609837849648,0.050212196756992955,0.0,0.0,0.22095272628065796,0.22095272628065796
0.0,0.0,0.0,0.0,0.0,0.0,0.0,0.0,0.0,0.0,0.0,0.0,0.0,0.0,0.0,0.0,0.0,0.0,0.0,0.0,0.0,0.14863350422814892,0.0,0.0,0.0,0.8513664957718511,0.0,0.0,0.0,0.0,0.0,0.0,0.0,0.0,MAc,TRX,None,5.0,0.0,0.21,1.2,623,1,5.0,0.2516198704103672,1.2580993520518362,0.01827675,0.09138375,0.27592760799136073,10.1002/cjce.22889,,1.0053234973701344,0.2510609837849648,0.050212196756992955,0.0,0.0,0.2753147301235113,0.2753147301235113
0.0,0.0,0.0,0.0,0.0,0.0,0.0,0.0,0.043252017278534685,0.0,0.0,0.0,0.0,0.0,0.0,0.0,0.0,0.0,0.0,0.0,0.0,0.0,0.0,0.0,0.0,0.9567479827214653,0.0,0.0,0.0,0.0,0.0,0.0,0.0,0.0,MAc,TRX,None,5.0,0.0,0.21,1.2,623,1,5.0,0.2516198704103672,1.2580993520518362,0.005699060000000001,0.0284953,0.08603980431965444,10.1002/cjce.22889,,1.0053234973701344,0.2510609837849648,0.050212196756992955,0.0,0.0,0.08584869661497249,0.08584869661497248
0.0,0.0,0.0,0.0,0.0,0.0,0.0,0.0,0.03706157609873004,0.0,0.0,0.0,0.0,0.0,0.0,0.0,0.0,0.0,0.0,0.0,0.0,0.1431249123003765,0.0,0.0,0.0,0.8198135116008936,0.0,0.0,0.0,0.0,0.0,0.0,0.0,0.0,MAc,TRX,None,5.0,0.0,0.21,1.2,623,1,5.0,0.2516198704103672,1.2580993520518362,0.017905914000000002,0.08952957,0.27032902561555083,10.1002/cjce.22889,,1.0053234973701344,0.2510609837849648,0.050212196756992955,0.0,0.0,0.26972858306453845,0.26972858306453845
0.9630588681995123,0.0,0.0,0.0,0.0,0.0,0.0,0.0,0.03694113180048778,0.0,0.0,0.0,0.0,0.0,0.0,0.0,0.0,0.0,0.0,0.0,0.0,0.0,0.0,0.0,0.0,0.0,0.0,0.0,0.0,0.0,0.0,0.0,0.0,0.0,EAc,TRX,EtOH,5.0,1.0,0.0,1.288659793814433,623,1,4.656,0.18288055099910425,0.9144027549955214,0.06084431999999999,0.3042216,0.7169615184771791,10.1016/j.jiec.2016.11.002,,0.9430561543959564,0.1960189924641642,0.03920379849283284,0.0,0.0,0.7155985382140317,0.7155985382140317
0.9193411975625971,0.0,0.0,0.0,0.0,0.0,0.0,0.0,0.03526420395491601,0.0,0.0,0.0,0.0,0.0,0.0,0.0,0.0,0.0,0.0,0.0,0.0,0.04539459848248683,0.0,0.0,0.0,0.0,0.0,0.0,0.0,0.0,0.0,0.0,0.0,0.0,EAc,TRX,EtOH,5.0,1.0,0.0,1.288659793814433,623,1,4.656,0.18288055099910425,0.9144027549955214,0.25128879,1.25644395,2.9610716736532345,10.1016/j.jiec.2016.11.002,,0.9430561543959564,0.1960189924641642,0.03920379849283284,0.0,0.0,2.9554425260003363,2.9554425260003363
0.9162763025301396,0.0,0.0,0.0,0.0,0.0033337949398801105,0.0,0.0,0.035146640330212205,0.0,0.0,0.0,0.0,0.0,0.0,0.0,0.0,0.0,0.0,0.0,0.0,0.04524326219976803,0.0,0.0,0.0,0.0,0.0,0.0,0.0,0.0,0.0,0.0,0.0,0.0,EAc,TRX,EtOH,5.0,1.0,0.0,1.288659793814433,623,1,4.656,0.18288055099910425,0.9144027549955214,0.31377681,1.56888405,3.6974017979085865,10.1016/j.jiec.2016.11.002,1,0.9430561543959564,0.1960189924641642,0.03920379849283284,0.0,0.0,3.690372849289169,3.690372849289169
0.5,0.0,0.0,0.0,0.0,0.0,0.0,0.0,0.0,0.0,0.0,0.0,0.0,0.0,0.0,0.0,0.0,0.0,0.0,0.0,0.0,0.0,0.0,0.0,0.0,0.5,0.0,0.0,0.0,0.0,0.0,0.0,0.0,0.0,MAc,FORM,"MeOH 
 + H$_2$O",5.0,0.0,0.0,1.2,643,1,5.0,0.21191577303706122,1.0595788651853062,0.0573276,0.286638,0.7289173602215658,10.1016/j.micromeso.2017.07.045,,0.9552013899706401,0.21153264600314634,0.042306529200629266,0.0,0.0,0.7275995350205983,0.7275995350205983
0.48976807759651864,0.0,0.0,0.0,0.0,0.0,0.0,0.0,0.020463844806962558,0.0,0.0,0.0,0.0,0.0,0.0,0.0,0.0,0.0,0.0,0.0,0.0,0.0,0.0,0.0,0.0,0.48976807759651875,0.0,0.0,0.0,0.0,0.0,0.0,0.0,0.0,MAc,FORM,"MeOH 
 + H$_2$O",5.0,0.0,0.0,1.2,643,1,5.0,0.21191577303706122,1.0595788651853062,0.06022999999999999,0.30115,0.7658212206013317,10.1016/j.micromeso.2017.07.045,,0.9552013899706401,0.21153264600314634,0.042306529200629266,0.0,0.0,0.7644366761261702,0.7644366761261702
0.42081376460015446,0.0,0.0,0.0,0.0,0.0,0.0,0.0,0.052748237167708246,0.0,0.0,0.0,0.0,0.0,0.0,0.0,0.0,0.0,0.0,0.0,0.0,0.10562423363198281,0.0,0.0,0.0,0.4208137646001545,0.0,0.0,0.0,0.0,0.0,0.0,0.0,0.0,MAc,FORM,"MeOH 
 + H$_2$O",5.0,0.0,0.0,1.2,643,1,5.0,0.21191577303706122,1.0595788651853062,0.077025,0.385125,0.9793687450907784,10.1016/j.micromeso.2017.07.045,,0.9552013899706401,0.21153264600314634,0.042306529200629266,0.0,0.0,0.9775981235035407,0.9775981235035407
0.44424701131399036,0.0,0.0,0.0,0.0,0.0,0.0,0.0,0.0,0.0,0.0,0.0,0.0,0.0,0.0,0.0,0.0,0.0,0.0,0.0,0.0,0.11150597737201919,0.0,0.0,0.0,0.44424701131399036,0.0,0.0,0.0,0.0,0.0,0.0,0.0,0.0,MAc,TRX,None,5.0,0.0,0.0,1.2,643,1,5.0,0.2516198704103672,1.2580993520518362,0.086,0.43,1.2983585313174948,10.1016/j.micromeso.2017.07.045,Trioxane,1.0053234973701344,0.2510609837849648,0.050212196756992955,0.0,0.0,1.2954746763304181,1.2954746763304181
0.44424701131399036,0.0,0.0,0.0,0.0,0.0,0.0,0.0,0.0,0.0,0.0,0.0,0.0,0.0,0.0,0.0,0.0,0.0,0.0,0.0,0.0,0.11150597737201919,0.0,0.0,0.0,0.44424701131399036,0.0,0.0,0.0,0.0,0.0,0.0,0.0,0.0,MAc,FORM,"MeOH 
 + H$_2$O",5.0,0.0,0.0,1.2,643,1,5.0,0.21191577303706122,1.0595788651853062,0.086,0.43,1.093485388871236,10.1016/j.micromeso.2017.07.045,Formalin,0.9552013899706401,0.21153264600314634,0.042306529200629266,0.0,0.0,1.091508453376235,1.091508453376235
0.8546766747470742,0.0,0.0,0.0,0.0,0.0,0.0,0.0,0.038488740909541526,0.0,0.0,0.0,0.0,0.0,0.0,0.0,0.0,0.0,0.0,0.0,0.0,0.10683458434338426,0.0,0.0,0.0,0.0,0.0,0.0,0.0,0.0,0.0,0.0,0.0,0.0,MAc,TRX,MeOH,0.5,1.0,0.0,1.7142857142857142,643,1,3.5,1.2461342070780352,0.6230671035390176,0.212,0.106,2.2644038734332295,10.1016/j.cjche.2021.11.025,1,1.2324822836367204,0.17764998250669825,0.3552999650133965,0.3552999650133965,0.0,2.2597077774852017,2.2597077774852017
0.8546766747470742,0.0,0.0,0.0,0.0,0.0,0.0,0.0,0.038488740909541526,0.0,0.0,0.0,0.0,0.0,0.0,0.0,0.0,0.0,0.0,0.0,0.0,0.10683458434338426,0.0,0.0,0.0,0.0,0.0,0.0,0.0,0.0,0.0,0.0,0.0,0.0,MAc,TRX,MeOH,0.5,1.0,0.0,1.7142857142857142,663,1,3.5,1.24613420707804,0.623067103539018,0.225,0.1125,2.403258827936216,10.1016/j.cjche.2021.11.025,,1.2324822836367204,0.17764998250669825,0.3552999650133965,0.3552999650133965,0.0,2.3982747638404263,2.3982747638404263
0.7824239977556576,0.0,0.0,0.0,0.0,0.0,0.0,0.0,0.0,0.0,0.0,0.11977300252488533,0.0,0.0,0.0,0.0,0.0,0.0,0.0,0.0,0.0,0.09780299971945719,0.0,0.0,0.0,0.0,0.0,0.0,0.0,0.0,0.0,0.0,0.0,0.0,MAc,TRX,MeOH,0.5,1.0,0.0,1.7142857142857142,663,1,3.5,1.24613420707804,0.623067103539018,0.193,0.0965,2.061462016851954,10.1016/j.cjche.2021.11.025,,1.2324822836367204,0.17764998250669825,0.3552999650133965,0.3552999650133965,0.0,2.057186797427566,2.057186797427566
0.7218447268807011,0.0,0.0,0.0,0.0,0.0,0.0,0.0,0.0,0.0,0.0,0.0,0.0,0.0,0.0,0.0,0.0,0.18792468225921122,0.0,0.0,0.0,0.09023059086008764,0.0,0.0,0.0,0.0,0.0,0.0,0.0,0.0,0.0,0.0,0.0,0.0,MAc,TRX,MeOH,0.5,1.0,0.0,1.7142857142857142,663,1,3.5,1.24613420707804,0.623067103539018,0.173,0.0865,1.8478390099242903,10.1016/j.cjche.2021.11.025,,1.2324822836367204,0.17764998250669825,0.3552999650133965,0.3552999650133965,0.0,1.8440068184195275,1.8440068184195275
0.8557371303616709,0.0,0.037295728343120324,0.0,0.0,0.0,0.0,0.0,0.0,0.0,0.0,0.0,0.0,0.0,0.0,0.0,0.0,0.0,0.0,0.0,0.0,0.10696714129520886,0.0,0.0,0.0,0.0,0.0,0.0,0.0,0.0,0.0,0.0,0.0,0.0,MAc,TRX,MeOH,0.5,1.0,0.0,1.7142857142857142,663,1,3.5,1.24613420707804,0.623067103539018,0.203,0.1015,2.168273520315786,10.1016/j.cjche.2021.11.025,,1.2324822836367204,0.17764998250669825,0.3552999650133965,0.3552999650133965,0.0,2.1637767869315847,2.1637767869315847
0.784721529772107,0.0,0.0,0.0,0.11718827900637965,0.0,0.0,0.0,0.0,0.0,0.0,0.0,0.0,0.0,0.0,0.0,0.0,0.0,0.0,0.0,0.0,0.09809019122151336,0.0,0.0,0.0,0.0,0.0,0.0,0.0,0.0,0.0,0.0,0.0,0.0,MAc,TRX,MeOH,0.5,1.0,0.0,1.7142857142857142,663,1,3.5,1.24613420707804,0.623067103539018,0.185,0.0925,1.9760128140808888,10.1016/j.cjche.2021.11.025,,1.2324822836367204,0.17764998250669825,0.3552999650133965,0.3552999650133965,0.0,1.9719148058243505,1.9719148058243505
0.729260782917656,0.0,0.0,0.0,0.0,0.0,0.0,0.0,0.0,0.0,0.0,0.0,0.0,0.0,0.17958161921763705,0.0,0.0,0.0,0.0,0.0,0.0,0.091157597864707,0.0,0.0,0.0,0.0,0.0,0.0,0.0,0.0,0.0,0.0,0.0,0.0,MAc,TRX,MeOH,0.5,1.0,0.0,1.7142857142857142,663,1,3.5,1.24613420707804,0.623067103539018,0.174,0.087,1.8585201602706736,10.1016/j.cjche.2021.11.025,,1.2324822836367204,0.17764998250669825,0.3552999650133965,0.3552999650133965,0.0,1.8546658173699295,1.8546658173699295
0.888888888888889,0.0,0.0,0.0,0.0,0.0,0.0,0.0,0.0,0.0,0.0,0.0,0.0,0.0,0.0,0.0,0.0,0.0,0.0,0.0,0.0,0.1111111111111111,0.0,0.0,0.0,0.0,0.0,0.0,0.0,0.0,0.0,0.0,0.0,0.0,MAc,TRX,MeOH,0.5,1.0,0.0,1.7142857142857142,663,1,3.5,1.2461342070780352,0.6230671035390176,0.141,0.0705,1.5060421988400254,10.1016/j.cjche.2021.11.025,,1.2324822836367204,0.17764998250669825,0.3552999650133965,0.3552999650133965,0.0,1.5029188520066672,1.5029188520066672
0.5,0.0,0.0,0.0,0.0,0.0,0.0,0.0,0.0,0.0,0.0,0.0,0.0,0.0,0.0,0.0,0.0,0.0,0.0,0.0,0.0,0.5,0.0,0.0,0.0,0.0,0.0,0.0,0.0,0.0,0.0,0.0,0.0,0.0,MAc,TRX,MeOH,0.5,1.0,0.0,1.7142857142857142,663,1,3.5,1.2461342070780352,0.6230671035390176,0.1087,0.05435,1.1610410426518494,10.1016/j.cjche.2021.11.025,,1.2324822836367204,0.17764998250669825,0.3552999650133965,0.3552999650133965,0.0,1.158633185908686,1.158633185908686
0.5,0.0,0.0,0.0,0.0,0.0,0.0,0.0,0.0,0.0,0.0,0.0,0.0,0.0,0.0,0.0,0.0,0.0,0.0,0.0,0.0,0.5,0.0,0.0,0.0,0.0,0.0,0.0,0.0,0.0,0.0,0.0,0.0,0.0,MAc,TRX,MeOH,0.5,1.0,0.0,1.7142857142857142,663,1,3.5,1.2461342070780352,0.6230671035390176,0.0,0.0,0.0,10.1016/j.cjche.2021.11.025,,1.2324822836367204,0.17764998250669825,0.3552999650133965,0.3552999650133965,0.0,0.0,0.0
1.0,0.0,0.0,0.0,0.0,0.0,0.0,0.0,0.0,0.0,0.0,0.0,0.0,0.0,0.0,0.0,0.0,0.0,0.0,0.0,0.0,0.0,0.0,0.0,0.0,0.0,0.0,0.0,0.0,0.0,0.0,0.0,0.0,0.0,MAc,TRX,MeOH,0.5,1.0,0.0,1.7142857142857142,663,1,3.5,1.2461342070780352,0.6230671035390176,0.111,0.0555,1.1856076884485307,10.1016/j.cjche.2021.11.025,,1.2324822836367204,0.17764998250669825,0.3552999650133965,0.3552999650133965,0.0,1.1831488834946104,1.1831488834946104
0.0,0.0,0.0,0.0,0.0,0.0,0.0,0.0,0.0,0.0,0.0,0.0,0.0,0.0,0.0,0.0,0.0,0.0,0.0,0.0,0.0,0.0,0.0,0.0,0.0,1.0,0.0,0.0,0.0,0.0,0.0,0.0,0.0,0.0,MAc,TRX,MeOH,1.0,2.0,0.0,1.2,628,1,3.0,0.37384026212341054,0.37384026212341054,0.0008682599999999999,0.0008682599999999999,0.006491810919825448,10.1021/acs.iecr.1c04460,,1.0459585698760263,0.12437821153172321,0.12437821153172321,0.24875642306344642,0.0,0.0064795575566720396,0.0064795575566720396
0.03414936819481849,0.0,0.0,0.0,0.0,0.0,0.0,0.0,0.0,0.0,0.0,0.0,0.0,0.0,0.0,0.0,0.0,0.0,0.0,0.0,0.0,0.0,0.0,0.0,0.0,0.9658506318051816,0.0,0.0,0.0,0.0,0.0,0.0,0.0,0.0,MAc,TRX,MeOH,1.0,2.0,0.0,1.2,628,1,3.0,0.37384026212341054,0.37384026212341054,0.05075648,0.05075648,0.3794963157532329,10.1021/acs.iecr.1c04460,,1.0459585698760263,0.12437821153172321,0.12437821153172321,0.24875642306344642,0.0,0.3787800123627407,0.3787800123627407
0.03279857072044701,0.0,0.0,0.0,0.0,0.0,0.0,0.0,0.0395555626875822,0.0,0.0,0.0,0.0,0.0,0.0,0.0,0.0,0.0,0.0,0.0,0.0,0.0,0.0,0.0,0.0,0.9276458665919707,0.0,0.0,0.0,0.0,0.0,0.0,0.0,0.0,MAc,TRX,MeOH,1.0,2.0,0.0,1.2,628,1,3.0,0.37384026212341054,0.37384026212341054,0.2,0.2,1.4953610484936422,10.1021/acs.iecr.1c04460,1,1.0459585698760263,0.12437821153172321,0.12437821153172321,0.24875642306344642,0.0,1.4925385383806786,1.4925385383806786
0.03279857072044701,0.0,0.0,0.0,0.0,0.0,0.0,0.0,0.0395555626875822,0.0,0.0,0.0,0.0,0.0,0.0,0.0,0.0,0.0,0.0,0.0,0.0,0.0,0.0,0.0,0.0,0.9276458665919707,0.0,0.0,0.0,0.0,0.0,0.0,0.0,0.0,MAc,TRX,MeOH,0.6666666666666666,2.0,0.0,1.2,628,1,3.0,0.4477539751062269,0.29850262022055296,0.275,0.18333333333333335,1.6417644933012703,10.1021/acs.iecr.1c04460,,1.0688932206079016,0.09931875031781473,0.1489781254767221,0.2979562509534442,0.0,1.6387593802439433,1.6387593802439433
0.0,0.0,0.0,0.0,0.0,0.0,0.0,0.0,0.0408969233193196,0.0,0.0,0.0,0.0,0.0,0.0,0.0,0.0,0.0,0.0,0.0,0.0,0.0,0.0,0.0,0.0,0.9591030766806804,0.0,0.0,0.0,0.0,0.0,0.0,0.0,0.0,MAc,TRX,MeOH,0.5,1.0,0.0,1.2,623,1,3.0,0.7476805242468211,0.37384026212341054,0.146,0.073,1.0916135654003587,10.1021/acs.iecr.2c00444,,1.2324822836367204,0.1243549877546888,0.2487099755093776,0.2487099755093776,0.0,1.0893496927310737,1.0893496927310737
0.03279857072044701,0.0,0.0,0.0,0.0,0.0,0.0,0.0,0.0395555626875822,0.0,0.0,0.0,0.0,0.0,0.0,0.0,0.0,0.0,0.0,0.0,0.0,0.0,0.0,0.0,0.0,0.9276458665919707,0.0,0.0,0.0,0.0,0.0,0.0,0.0,0.0,MAc,TRX,MeOH,0.5,1.0,0.0,1.2,623,1,3.0,0.7476805242468211,0.37384026212341054,0.285,0.1425,2.13088949410344,10.1021/acs.iecr.2c00444,1,1.2324822836367204,0.1243549877546888,0.2487099755093776,0.2487099755093776,0.0,2.1264702906051784,2.1264702906051784
0.03279857072044701,0.0,0.0,0.0,0.0,0.0,0.0,0.0,0.0395555626875822,0.0,0.0,0.0,0.0,0.0,0.0,0.0,0.0,0.0,0.0,0.0,0.0,0.0,0.0,0.0,0.0,0.9276458665919707,0.0,0.0,0.0,0.0,0.0,0.0,0.0,0.0,MAc,TRX,MeOH,0.5,1.0,0.0,1.2,663,1,3.0,0.7476805242468211,0.37384026212341054,0.502,0.251,3.753356231719042,10.1021/acs.iecr.2c00444,,1.2324822836367204,0.1243549877546888,0.2487099755093776,0.2487099755093776,0.0,3.7455722311712263,3.7455722311712263
0.9630588681995123,0.0,0.0,0.0,0.0,0.0,0.0,0.0,0.03694113180048778,0.0,0.0,0.0,0.0,0.0,0.0,0.0,0.0,0.0,0.0,0.0,0.0,0.0,0.0,0.0,0.0,0.0,0.0,0.0,0.0,0.0,0.0,0.0,0.0,0.0,MAc,TRX,MeOH,1.0,2.0,0.0,3.08,633,1,1.8,0.5757140036700523,0.5757140036700522,0.076245,0.076245,1.4631771403274376,10.1021/acs.iecr.2c03415,,1.0459585698760263,0.3192374095980896,0.3192374095980896,0.6384748191961792,0.0,1.4604153776883804,1.4604153776883804
0.9146333447990858,0.0,0.0,0.0,0.0,0.0,0.0,0.0,0.0,0.0,0.0,0.0,0.0,0.0,0.0,0.0,0.0,0.0,0.0,0.0,0.0,0.0,0.0,0.0,0.0,0.08536665520091422,0.0,0.0,0.0,0.0,0.0,0.0,0.0,0.0,MAc,TRX,MeOH,1.0,2.0,0.0,3.08,633,1,1.8,0.5757140036700523,0.5757140036700522,0.036456,0.036456,0.6996076572598475,10.1021/acs.iecr.2c03415,,1.0459585698760263,0.3192374095980896,0.3192374095980896,0.6384748191961792,0.0,0.6982871402584774,0.6982871402584774
0.883632324501284,0.0,0.0,0.0,0.0,0.0,0.0,0.0,0.033894478562457885,0.0,0.0,0.0,0.0,0.0,0.0,0.0,0.0,0.0,0.0,0.0,0.0,0.0,0.0,0.0,0.0,0.0824731969362581,0.0,0.0,0.0,0.0,0.0,0.0,0.0,0.0,MAc,TRX,MeOH,1.0,2.0,0.0,3.08,633,1,1.8,0.5757140036700523,0.5757140036700522,0.178192,0.178192,3.4195876580657982,10.1021/acs.iecr.2c03415,,1.0459585698760263,0.3192374095980896,0.3192374095980896,0.6384748191961792,0.0,3.4131331494661667,3.4131331494661667
0.883632324501284,0.0,0.0,0.0,0.0,0.0,0.0,0.0,0.033894478562457885,0.0,0.0,0.0,0.0,0.0,0.0,0.0,0.0,0.0,0.0,0.0,0.0,0.0,0.0,0.0,0.0,0.0824731969362581,0.0,0.0,0.0,0.0,0.0,0.0,0.0,0.0,MAc,TRX,MeOH,0.5,0.5,0.0,3.08,633,1,1.8,1.540119775858888,0.770059887929444,0.23644799999999996,0.11822399999999998,6.0693040127047055,10.1021/acs.iecr.2c03415,1,1.381690723794539,0.42680701942544036,0.8536140388508807,0.42680701942544036,0.0,6.0550599677463905,6.0550599677463905
0.04761904761904762,0.0,0.0,0.0,0.0,0.0,0.0,0.0,0.0,0.0,0.0,0.0,0.0,0.0,0.0,0.0,0.0,0.0,0.0,0.0,0.0,0.0,0.0,0.0,0.0,0.9523809523809523,0.0,0.0,0.0,0.0,0.0,0.0,0.0,0.0,MAc,TRX,MeOH,1.0,2.0,0.0,2.0,633,1,1.8,0.37384026212341065,0.37384026212341065,0.022960000000000005,0.022960000000000005,0.28611241394511705,10.1016/j.cej.2023.145655,,1.0459585698760263,0.20729701921953866,0.20729701921953866,0.41459403843907733,0.0,0.2855723736768365,0.2855723736768365
0.044151312883873736,0.0,0.0,0.0,0.0,0.0,0.0,0.0,0.07282242943865161,0.0,0.0,0.0,0.0,0.0,0.0,0.0,0.0,0.0,0.0,0.0,0.0,0.0,0.0,0.0,0.0,0.8830262576774747,0.0,0.0,0.0,0.0,0.0,0.0,0.0,0.0,MAc,TRX,MeOH,1.0,2.0,0.0,2.0,653,1,1.8,0.37384026212341065,0.37384026212341065,0.43148475,0.43148475,5.3768790680751435,10.1016/j.cej.2023.145655,1,1.0459585698760263,0.20729701921953866,0.20729701921953866,0.41459403843907733,0.0,5.36673015082127,5.36673015082127
0.044151312883873736,0.0,0.0,0.0,0.0,0.0,0.0,0.0,0.07282242943865161,0.0,0.0,0.0,0.0,0.0,0.0,0.0,0.0,0.0,0.0,0.0,0.0,0.0,0.0,0.0,0.0,0.8830262576774747,0.0,0.0,0.0,0.0,0.0,0.0,0.0,0.0,MAc,TRX,MeOH,1.0,2.0,0.0,3.2,653,1,1.8,0.5981444193974575,0.5981444193974575,0.39640400000000003,0.39640400000000003,7.903561347560993,10.1016/j.cej.2023.145655,,1.0459585698760263,0.3316752307512619,0.3316752307512619,0.6633504615025237,0.0,7.888643290243393,7.888643290243393
0.0,0.0,0.0,0.0,0.0,0.0,0.0,0.0,0.0408969233193196,0.0,0.0,0.0,0.0,0.0,0.0,0.0,0.0,0.0,0.0,0.0,0.0,0.0,0.0,0.0,0.0,0.9591030766806804,0.0,0.0,0.0,0.0,0.0,0.0,0.0,0.0,MAc,TRX,MeOH,1.0,2.0,0.0,1.2,633,1,3.0,0.37384026212341054,0.37384026212341054,0.1347192,0.1347192,1.0072692208211234,10.1080/00219592.2023.2300818,,1.0459585698760263,0.12437821153172321,0.12437821153172321,0.24875642306344642,0.0,1.0053679892990717,1.0053679892990717
0.0,0.0,0.0,0.0,0.0,0.0,0.0,0.0,0.03996248396788318,0.0,0.0,0.0,0.0,0.0,0.0,0.0,0.0,0.0,0.0,0.0,0.0,0.0,0.0,0.0,0.0,0.9371888693468785,0.0,0.0,0.0,0.0,0.0,0.0,0.0,0.022848646685238228,MAc,TRX,MeOH,1.0,2.0,0.0,1.2,633,1,3.0,0.37384026212341054,0.37384026212341054,0.28612752,0.28612752,2.139319741550428,10.1080/00219592.2023.2300818,1,1.0459585698760263,0.12437821153172321,0.12437821153172321,0.24875642306344642,0.0,2.135281752456442,2.135281752456442
0.0,0.0,0.0,0.0,0.0,0.0,0.0,0.0,0.0408969233193196,0.0,0.0,0.0,0.0,0.0,0.0,0.0,0.0,0.0,0.0,0.0,0.0,0.0,0.0,0.0,0.0,0.9591030766806804,0.0,0.0,0.0,0.0,0.0,0.0,0.0,0.0,MAc,TRX,MeOH,0.5,1.0,0.0,1.2,633,1,3.0,0.7476805242468211,0.3738402621234106,0.1784,0.0892,1.3338620552563292,10.1021/acs.iecr.4c00771,,1.2324822836367204,0.1243549877546888,0.2487099755093776,0.2487099755093776,0.0,1.331095788926189,1.331095788926189
0.0,0.0,0.0,0.0,0.0,0.0,0.0,0.0,0.0403310882825226,0.0,0.0,0.0,0.0,0.0,0.0,0.0,0.0,0.0,0.0,0.0,0.0,0.0,0.0,0.0,0.0,0.9458332734622713,0.0,0.0,0.0,0.0,0.0,0.0,0.0,0.013835638255206124,MAc,TRX,MeOH,0.5,1.0,0.0,1.2,643,1,3.0,0.7476805242468211,0.3738402621234106,0.449,0.2245,3.3570855538682274,10.1021/acs.iecr.4c00771,,1.2324822836367204,0.1243549877546888,0.2487099755093776,0.2487099755093776,0.0,3.3501233701113162,3.3501233701113162
0.0,0.0,0.0,0.0,0.0,0.0,0.0,0.0,0.0403310882825226,0.0,0.0,0.0,0.0,0.0,0.0,0.0,0.0,0.0,0.0,0.0,0.0,0.0,0.0,0.0,0.0,0.9458332734622713,0.0,0.0,0.0,0.0,0.0,0.0,0.0,0.013835638255206124,MAc,TRX,MeOH,2.0,2.0,0.0,1.2,643,1,3.0,0.25001944413293636,0.5000388882658727,0.2376,0.4752,2.376184797039427,10.1021/acs.iecr.4c00771,1,1.0075449131529735,0.166350751335778,0.083175375667889,0.166350751335778,0.0,2.3714963110428515,2.3714963110428515
0.0,0.0,0.0,0.0,0.0,0.0,0.0,0.0,0.040762680331062506,0.0,0.0,0.0,0.0,0.0,0.0,0.0,0.0,0.0,0.0,0.0,0.0,0.0,0.0,0.0,0.0,0.9592373196689374,0.0,0.0,0.0,0.0,0.0,0.0,0.0,0.0,MAc,TRX,MeOH,2.0,2.0,0.0,1.6000000000000003,643,1,3.0,0.33335925884391515,0.6667185176878303,0.13017499999999999,0.26034999999999997,1.7358016608002662,10.1016/j.ces.2024.120716,,1.0075449131529735,0.2218010017810374,0.1109005008905187,0.2218010017810374,0.0,1.7323767244107924,1.7323767244107924
0.0,0.0,0.0,0.0,0.0,0.0,0.0,0.0,0.040203876752546365,0.0,0.0,0.0,0.0,0.0,0.0,0.0,0.0,0.0,0.0,0.0,0.0,0.0,0.0,0.0,0.0,0.9460874177850626,0.0,0.0,0.0,0.0,0.0,0.0,0.0,0.013708705462391016,MAc,TRX,MeOH,2.0,2.0,0.0,1.6000000000000003,643,1,3.0,0.33335925884391515,0.6667185176878303,0.232024,0.464048,3.093893946960023,10.1016/j.ces.2024.120716,1,1.0075449131529735,0.2218010017810374,0.1109005008905187,0.2218010017810374,0.0,3.087789338234605,3.087789338234605
0.0,0.0,0.0,0.0,0.0,0.0,0.0,0.0,0.019608809579558167,0.0,0.0,0.0,0.0,0.0,0.0,0.0,0.0,0.0,0.0,0.0,0.0,0.0,0.0,0.0,0.0,0.9803911904204419,0.0,0.0,0.0,0.0,0.0,0.0,0.0,0.0,MAc,FORM,"MeOH 
 + H$_2$O",6.0,1.0,0.0,1.0613146692418964,653,1,5.0,0.14942800574837473,0.8965680344902484,0.1458,0.8748,1.5686354331441386,10.4028/www.scientific.net/AMR.629.376,,0.940516407990598,0.17898794836706058,0.02983132472784343,0.02983132472784343,0.0,1.5657865723150461,1.5657865723150461
0.9803921357912843,0.0,0.0,0.0,0.0,0.0,0.0,0.0,0.019607864208715835,0.0,0.0,0.0,0.0,0.0,0.0,0.0,0.0,0.0,0.0,0.0,0.0,0.0,0.0,0.0,0.0,0.0,0.0,0.0,0.0,0.0,0.0,0.0,0.0,0.0,MAc,FORM,"MeOH 
 + H$_2$O",6.0,1.0,0.0,1.0613146692418964,683,1,5.0,0.14942800574837473,0.8965680344902484,0.02810928,0.16865568,0.30242258304643255,10.4028/www.scientific.net/AMR.629.376,,0.940516407990598,0.17898794836706058,0.02983132472784343,0.02983132472784343,0.0,0.3018733414365149,0.3018733414365149
0.9803921357912843,0.0,0.0,0.0,0.0,0.0,0.0,0.0,0.019607864208715835,0.0,0.0,0.0,0.0,0.0,0.0,0.0,0.0,0.0,0.0,0.0,0.0,0.0,0.0,0.0,0.0,0.0,0.0,0.0,0.0,0.0,0.0,0.0,0.0,0.0,MAc,FORM,"MeOH 
 + H$_2$O",6.0,1.0,0.0,1.0613146692418964,653,1,5.0,0.14942800574837473,0.8965680344902484,0.1344,0.8064,1.4459849260258726,10.4028/www.scientific.net/AMR.629.376,,0.940516407990598,0.17898794836706058,0.02983132472784343,0.02983132472784343,0.0,1.4433588156319763,1.4433588156319765
0.9803921357912843,0.0,0.0,0.0,0.0,0.0,0.0,0.0,0.019607864208715835,0.0,0.0,0.0,0.0,0.0,0.0,0.0,0.0,0.0,0.0,0.0,0.0,0.0,0.0,0.0,0.0,0.0,0.0,0.0,0.0,0.0,0.0,0.0,0.0,0.0,MAc,FORM,"MeOH 
 + H$_2$O",6.0,1.0,0.0,1.0613146692418964,663,1,5.0,0.14942800574837473,0.8965680344902484,0.1651,0.9905999999999999,1.77628058993208,10.4028/www.scientific.net/AMR.629.376,,0.940516407990598,0.17898794836706058,0.02983132472784343,0.02983132472784343,0.0,1.7730546165241021,1.7730546165241021
0.003900944253601011,0.0,0.0,0.0,0.0,0.0,0.0,0.0,0.020862992346146466,0.0,0.0,0.0,0.0,0.0,0.0,0.0,0.0,0.0,0.0,0.0,0.0,0.0,0.0,0.0,0.0,0.9752360634002526,0.0,0.0,0.0,0.0,0.0,0.0,0.0,0.0,MAc,FORM,"MeOH 
 + H$_2$O",6.0,1.0,0.0,1.0613146692418964,663,1,5.0,0.14942800574837473,0.8965680344902484,0.029085199999999995,0.17451119999999998,0.31292232716106916,10.1556/JFC-D-14-00035,,0.940516407990598,0.17898794836706058,0.02983132472784343,0.02983132472784343,0.0,0.3123540165507378,0.3123540165507378
0.9822312187571811,0.0,0.0,0.0,0.0,0.0,0.0,0.0,0.01776878124281893,0.0,0.0,0.0,0.0,0.0,0.0,0.0,0.0,0.0,0.0,0.0,0.0,0.0,0.0,0.0,0.0,0.0,0.0,0.0,0.0,0.0,0.0,0.0,0.0,0.0,MAc,FORM,"MeOH 
 + H$_2$O",6.0,1.0,0.0,1.0613146692418964,653,1,5.0,0.14942800574837473,0.8965680344902484,0.023781450000000003,0.1426887,0.2558602546059374,10.1556/JFC-D-14-00035,,0.940516407990598,0.17898794836706058,0.02983132472784343,0.02983132472784343,0.0,0.25539557668163004,0.25539557668163
0.0,0.0,0.0,0.0,0.0,0.0,0.0,0.0,0.02087533004573271,0.0,0.0,0.0,0.0,0.0,0.0,0.0,0.0,0.0,0.0,0.0,0.0,0.0,0.0,0.0,0.0,0.9791246699542674,0.0,0.0,0.0,0.0,0.0,0.0,0.0,0.0,MAc,FORM,"MeOH 
 + H$_2$O",6.0,1.0,0.0,1.0613146692418964,653,1,5.0,0.14942800574837473,0.8965680344902484,0.06340655,0.38043930000000004,0.6821794308876921,10.1556/JFC-D-14-00035,,0.940516407990598,0.17898794836706058,0.02983132472784343,0.02983132472784343,0.0,0.6809404978520068,0.6809404978520068
0.0,0.0,0.0,0.0,0.0,0.0,0.0,0.0,0.02087533004573271,0.0,0.0,0.0,0.0,0.0,0.0,0.0,0.0,0.0,0.0,0.0,0.0,0.0,0.0,0.0,0.0,0.9791246699542674,0.0,0.0,0.0,0.0,0.0,0.0,0.0,0.0,MAc,FORM,"MeOH 
 + H$_2$O",6.0,1.0,0.0,1.0613146692418964,653,1,5.0,0.14942800574837473,0.8965680344902484,0.08833824999999998,0.5300294999999999,0.950415014073698,10.1556/JFC-D-14-00035,,0.940516407990598,0.17898794836706058,0.02983132472784343,0.02983132472784343,0.0,0.9486889277901892,0.9486889277901892
0.0,0.0,0.0,0.0,0.0,0.0,0.0,0.0,0.02087533004573271,0.0,0.0,0.0,0.0,0.0,0.0,0.0,0.0,0.0,0.0,0.0,0.0,0.0,0.0,0.0,0.0,0.9791246699542674,0.0,0.0,0.0,0.0,0.0,0.0,0.0,0.0,MAc,FORM,"MeOH 
 + H$_2$O",10.0,1.0,0.0,1.06535581986919,653,1,5.0,0.09757976855977747,0.9757976855977746,0.0695773,0.695773,0.8147204197217046,10.1556/JFC-D-14-00035,,0.936840605406308,0.194782604283748,0.019478260428374798,0.019478260428374798,0.0,0.8131468615818971,0.8131468615818971
0.0,0.0,0.0,0.0,0.0,0.0,0.0,0.0,0.02087533004573271,0.0,0.0,0.0,0.0,0.0,0.0,0.0,0.0,0.0,0.0,0.0,0.0,0.0,0.0,0.0,0.0,0.9791246699542674,0.0,0.0,0.0,0.0,0.0,0.0,0.0,0.0,MAc,FORM,"MeOH 
 + H$_2$O",10.0,1.0,0.0,1.06535581986919,653,1,5.0,0.09757976855977747,0.9757976855977746,0.060373170000000004,0.6037317,0.7069439946984121,10.1556/JFC-D-14-00035,,0.936840605406308,0.194782604283748,0.019478260428374798,0.019478260428374798,0.0,0.7055785968879268,0.7055785968879267
0.0,0.0,0.0,0.0,0.0,0.0,0.0,0.0,0.020805381727799256,0.0,0.0,0.0,0.0,0.0,0.0,0.0,0.0,0.0,0.0,0.0,0.0,0.0,0.0,0.0,0.0,0.9791946182722008,0.0,0.0,0.0,0.0,0.0,0.0,0.0,0.0,MAc,FORM,"MeOH 
 + H$_2$O",10.0,1.0,0.0,1.06535581986919,653,1,5.0,0.09757976855977747,0.9757976855977746,0.05048,0.5047999999999999,0.5910992060277078,10.1039/C5RA05133A,,0.936840605406308,0.194782604283748,0.019478260428374798,0.019478260428374798,0.0,0.5899575518546158,0.5899575518546157
0.0,0.0,0.0,0.0,0.0,0.0,0.0,0.0,0.020805381727799256,0.0,0.0,0.0,0.0,0.0,0.0,0.0,0.0,0.0,0.0,0.0,0.0,0.0,0.0,0.0,0.0,0.9791946182722008,0.0,0.0,0.0,0.0,0.0,0.0,0.0,0.0,MAc,FORM,"MeOH 
 + H$_2$O",10.0,1.0,0.0,1.06535581986919,653,1,5.0,0.09757976855977747,0.9757976855977746,0.06854,0.6854,0.8025740804504577,10.1039/C5RA05133A,,0.936840605406308,0.194782604283748,0.019478260428374798,0.019478260428374798,0.0,0.8010239818564853,0.8010239818564852
0.0,0.0,0.0,0.0,0.0,0.0,0.0,0.0,0.020557058712743825,0.0,0.0,0.0,0.0,0.0,0.0,0.0,0.0,0.0,0.0,0.0,0.0,0.0,0.0,0.0,0.011935518333875647,0.9675074229533804,0.0,0.0,0.0,0.0,0.0,0.0,0.0,0.0,MAc,FORM,"MeOH 
 + H$_2$O",10.0,1.0,0.0,1.06535581986919,653,1,5.0,0.09757976855977747,0.9757976855977746,0.08103999999999999,0.8103999999999999,0.9489437332901238,10.1039/C5RA05133A,,0.936840605406308,0.194782604283748,0.019478260428374798,0.019478260428374798,0.0,0.9471109350692961,0.9471109350692961
0.0,0.0,0.0,0.0,0.0,0.0,0.0,0.0,0.020344211757015295,0.0,0.0,0.0,0.010353959615661655,0.0,0.0,0.0,0.0,0.0,0.0,0.0,0.0,0.0,0.0,0.0,0.01181193845905471,0.9574898901682684,0.0,0.0,0.0,0.0,0.0,0.0,0.0,0.0,MAc,FORM,"MeOH 
 + H$_2$O",10.0,1.0,0.0,1.06535581986919,653,1,5.0,0.09757976855977747,0.9757976855977746,0.091,0.9099999999999999,1.0655710726727698,10.1039/C5RA05133A,Cs–La–Sb --SiO2-(V),0.936840605406308,0.194782604283748,0.019478260428374798,0.019478260428374798,0.0,1.0635130193892641,1.063513019389264
0.0,0.0,0.0,0.0,0.0,0.0,0.0,0.0,0.020344211757015295,0.0,0.0,0.0,0.010353959615661655,0.0,0.0,0.0,0.0,0.0,0.0,0.0,0.0,0.0,0.0,0.0,0.01181193845905471,0.9574898901682684,0.0,0.0,0.0,0.0,0.0,0.0,0.0,0.0,MAc,FORM,"MeOH 
 + H$_2$O",10.0,1.0,0.0,1.06535581986919,653,1,5.0,0.09757976855977747,0.9757976855977746,0.09204000000000001,0.9204000000000001,1.0777490277890303,10.1039/C5RA05133A,Cs–La–Sb--SiO2-(U),0.936840605406308,0.194782604283748,0.019478260428374798,0.019478260428374798,0.0,1.07566745389657,1.07566745389657
0.0,0.0,0.0,0.0,0.0,0.0,0.0,0.0,0.0,0.0,0.0,0.0,0.0,0.0,0.0,0.0,0.0,0.0,0.0,0.0,0.0,0.0,0.0,0.0,0.0,1.0,0.0,0.0,0.0,0.0,0.0,0.0,0.0,0.0,MAc,TRX,MeOH,0.5,1.0,0.0,3.6,663,1,1.0,0.7476805242468211,0.37384026212341054,0.0042,0.0021,0.09420774605509945,10.1021/acs.iecr.7b02841,SBA15,1.2324822836367204,0.3730649632640664,0.7461299265281328,0.7461299265281328,0.0,0.09401237074254473,0.09401237074254473
0.0,0.0,0.0,0.0,0.0,0.0,0.0,0.0,0.0,0.0,0.0,0.0,0.0,0.0217472531225363,0.0,0.0,0.0,0.0,0.0,0.0,0.0,0.0,0.0,0.0,0.0,0.9782527468774638,0.0,0.0,0.0,0.0,0.0,0.0,0.0,0.0,MAc,TRX,MeOH,0.5,1.0,0.0,3.6,663,1,1.0,0.7476805242468211,0.37384026212341054,0.0318,0.0159,0.7132872201314674,10.1021/acs.iecr.7b02841,Li-SBA15,1.2324822836367204,0.3730649632640664,0.7461299265281328,0.7461299265281328,0.0,0.7118079499078387,0.7118079499078387
0.0,0.0,0.0,0.0,0.0,0.0,0.0,0.0,0.0,0.0,0.0,0.0,0.0,0.0,0.0,0.0,0.0,0.021747466626538713,0.0,0.0,0.0,0.0,0.0,0.0,0.0,0.9782525333734612,0.0,0.0,0.0,0.0,0.0,0.0,0.0,0.0,MAc,TRX,MeOH,0.5,1.0,0.0,3.6,663,1,1.0,0.7476805242468211,0.37384026212341054,0.0654,0.0327,1.466949188572263,10.1021/acs.iecr.7b02841,Na-SBA15,1.2324822836367204,0.3730649632640664,0.7461299265281328,0.7461299265281328,0.0,1.4639069158481965,1.4639069158481965
0.0,0.0,0.0,0.0,0.0,0.0,0.0,0.0,0.0,0.0,0.0,0.021748178131884004,0.0,0.0,0.0,0.0,0.0,0.0,0.0,0.0,0.0,0.0,0.0,0.0,0.0,0.978251821868116,0.0,0.0,0.0,0.0,0.0,0.0,0.0,0.0,MAc,TRX,MeOH,0.5,1.0,0.0,3.6,663,1,1.0,0.7476805242468211,0.37384026212341054,0.1648,0.0824,3.6965325118762835,10.1021/acs.iecr.7b02841,K-SBA15,1.2324822836367204,0.3730649632640664,0.7461299265281328,0.7461299265281328,0.0,3.6888663567550886,3.6888663567550886
0.0,0.0,0.0,0.0,0.0,0.0,0.0,0.0,0.0,0.0,0.0,0.0,0.0,0.0,0.0,0.0,0.0,0.0,0.0,0.0,0.0,0.0,0.021747800737615067,0.0,0.0,0.9782521992623848,0.0,0.0,0.0,0.0,0.0,0.0,0.0,0.0,MAc,TRX,MeOH,0.5,1.0,0.0,3.6,663,1,1.0,0.7476805242468211,0.37384026212341054,0.1857,0.09285,4.16532820057904,10.1021/acs.iecr.7b02841,Rb-SBA15,1.2324822836367204,0.3730649632640664,0.7461299265281328,0.7461299265281328,0.0,4.156689820688228,4.156689820688228
0.0,0.0,0.0,0.0,0.0,0.0,0.0,0.0,0.02174798113135681,0.0,0.0,0.0,0.0,0.0,0.0,0.0,0.0,0.0,0.0,0.0,0.0,0.0,0.0,0.0,0.0,0.9782520188686432,0.0,0.0,0.0,0.0,0.0,0.0,0.0,0.0,MAc,TRX,MeOH,0.5,1.0,0.0,3.6,663,1,1.0,0.7476805242468211,0.37384026212341054,0.2051,0.10255,4.600478265690691,10.1021/acs.iecr.7b02841,Cs-SBA15,1.2324822836367204,0.3730649632640664,0.7461299265281328,0.7461299265281328,0.0,4.590937437927601,4.590937437927601
0.0,0.0,0.0,0.0,0.0,0.0,0.0,0.0,0.02174798113135681,0.0,0.0,0.0,0.0,0.0,0.0,0.0,0.0,0.0,0.0,0.0,0.0,0.0,0.0,0.0,0.0,0.9782520188686432,0.0,0.0,0.0,0.0,0.0,0.0,0.0,0.0,MAc,TRX,MeOH,0.5,1.0,0.0,1.0,663,1,1.0,0.20768903451300585,0.10384451725650293,0.294028235662009,0.1470141178310045,1.831993211526156,10.1021/acs.iecr.7b02841,LHSV-0.5,1.2324822836367204,0.10362915646224066,0.20725831292448132,0.20725831292448132,0.0,1.8281938822640937,1.8281938822640937
0.0,0.0,0.0,0.0,0.0,0.0,0.0,0.0,0.02174798113135681,0.0,0.0,0.0,0.0,0.0,0.0,0.0,0.0,0.0,0.0,0.0,0.0,0.0,0.0,0.0,0.0,0.9782520188686432,0.0,0.0,0.0,0.0,0.0,0.0,0.0,0.0,MAc,TRX,MeOH,0.5,1.0,0.0,3.6,663,1,1.0,0.7476805242468211,0.37384026212341054,0.268735619409261,0.1343678097046305,6.027851664111314,10.1021/acs.iecr.7b02841,LHSV-1.8,1.2324822836367204,0.3730649632640664,0.7461299265281328,0.7461299265281328,0.0,6.015350638959725,6.015350638959725
0.0,0.0,0.0,0.0,0.0,0.0,0.0,0.0,0.02174798113135681,0.0,0.0,0.0,0.0,0.0,0.0,0.0,0.0,0.0,0.0,0.0,0.0,0.0,0.0,0.0,0.0,0.9782520188686432,0.0,0.0,0.0,0.0,0.0,0.0,0.0,0.0,MAc,TRX,MeOH,0.5,1.0,0.0,5.4,663,1,1.0,1.1215207863702317,0.5607603931851158,0.192136683649699,0.0960683418248495,6.464558536121364,10.1021/acs.iecr.7b02841,LHSV-2.7,1.2324822836367204,0.5595974448960995,1.119194889792199,1.119194889792199,0.0,6.451151834470904,6.451151834470904
0.0,0.0,0.0,0.0,0.0,0.0,0.0,0.0,0.02174798113135681,0.0,0.0,0.0,0.0,0.0,0.0,0.0,0.0,0.0,0.0,0.0,0.0,0.0,0.0,0.0,0.0,0.9782520188686432,0.0,0.0,0.0,0.0,0.0,0.0,0.0,0.0,MAc,TRX,MeOH,0.5,1.0,0.0,3.6,618,1,1.0,0.7476805242468211,0.37384026212341054,0.122571880503689,0.0612859402518445,2.749338236187507,10.1021/acs.iecr.7b02841,LHSV-1.8_T-618,1.2324822836367204,0.3730649632640664,0.7461299265281328,0.7461299265281328,0.0,2.7436364458389764,2.7436364458389764
0.0,0.0,0.0,0.0,0.0,0.0,0.0,0.0,0.02174798113135681,0.0,0.0,0.0,0.0,0.0,0.0,0.0,0.0,0.0,0.0,0.0,0.0,0.0,0.0,0.0,0.0,0.9782520188686432,0.0,0.0,0.0,0.0,0.0,0.0,0.0,0.0,MAc,TRX,MeOH,0.5,1.0,0.0,3.6,648,1,1.0,0.7476805242468211,0.37384026212341054,0.216209306210327,0.1081046531051635,4.849664622431363,10.1021/acs.iecr.7b02841,LHSV-1.8_T-648,1.2324822836367204,0.3730649632640664,0.7461299265281328,0.7461299265281328,0.0,4.839607012722296,4.839607012722296
0.0,0.0,0.0,0.0,0.0,0.0,0.0,0.0,0.02174798113135681,0.0,0.0,0.0,0.0,0.0,0.0,0.0,0.0,0.0,0.0,0.0,0.0,0.0,0.0,0.0,0.0,0.9782520188686432,0.0,0.0,0.0,0.0,0.0,0.0,0.0,0.0,MAc,TRX,MeOH,0.5,1.0,0.0,3.6,678,1,1.0,0.7476805242468211,0.37384026212341054,0.283177704807706,0.141588852403853,6.351793643569115,10.1021/acs.iecr.7b02841,LHSV-1.8_T-678,1.2324822836367204,0.3730649632640664,0.7461299265281328,0.7461299265281328,0.0,6.338620802477369,6.338620802477369
0.0,0.0,0.0,0.0,0.0,0.0,0.0,0.0,0.02174798113135681,0.0,0.0,0.0,0.0,0.0,0.0,0.0,0.0,0.0,0.0,0.0,0.0,0.0,0.0,0.0,0.0,0.9782520188686432,0.0,0.0,0.0,0.0,0.0,0.0,0.0,0.0,MAc,TRX,MeOH,0.5,1.0,0.0,3.6,708,1,1.0,0.7476805242468211,0.37384026212341054,0.261363223909161,0.1306816119545805,5.8624857681372236,10.1021/acs.iecr.7b02841,LHSV-1.8_T-708,1.2324822836367204,0.3730649632640664,0.7461299265281328,0.7461299265281328,0.0,5.850327691574947,5.850327691574947
0.0,0.0,0.0,0.0,0.0,0.0,0.0,0.0,0.02174798113135681,0.0,0.0,0.0,0.0,0.0,0.0,0.0,0.0,0.0,0.0,0.0,0.0,0.0,0.0,0.0,0.0,0.9782520188686432,0.0,0.0,0.0,0.0,0.0,0.0,0.0,0.0,MAc,TRX,MeOH,1.0,1.3333333333333333,0.0,1.8,663,1,1.0,0.22473161896803162,0.22473161896803165,0.246184865536795,0.246184865536795,3.319531403850667,10.1021/acs.iecr.7b02841,LHSV-0.9_T-663_R_1.5-1.5-2,1.0976967828995543,0.22427912202538058,0.22427912202538058,0.2990388293671741,0.0,3.3128475299117253,3.3128475299117253
0.0,0.0,0.0,0.0,0.0,0.0,0.0,0.0,0.02174798113135681,0.0,0.0,0.0,0.0,0.0,0.0,0.0,0.0,0.0,0.0,0.0,0.0,0.0,0.0,0.0,0.0,0.9782520188686432,0.0,0.0,0.0,0.0,0.0,0.0,0.0,0.0,MAc,TRX,MeOH,2.0,2.0,0.0,1.8,663,1,1.0,0.12500972206646818,0.2500194441329364,0.151632732424488,0.303265464848976,2.274667888387726,10.1021/acs.iecr.7b02841,LHSV-0.9_T-663_R_2-1-2,1.0075449131529735,0.24952612700366705,0.12476306350183353,0.24952612700366705,0.0,2.2701797069319514,2.2701797069319514
0.0,0.0,0.0,0.0,0.0,0.0,0.0,0.0,0.02174798113135681,0.0,0.0,0.0,0.0,0.0,0.0,0.0,0.0,0.0,0.0,0.0,0.0,0.0,0.0,0.0,0.0,0.9782520188686432,0.0,0.0,0.0,0.0,0.0,0.0,0.0,0.0,MAc,TRX,MeOH,0.5,1.0,0.0,1.8,663,1,1.0,0.37384026212341054,0.18692013106170527,0.28517548628444084,0.14258774314222042,3.198302356312393,10.1021/acs.iecr.7b02841,Cs-SBA15-long,1.2324822836367204,0.1865324816320332,0.3730649632640664,0.3730649632640664,0.0,3.191669469435516,3.191669469435516
0.0,0.0,0.0,0.0,0.0,0.0,0.0,0.0,0.0,0.0,0.0,0.0,0.0,0.0,0.0,0.0,0.0,0.0,0.0,0.0,0.0,0.0,0.0,0.0,0.0,1.0,0.0,0.0,0.0,0.0,0.0,0.0,0.0,0.0,MAc,TRX,MeOH,0.5,1.0,0.0,1.8,663,1,1.0,0.37384026212341054,0.18692013106170527,0.00684,0.00342,0.07671202178772384,10.1007/s10562-018-2609-8,,1.2324822836367204,0.1865324816320332,0.3730649632640664,0.3730649632640664,0.0,0.07655293046178642,0.07655293046178642
0.0,0.0,0.0,0.0,0.0,0.0,0.0,0.0,0.0,0.0,0.0,0.0,0.0,0.0,0.0,0.0,0.0,0.0,0.0,0.0,0.0,0.0,0.0,0.0,0.0,1.0,0.0,0.0,0.0,0.0,0.0,0.0,0.0,0.0,MAc,TRX,MeOH,0.5,1.0,0.0,1.8,663,1,1.0,0.37384026212341054,0.18692013106170527,0.04464,0.02232,0.5006468790356714,10.1007/s10562-018-2609-8,,1.2324822836367204,0.1865324816320332,0.3730649632640664,0.3730649632640664,0.0,0.49960859880323777,0.49960859880323777
0.0,0.0,0.0,0.0,0.0,0.0,0.0,0.0,0.0,0.0,0.0,0.0,0.0,0.0,0.0,0.0,0.0,0.0,0.0,0.0,0.0,0.0,0.0,0.0,0.0,1.0,0.0,0.0,0.0,0.0,0.0,0.0,0.0,0.0,MAc,TRX,MeOH,0.5,1.0,0.0,1.8,663,1,1.0,0.37384026212341054,0.18692013106170527,0.045579999999999996,0.022789999999999998,0.5111891744275515,10.1007/s10562-018-2609-8,,1.2324822836367204,0.1865324816320332,0.3730649632640664,0.3730649632640664,0.0,0.5101290307672843,0.5101290307672843
0.0,0.0,0.0,0.0,0.0,0.0,0.0,0.0,0.02174798113135681,0.0,0.0,0.0,0.0,0.0,0.0,0.0,0.0,0.0,0.0,0.0,0.0,0.0,0.0,0.0,0.0,0.9782520188686432,0.0,0.0,0.0,0.0,0.0,0.0,0.0,0.0,MAc,TRX,MeOH,0.5,1.0,0.0,1.8,663,1,1.0,0.37384026212341054,0.18692013106170527,0.19838,0.09919,2.2248729360012653,10.1007/s10562-018-2609-8,0.37micrompgCs-ASilica,1.2324822836367204,0.1865324816320332,0.3730649632640664,0.3730649632640664,0.0,2.220258822369765,2.220258822369765
0.0,0.0,0.0,0.0,0.0,0.0,0.0,0.0,0.02174798113135681,0.0,0.0,0.0,0.0,0.0,0.0,0.0,0.0,0.0,0.0,0.0,0.0,0.0,0.0,0.0,0.0,0.9782520188686432,0.0,0.0,0.0,0.0,0.0,0.0,0.0,0.0,MAc,TRX,MeOH,0.5,1.0,0.0,1.8,663,1,1.0,0.37384026212341054,0.18692013106170527,0.3276,0.1638,3.6741020961488786,10.1007/s10562-018-2609-8,0.37micrompgCs-BSilica,1.2324822836367204,0.1865324816320332,0.3730649632640664,0.3730649632640664,0.0,3.6664824589592446,3.6664824589592446
0.0,0.0,0.0,0.0,0.0,0.0,0.0,0.0,0.02174798113135681,0.0,0.0,0.0,0.0,0.0,0.0,0.0,0.0,0.0,0.0,0.0,0.0,0.0,0.0,0.0,0.0,0.9782520188686432,0.0,0.0,0.0,0.0,0.0,0.0,0.0,0.0,MAc,TRX,MeOH,0.5,1.0,0.0,1.8,663,1,1.0,0.37384026212341054,0.18692013106170527,0.3185,0.15925,3.5720437045891877,10.1007/s10562-018-2609-8,0.37micrompgCs-CSilica,1.2324822836367204,0.1865324816320332,0.3730649632640664,0.3730649632640664,0.0,3.5646357239881548,3.5646357239881548
0.0,0.0,0.0,0.0,0.0,0.0,0.0,0.0,0.007158591798933484,0.0,0.0,0.0,0.0,0.0,0.0,0.0,0.0,0.0,0.0,0.0,0.0,0.0,0.0,0.0,0.0,0.9928414082010665,0.0,0.0,0.0,0.0,0.0,0.0,0.0,0.0,MAc,TRX,MeOH,0.5,1.0,0.0,1.8,663,1,1.0,0.37384026212341054,0.18692013106170527,0.239180830464716,0.119590415232358,2.6824627306747333,10.1007/s10562-018-2609-8,0.12micrompgCs-BSilica,1.2324822836367204,0.1865324816320332,0.3730649632640664,0.3730649632640664,0.0,2.6768996319236447,2.6768996319236447
0.0,0.0,0.0,0.0,0.0,0.0,0.0,0.0,0.014798964853641289,0.0,0.0,0.0,0.0,0.0,0.0,0.0,0.0,0.0,0.0,0.0,0.0,0.0,0.0,0.0,0.0,0.9852010351463587,0.0,0.0,0.0,0.0,0.0,0.0,0.0,0.0,MAc,TRX,MeOH,0.5,1.0,0.0,1.8,663,1,1.0,0.37384026212341054,0.18692013106170527,0.308251809760048,0.154125904880024,3.4571081208213608,10.1007/s10562-018-2609-8,0.25micrompgCs-BSilica,1.2324822836367204,0.1865324816320332,0.3730649632640664,0.3730649632640664,0.0,3.4499385025264293,3.4499385025264293
0.0,0.0,0.0,0.0,0.0,0.0,0.0,0.0,0.043120613668624984,0.0,0.0,0.0,0.0,0.0,0.0,0.0,0.0,0.0,0.0,0.0,0.0,0.0,0.0,0.0,0.0,0.9568793863313749,0.0,0.0,0.0,0.0,0.0,0.0,0.0,0.0,MAc,TRX,MeOH,0.5,1.0,0.0,1.8,663,1,1.0,0.37384026212341054,0.18692013106170527,0.143811063582059,0.0719055317910295,1.612870971172902,10.1007/s10562-018-2609-8,0.75micrompgCs-BSilica,1.2324822836367204,0.1865324816320332,0.3730649632640664,0.3730649632640664,0.0,1.6095260745662148,1.6095260745662148
0.0,0.0,0.0,0.0,0.0,0.0,0.0,0.0,0.06305215165864043,0.0,0.0,0.0,0.0,0.0,0.0,0.0,0.0,0.0,0.0,0.0,0.0,0.0,0.0,0.0,0.0,0.9369478483413595,0.0,0.0,0.0,0.0,0.0,0.0,0.0,0.0,MAc,TRX,MeOH,0.5,1.0,0.0,1.8,663,1,1.0,0.37384026212341054,0.18692013106170527,0.0876939480611521,0.04384697403057605,0.9835058558945355,10.1007/s10562-018-2609-8,1.12micrompgCs-BSilica,1.2324822836367204,0.1865324816320332,0.3730649632640664,0.3730649632640664,0.0,0.9814661853574398,0.9814661853574398
0.0,0.0,0.0,0.0,0.0,0.0,0.0,0.0,0.02174798113135681,0.0,0.0,0.0,0.0,0.0,0.0,0.0,0.0,0.0,0.0,0.0,0.0,0.0,0.0,0.0,0.0,0.9782520188686432,0.0,0.0,0.0,0.0,0.0,0.0,0.0,0.0,MAc,TRX,MeOH,0.5,1.0,0.0,1.8,663,1,1.0,0.37384026212341054,0.18692013106170527,0.3067048956404252,0.1533524478202126,3.439759157422495,10.1007/s10562-018-2609-8,CsSBA15,1.2324822836367204,0.1865324816320332,0.3730649632640664,0.3730649632640664,0.0,3.432625518750136,3.432625518750136
0.9651981990325555,0.0,0.0,0.0,0.0,0.0,0.0,0.0,0.03480180096744447,0.0,0.0,0.0,0.0,0.0,0.0,0.0,0.0,0.0,0.0,0.0,0.0,0.0,0.0,0.0,0.0,0.0,0.0,0.0,0.0,0.0,0.0,0.0,0.0,0.0,MAc,TRX,MeOH,0.5,0.235,0.0,4.8,663,1,0.25,0.40599800185266893,0.20299900092633447,0.07459254,0.03729627,3.634130663173834,10.1016/j.cattod.2020.06.026,Cs-Al2O3-A,1.5104495278020151,0.8098990221379879,1.6197980442759758,0.3806525404048543,0.0,3.624745512287325,3.624745512287325
0.9651981990325555,0.0,0.0,0.0,0.0,0.0,0.0,0.0,0.03480180096744447,0.0,0.0,0.0,0.0,0.0,0.0,0.0,0.0,0.0,0.0,0.0,0.0,0.0,0.0,0.0,0.0,0.0,0.0,0.0,0.0,0.0,0.0,0.0,0.0,0.0,MAc,TRX,MeOH,0.5,0.235,0.0,4.8,663,1,0.25,0.40599800185266893,0.20299900092633447,0.04866763,0.024333815,2.371075264188601,10.1016/j.cattod.2020.06.026,Cs-Al2O3-B,1.5104495278020151,0.8098990221379879,1.6197980442759758,0.3806525404048543,0.0,2.364951956806405,2.364951956806405
0.9651981990325555,0.0,0.0,0.0,0.0,0.0,0.0,0.0,0.03480180096744447,0.0,0.0,0.0,0.0,0.0,0.0,0.0,0.0,0.0,0.0,0.0,0.0,0.0,0.0,0.0,0.0,0.0,0.0,0.0,0.0,0.0,0.0,0.0,0.0,0.0,MAc,TRX,MeOH,0.5,0.235,0.0,4.8,663,1,0.25,0.40599800185266893,0.20299900092633447,0.07772128,0.03886064,3.7865621257718165,10.1016/j.cattod.2020.06.026,Cs-Al2O3-C,1.5104495278020151,0.8098990221379879,1.6197980442759758,0.3806525404048543,0.0,3.7767833202787657,3.7767833202787657
0.9651981990325555,0.0,0.0,0.0,0.0,0.0,0.0,0.0,0.03480180096744447,0.0,0.0,0.0,0.0,0.0,0.0,0.0,0.0,0.0,0.0,0.0,0.0,0.0,0.0,0.0,0.0,0.0,0.0,0.0,0.0,0.0,0.0,0.0,0.0,0.0,MAc,TRX,MeOH,0.5,0.235,0.0,4.8,663,1,0.25,0.40599800185266893,0.20299900092633447,0.03882492,0.01941246,1.8915407930507668,10.1016/j.cattod.2020.06.026,Cs-Al2O3-D,1.5104495278020151,0.8098990221379879,1.6197980442759758,0.3806525404048543,0.0,1.8866558845551367,1.8866558845551367
0.98213549801916,0.0,0.016327728337409655,0.0,0.0,0.0,0.0,0.0,0.0,0.0,0.0,0.0,0.0015367736434303426,0.0,0.0,0.0,0.0,0.0,0.0,0.0,0.0,0.0,0.0,0.0,0.0,0.0,0.0,0.0,0.0,0.0,0.0,0.0,0.0,0.0,MAc,TRX,MeOH,0.5,1.0,0.0,7.199999999999999,663,1,0.5,0.7476805242468211,0.37384026212341054,0.41,0.205,18.3929408964718,10.1021/acs.energyfuels.1c03082,MAc_1,1.2324822836367204,0.7461299265281326,1.4922598530562652,1.4922598530562652,0.0,18.35479619259206,18.35479619259206
0.98213549801916,0.0,0.016327728337409655,0.0,0.0,0.0,0.0,0.0,0.0,0.0,0.0,0.0,0.0015367736434303426,0.0,0.0,0.0,0.0,0.0,0.0,0.0,0.0,0.0,0.0,0.0,0.0,0.0,0.0,0.0,0.0,0.0,0.0,0.0,0.0,0.0,MAc,TRX,MeOH,1.0,1.0,0.0,7.199999999999999,663,1,0.5,0.5000388882658728,0.5000388882658728,0.27,0.27,16.20125997981428,10.1021/acs.energyfuels.1c03082,MAc_2,1.1322913303150273,0.9979798724774384,0.9979798724774384,0.9979798724774384,0.0,16.167273934134503,16.167273934134503
0.98213549801916,0.0,0.016327728337409655,0.0,0.0,0.0,0.0,0.0,0.0,0.0,0.0,0.0,0.0015367736434303426,0.0,0.0,0.0,0.0,0.0,0.0,0.0,0.0,0.0,0.0,0.0,0.0,0.0,0.0,0.0,0.0,0.0,0.0,0.0,0.0,0.0,MAc,TRX,MeOH,2.0,1.0,0.0,7.199999999999999,663,1,0.5,0.30078859839908434,0.6015771967981687,0.44,0.88,31.76327599094331,10.1021/acs.energyfuels.1c03082,MAc_4,1.0516820460401355,1.2006073873834966,0.6003036936917483,0.6003036936917483,0.0,31.696035026924307,31.696035026924307
0.98213549801916,0.0,0.016327728337409655,0.0,0.0,0.0,0.0,0.0,0.0,0.0,0.0,0.0,0.0015367736434303426,0.0,0.0,0.0,0.0,0.0,0.0,0.0,0.0,0.0,0.0,0.0,0.0,0.0,0.0,0.0,0.0,0.0,0.0,0.0,0.0,0.0,MAc,TRX,MeOH,3.0,1.0,0.0,7.199999999999999,663,1,0.5,0.21508411834452115,0.6452523550335634,0.56,1.6800000000000002,43.360958258255465,10.1021/acs.energyfuels.1c03082,MeOH_2,1.0170101431366443,1.287762131227153,0.42925404374238435,0.42925404374238435,0.0,43.26880760923235,43.26880760923235
0.98213549801916,0.0,0.016327728337409655,0.0,0.0,0.0,0.0,0.0,0.0,0.0,0.0,0.0,0.0015367736434303426,0.0,0.0,0.0,0.0,0.0,0.0,0.0,0.0,0.0,0.0,0.0,0.0,0.0,0.0,0.0,0.0,0.0,0.0,0.0,0.0,0.0,MAc,TRX,MeOH,3.0,3.0,0.0,7.199999999999999,663,1,0.5,0.16667962942195758,0.5000388882658727,0.6,1.7999999999999998,36.002799955142834,10.1021/acs.energyfuels.1c03082,MeOH_6,0.9659558496734031,0.9981460601120156,0.3327153533706719,0.9981460601120156,0.0,35.93325816403256,35.93325816403256
0.98213549801916,0.0,0.016327728337409655,0.0,0.0,0.0,0.0,0.0,0.0,0.0,0.0,0.0,0.0015367736434303426,0.0,0.0,0.0,0.0,0.0,0.0,0.0,0.0,0.0,0.0,0.0,0.0,0.0,0.0,0.0,0.0,0.0,0.0,0.0,0.0,0.0,MAc,TRX,MeOH,3.0,4.0,0.0,7.199999999999999,663,1,0.5,0.1498210793120211,0.44946323793606335,0.63,1.8900000000000001,33.97942078796639,10.1021/acs.energyfuels.1c03082,MeOH_8,0.9481697603586607,0.8972507786691845,0.29908359288972813,1.1963343715589125,0.0,33.91607943369517,33.91607943369517
0.98213549801916,0.0,0.016327728337409655,0.0,0.0,0.0,0.0,0.0,0.0,0.0,0.0,0.0,0.0015367736434303426,0.0,0.0,0.0,0.0,0.0,0.0,0.0,0.0,0.0,0.0,0.0,0.0,0.0,0.0,0.0,0.0,0.0,0.0,0.0,0.0,0.0,MAc,TRX,MeOH,3.0,5.0,0.0,7.199999999999999,663,1,0.5,0.1360595492611711,0.40817864778351315,0.51,1.53,24.980533244351008,10.1021/acs.energyfuels.1c03082,MeOH_10,0.9336493034079194,0.8148804742814045,0.2716268247604682,1.358134123802341,0.0,24.93534251301098,24.93534251301098
0.04761904761904762,0.0,0.0,0.0,0.0,0.0,0.0,0.0,0.0,0.0,0.0,0.0,0.0,0.0,0.0,0.0,0.0,0.0,0.0,0.0,0.0,0.0,0.0,0.0,0.0,0.9523809523809523,0.0,0.0,0.0,0.0,0.0,0.0,0.0,0.0,MAc,TRX,None,5.0,0.0,0.0,1.3894954146651315,563,1,0.5,0.029135346169534355,0.14567673084767177,0.060704999999999995,0.303525,1.0611967135329499,10.1039/D2CY00447J,N-HZSM5,1.0053234973701344,0.29070673814210457,0.058141347628420915,0.0,0.0,1.0588411523349874,1.0588411523349874
0.04761904761904762,0.0,0.0,0.0,0.0,0.0,0.0,0.0,0.0,0.0,0.0,0.0,0.0,0.0,0.0,0.0,0.0,0.0,0.0,0.0,0.0,0.0,0.0,0.0,0.0,0.9523809523809523,0.0,0.0,0.0,0.0,0.0,0.0,0.0,0.0,MAc,TRX,None,5.0,0.0,0.0,1.3894954146651315,583,1,0.5,0.029135346169534355,0.14567673084767177,0.0785088,0.392544,1.3724286392128433,10.1039/D2CY00447J,,1.0053234973701344,0.29070673814210457,0.058141347628420915,0.0,0.0,1.3693822298070517,1.3693822298070517
0.00892857142857143,0.0,0.0,0.0,0.0,0.0,0.0,0.0,0.0,0.0,0.0,0.0,0.0,0.0,0.0,0.0,0.0,0.0,0.0,0.0,0.0,0.0,0.0,0.0,0.0,0.9910714285714286,0.0,0.0,0.0,0.0,0.0,0.0,0.0,0.0,MAc,TRX,None,5.0,0.0,0.0,1.3894954146651315,563,1,0.5,0.029135346169534355,0.14567673084767177,0.037582,0.18791,0.656978747846064,10.1039/D2CY00447J,,1.0053234973701344,0.29070673814210457,0.058141347628420915,0.0,0.0,0.6555204379713944,0.6555204379713944
0.00892857142857143,0.0,0.0,0.0,0.0,0.0,0.0,0.0,0.0,0.0,0.0,0.0,0.0,0.0,0.0,0.0,0.0,0.0,0.0,0.0,0.0,0.0,0.0,0.0,0.0,0.9910714285714286,0.0,0.0,0.0,0.0,0.0,0.0,0.0,0.0,MAc,TRX,None,5.0,0.0,0.0,1.3894954146651315,583,1,0.5,0.029135346169534355,0.14567673084767177,0.05459280000000001,0.27296400000000004,0.9543480758184932,10.1039/D2CY00447J,,1.0053234973701344,0.29070673814210457,0.058141347628420915,0.0,0.0,0.9522296888426574,0.9522296888426574
0.05263157894736843,0.0,0.0,0.0,0.0,0.0,0.0,0.0,0.0,0.0,0.0,0.0,0.0,0.0,0.0,0.0,0.0,0.0,0.0,0.0,0.0,0.0,0.0,0.0,0.0,0.9473684210526315,0.0,0.0,0.0,0.0,0.0,0.0,0.0,0.0,MAc,TRX,None,5.0,0.0,0.0,1.3894954146651315,563,1,0.5,0.029135346169534355,0.14567673084767177,0.01056,0.0528,0.18460155333016967,10.1039/D2CY00447J,M-HZSM5,1.0053234973701344,0.29070673814210457,0.058141347628420915,0.0,0.0,0.18419178928683747,0.18419178928683747
0.049999999999999996,0.0,0.0,0.0,0.0,0.0,0.0,0.0,0.0,0.0,0.0,0.0,0.0,0.0,0.0,0.0,0.0,0.0,0.0,0.0,0.0,0.0,0.0,0.0,0.0,0.9500000000000001,0.0,0.0,0.0,0.0,0.0,0.0,0.0,0.0,MAc,TRX,None,5.0,0.0,0.0,1.3894954146651315,563,1,0.5,0.029135346169534355,0.14567673084767177,0.033098,0.16549,0.5785930125115488,10.1039/D2CY00447J,,1.0053234973701344,0.29070673814210457,0.058141347628420915,0.0,0.0,0.5773086971416427,0.5773086971416427
0.06666666666666665,0.0,0.0,0.0,0.0,0.0,0.0,0.0,0.0,0.0,0.0,0.0,0.0,0.0,0.0,0.0,0.0,0.0,0.0,0.0,0.0,0.0,0.0,0.0,0.0,0.9333333333333332,0.0,0.0,0.0,0.0,0.0,0.0,0.0,0.0,MAc,TRX,None,5.0,0.0,0.0,1.3894954146651315,563,1,0.5,0.029135346169534355,0.14567673084767177,0.010943999999999999,0.05472,0.19131433708763038,10.1039/D2CY00447J,,1.0053234973701344,0.29070673814210457,0.058141347628420915,0.0,0.0,0.1908896725336315,0.19088967253363154
0.05263157894736843,0.0,0.0,0.0,0.0,0.0,0.0,0.0,0.0,0.0,0.0,0.0,0.0,0.0,0.0,0.0,0.0,0.0,0.0,0.0,0.0,0.0,0.0,0.0,0.0,0.9473684210526315,0.0,0.0,0.0,0.0,0.0,0.0,0.0,0.0,MAc,TRX,None,5.0,0.0,0.0,1.3894954146651315,563,1,0.5,0.029135346169534355,0.14567673084767177,0.045638,0.22818999999999998,0.7978073570911253,10.1039/D2CY00447J,,1.0053234973701344,0.29070673814210457,0.058141347628420915,0.0,0.0,0.796036446919762,0.796036446919762
0.0,0.17159029626502256,0.0,0.0,0.0,0.0,0.0,0.0,0.0,0.0,0.0,0.0,0.0,0.0,0.0,0.0,0.0,0.0,0.0,0.0,0.0,0.0,0.0,0.0,0.0,0.8284097037349775,0.0,0.0,0.0,0.0,0.0,0.0,0.0,0.0,HAc,TRX,None,3.0,0.0,0.0,2.6666666666666665,673,1,3.0,0.7763900453325934,2.3291701359977797,0.07947333333333334,0.23842000000000002,3.702138292163938,10.1002/jctb.7032,,1.224814764103612,0.776994172679679,0.25899805755989297,0.0,0.0,3.7050190130057814,3.7050190130057814
0.0,0.16979098453250682,0.0,0.0,0.0,0.0,0.0,0.0,0.010486092580297566,0.0,0.0,0.0,0.0,0.0,0.0,0.0,0.0,0.0,0.0,0.0,0.0,0.0,0.0,0.0,0.0,0.8197229228871956,0.0,0.0,0.0,0.0,0.0,0.0,0.0,0.0,HAc,TRX,None,3.0,0.0,0.0,2.6666666666666665,673,1,3.0,0.7763900453325934,2.3291701359977797,0.12074613333333334,0.3622384,5.6247657559441215,10.1002/jctb.7032,1,1.224814764103612,0.776994172679679,0.25899805755989297,0.0,0.0,5.629142518416213,5.629142518416212
0.0,0.1704922015235135,0.0,0.0,0.0,0.0,0.0,0.0,0.0,0.0,0.0,0.0,0.0,0.0,0.0,0.0,0.0,0.0,0.0,0.0,0.0,0.0,0.0,0.0,0.0,0.8231082830877314,0.0,0.0,0.0,0.0,0.0,0.006399515388755052,0.0,0.0,HAc,TRX,None,3.0,0.0,0.0,2.6666666666666665,673,1,3.0,0.7763900453325934,2.3291701359977797,0.1176264,0.3528792,5.4794379616985855,10.1002/jctb.7032,,1.224814764103612,0.776994172679679,0.25899805755989297,0.0,0.0,5.48370164119734,5.483701641197339
0.0,0.17122449425427635,0.0,0.0021318339014999425,0.0,0.0,0.0,0.0,0.0,0.0,0.0,0.0,0.0,0.0,0.0,0.0,0.0,0.0,0.0,0.0,0.0,0.0,0.0,0.0,0.0,0.8266436718442237,0.0,0.0,0.0,0.0,0.0,0.0,0.0,0.0,HAc,TRX,None,3.0,0.0,0.0,2.6666666666666665,673,1,3.0,0.7763900453325934,2.3291701359977797,0.09534843999999999,0.28604532,4.4416547792395225,10.1002/jctb.7032,,1.224814764103612,0.776994172679679,0.25899805755989297,0.0,0.0,4.44511093524588,4.44511093524588
0.062499999999999986,0.0,0.0,0.0,0.0,0.0,0.0,0.0,0.0,0.0,0.0,0.0,0.0,0.0,0.0,0.0,0.0,0.0,0.0,0.0,0.0,0.0,0.0,0.0,0.0,0.9375,0.0,0.0,0.0,0.0,0.0,0.0,0.0,0.0,MAc,DMM,None,0.5,0.0,0.0,,623,30,0.5,,,0.444,0.222,,10.1039/c7cc04574c,1,,,,,,,
0.062499999999999986,0.0,0.0,0.0,0.0,0.0,0.0,0.0,0.0,0.0,0.0,0.0,0.0,0.0,0.0,0.0,0.0,0.0,0.0,0.0,0.0,0.0,0.0,0.0,0.0,0.9375,0.0,0.0,0.0,0.0,0.0,0.0,0.0,0.0,MAc,DMM,None,2.0,0.0,0.0,,623,30,0.5,,,0.2595,0.519,,10.1039/c7cc04574c,,,,,,,,
0.062499999999999986,0.0,0.0,0.0,0.0,0.0,0.0,0.0,0.0,0.0,0.0,0.0,0.0,0.0,0.0,0.0,0.0,0.0,0.0,0.0,0.0,0.0,0.0,0.0,0.0,0.9375,0.0,0.0,0.0,0.0,0.0,0.0,0.0,0.0,MAc,DMM,None,0.5,0.0,0.0,,673,30,0.5,,,0.611,0.3055,,10.1039/c7cc04574c,,,,,,,,
0.062499999999999986,0.0,0.0,0.0,0.0,0.0,0.0,0.0,0.0,0.0,0.0,0.0,0.0,0.0,0.0,0.0,0.0,0.0,0.0,0.0,0.0,0.0,0.0,0.0,0.0,0.9375,0.0,0.0,0.0,0.0,0.0,0.0,0.0,0.0,MAc,DMM,None,0.5,0.0,0.0,,683,30,0.5,,,0.209,0.1045,,10.1039/c7cc04574c,,,,,,,,
0.062499999999999986,0.0,0.0,0.0,0.0,0.0,0.0,0.0,0.0,0.0,0.0,0.0,0.0,0.0,0.0,0.0,0.0,0.0,0.0,0.0,0.0,0.0,0.0,0.0,0.0,0.9375,0.0,0.0,0.0,0.0,0.0,0.0,0.0,0.0,MAc,DMM,None,0.5,0.0,0.0,,683,30,0.5,,,0.017,0.0085,,10.1039/c7cc04574c,,,,,,,,
0.062499999999999986,0.0,0.0,0.0,0.0,0.0,0.0,0.0,0.0,0.0,0.0,0.0,0.0,0.0,0.0,0.0,0.0,0.0,0.0,0.0,0.0,0.0,0.0,0.0,0.0,0.9375,0.0,0.0,0.0,0.0,0.0,0.0,0.0,0.0,MAc,DMM,None,0.5,0.0,0.0,,683,30,0.5,,,0.095,0.0475,,10.1039/c7cc04574c,,,,,,,,
0.062499999999999986,0.0,0.0,0.0,0.0,0.0,0.0,0.0,0.0,0.0,0.0,0.0,0.0,0.0,0.0,0.0,0.0,0.0,0.0,0.0,0.0,0.0,0.0,0.0,0.0,0.9375,0.0,0.0,0.0,0.0,0.0,0.0,0.0,0.0,MAc,DMM,None,0.5,0.0,0.0,,653,30,0.5,,,0.032,0.016,,10.1039/c7cc04574c,,,,,,,,
0.024999999999999998,0.0,0.0,0.0,0.0,0.0,0.0,0.0,0.0,0.0,0.0,0.0,0.0,0.0,0.0,0.0,0.0,0.0,0.0,0.0,0.0,0.0,0.0,0.0,0.0,0.9749999999999999,0.0,0.0,0.0,0.0,0.0,0.0,0.0,0.0,MAc,DMM,None,0.5,0.0,0.0,,623,30,0.5,,,0.2754,0.1377,,10.1016/S1872‐2067(18)63069‐4,,,,,,,,
0.0248879145509236,0.0,0.0,0.0,0.0,0.0,0.0,0.0,0.004483417963055951,0.0,0.0,0.0,0.0,0.0,0.0,0.0,0.0,0.0,0.0,0.0,0.0,0.0,0.0,0.0,0.0,0.9706286674860205,0.0,0.0,0.0,0.0,0.0,0.0,0.0,0.0,MAc,DMM,None,0.5,0.0,0.0,,623,30,0.5,,,0.2464,0.1232,,10.1016/S1872‐2067(18)63069‐4,,,,,,,,
1.0,0.0,0.0,0.0,0.0,0.0,0.0,0.0,0.0,0.0,0.0,0.0,0.0,0.0,0.0,0.0,0.0,0.0,0.0,0.0,0.0,0.0,0.0,0.0,0.0,0.0,0.0,0.0,0.0,0.0,0.0,0.0,0.0,0.0,MAc,DMM,None,0.5,0.0,0.0,,623,30,0.5,,,0.1522,0.0761,,10.1016/S1872‐2067(18)63069‐4,,,,,,,,
0.024999999999999998,0.0,0.0,0.0,0.0,0.0,0.0,0.0,0.0,0.0,0.0,0.0,0.0,0.0,0.0,0.0,0.0,0.0,0.0,0.0,0.0,0.0,0.0,0.0,0.0,0.9749999999999999,0.0,0.0,0.0,0.0,0.0,0.0,0.0,0.0,MAc,DMM,None,0.5,0.0,0.0,,623,30,0.5,,,0.24,0.12,,10.1016/S1872-2067(18)63145-6,,,,,,,,
0.02452627769773838,0.0,0.0,0.0,0.0,0.0,0.0,0.0,0.0,0.0,0.0,0.0,0.0,0.0,0.0,0.0,0.0,0.018948892090464863,0.0,0.0,0.0,0.0,0.0,0.0,0.0,0.9565248302117968,0.0,0.0,0.0,0.0,0.0,0.0,0.0,0.0,MAc,DMM,None,0.5,0.0,0.0,,623,30,0.5,,,0.2202,0.1101,,10.1016/S1872-2067(18)63145-6,,,,,,,,
0.022798269874903045,0.0,0.0,0.0,0.0,0.0,0.0,0.0,0.0,0.0,0.0,0.0,0.0,0.0,0.0,0.0,0.0,0.08806920500387824,0.0,0.0,0.0,0.0,0.0,0.0,0.0,0.8891325251212187,0.0,0.0,0.0,0.0,0.0,0.0,0.0,0.0,MAc,DMM,None,0.5,0.0,0.0,,623,30,0.5,,,0.1899,0.09495,,10.1016/S1872-2067(18)63145-6,,,,,,,,
0.45888484439588056,0.0,0.0,0.0,0.0,0.0,0.0,0.0,0.0,0.0,0.0,0.0,0.0,0.0,0.0,0.0,0.0,0.08223031120823866,0.0,0.0,0.0,0.0,0.0,0.0,0.0,0.4588848443958807,0.0,0.0,0.0,0.0,0.0,0.0,0.0,0.0,HAc,FORM,"MeOH 
 + H$_2$O",10.0,0.0,0.0,,658,1,,,,0.038,0.38,,10.1021/i360017a011,,,,,,,,
0.47216430372394347,0.0,0.0,0.0,0.0,0.0,0.0,0.0,0.0,0.0,0.0,0.055671392552112876,0.0,0.0,0.0,0.0,0.0,0.0,0.0,0.0,0.0,0.0,0.0,0.0,0.0,0.4721643037239436,0.0,0.0,0.0,0.0,0.0,0.0,0.0,0.0,HAc,FORM,"MeOH 
 + H$_2$O",10.0,0.0,0.0,,658,1,,,,0.040999999999999995,0.41,,10.1021/i360017a011,,,,,,,,
0.48557531097572454,0.0,0.0,0.0,0.0,0.0,0.0,0.0,0.0,0.0,0.0,0.0,0.0,0.0,0.0,0.0,0.0,0.0,0.0,0.0,0.0,0.0,0.028849378048550874,0.0,0.0,0.4855753109757246,0.0,0.0,0.0,0.0,0.0,0.0,0.0,0.0,HAc,FORM,"MeOH 
 + H$_2$O",10.0,0.0,0.0,,658,1,,,,0.032,0.32,,10.1021/i360017a011,,,,,,,,
0.46777461883382304,0.0,0.0,0.0,0.0,0.0,0.0,0.0,0.0,0.0,0.0,0.0,0.0,0.0,0.06445076233235376,0.0,0.0,0.0,0.0,0.0,0.0,0.0,0.0,0.0,0.0,0.4677746188338231,0.0,0.0,0.0,0.0,0.0,0.0,0.0,0.0,HAc,FORM,"MeOH 
 + H$_2$O",10.0,0.0,0.0,,658,1,,,,0.046,0.46,,10.1021/i360017a011,,,,,,,,
0.47641115329789674,0.0,0.0,0.0,0.04717769340420645,0.0,0.0,0.0,0.0,0.0,0.0,0.0,0.0,0.0,0.0,0.0,0.0,0.0,0.0,0.0,0.0,0.0,0.0,0.0,0.0,0.4764111532978968,0.0,0.0,0.0,0.0,0.0,0.0,0.0,0.0,HAc,FORM,"MeOH 
 + H$_2$O",10.0,0.0,0.0,,658,1,,,,0.054000000000000006,0.54,,10.1021/i360017a011,,,,,,,,
0.4869516380855974,0.0,0.0,0.0,0.0,0.0,0.0,0.0,0.0,0.0,0.0,0.0,0.0,0.0,0.0,0.0,0.0,0.0,0.0,0.0,0.0,0.0,0.0,0.0,0.0,0.4869516380855975,0.0,0.02609672382880494,0.0,0.0,0.0,0.0,0.0,0.0,HAc,FORM,"MeOH 
 + H$_2$O",10.0,0.0,0.0,,658,1,,,,0.05,0.5,,10.1021/i360017a011,,,,,,,,
0.49110656584178647,0.0,0.017786868316426802,0.0,0.0,0.0,0.0,0.0,0.0,0.0,0.0,0.0,0.0,0.0,0.0,0.0,0.0,0.0,0.0,0.0,0.0,0.0,0.0,0.0,0.0,0.4911065658417866,0.0,0.0,0.0,0.0,0.0,0.0,0.0,0.0,HAc,FORM,"MeOH 
 + H$_2$O",10.0,0.0,0.0,,658,1,,,,0.049,0.49,,10.1021/i360017a011,,,,,,,,
0.4877910974607598,0.0,0.0,0.0,0.0,0.0,0.0,0.0,0.0,0.0,0.0,0.0,0.0,0.0,0.0,0.024417805078480168,0.0,0.0,0.0,0.0,0.0,0.0,0.0,0.0,0.0,0.48779109746075994,0.0,0.0,0.0,0.0,0.0,0.0,0.0,0.0,HAc,FORM,"MeOH 
 + H$_2$O",10.0,0.0,0.0,,658,1,,,,0.05,0.5,,10.1021/i360017a011,,,,,,,,
0.48207943290844546,0.0,0.0,0.0,0.0,0.0,0.0,0.0,0.0,0.0,0.0,0.0,0.0,0.0,0.0,0.0,0.0,0.0,0.0,0.0,0.03584113418310889,0.0,0.0,0.0,0.0,0.4820794329084455,0.0,0.0,0.0,0.0,0.0,0.0,0.0,0.0,HAc,FORM,"MeOH 
 + H$_2$O",10.0,0.0,0.0,,658,1,,,,0.006,0.06,,10.1021/i360017a011,,,,,,,,
0.4835033155513232,0.0,0.0,0.0,0.0,0.0,0.0,0.0,0.0,0.0,0.0,0.0,0.0,0.0,0.0,0.0,0.0,0.0,0.0,0.0,0.0,0.0,0.0,0.0,0.0,0.4835033155513233,0.0,0.0,0.0,0.0,0.0,0.0,0.03299336889735329,0.0,HAc,FORM,"MeOH 
 + H$_2$O",10.0,0.0,0.0,,658,1,,,,0.045,0.45,,10.1021/i360017a011,,,,,,,,
0.5,0.0,0.0,0.0,0.0,0.0,0.0,0.0,0.0,0.0,0.0,0.0,0.0,0.0,0.0,0.0,0.0,0.0,0.0,0.0,0.0,0.0,0.0,0.0,0.0,0.5,0.0,0.0,0.0,0.0,0.0,0.0,0.0,0.0,HAc,FORM,"MeOH 
 + H$_2$O",10.0,0.0,0.0,,658,1,,,,0.034,0.34,,10.1021/i360017a011,,,,,,,,
0.0,0.0,0.0,0.0,0.0,0.0,0.0,0.0,0.0,0.0,0.0,0.0,0.0,0.0,0.0,0.0,0.0,0.08837445786948209,0.0,0.0,0.0,0.0,0.0,0.0,0.0,0.9116255421305179,0.0,0.0,0.0,0.0,0.0,0.0,0.0,0.0,HAc,FORM,"MeOH 
 + H$_2$O",10.0,0.0,0.0,,658,1,,,,0.028000000000000004,0.28,,10.1021/i360017a011,,,,,,,,
0.0,0.0,0.0,0.0,0.05084785925798669,0.0,0.0,0.0,0.0,0.0,0.0,0.0,0.0,0.0,0.0,0.0,0.0,0.0,0.0,0.0,0.0,0.0,0.0,0.0,0.0,0.9491521407420134,0.0,0.0,0.0,0.0,0.0,0.0,0.0,0.0,HAc,FORM,"MeOH 
 + H$_2$O",10.0,0.0,0.0,,658,1,,,,0.037,0.37,,10.1021/i360017a011,,,,,,,,
0.0,0.0,0.0,0.0,0.0,0.0,0.0,0.0,0.0,0.0,0.0,0.0,0.0,0.0,0.0,0.0,0.0,0.08837445786948209,0.0,0.0,0.0,0.0,0.0,0.0,0.0,0.9116255421305179,0.0,0.0,0.0,0.0,0.0,0.0,0.0,0.0,HAc,FORM,"MeOH 
 + H$_2$O",10.0,0.0,0.0,,658,1,,,,0.032,0.32,,10.1021/i360017a011,,,,,,,,
0.0,0.0,0.0,0.0,0.0,0.0,0.0,0.0,0.0,0.0,0.0,0.05996074005103594,0.0,0.0,0.0,0.0,0.0,0.0,0.0,0.0,0.0,0.0,0.0,0.0,0.0,0.9400392599489641,0.0,0.0,0.0,0.0,0.0,0.0,0.0,0.0,HAc,FORM,"MeOH 
 + H$_2$O",10.0,0.0,0.0,,658,1,,,,0.039,0.39,,10.1021/i360017a011,,,,,,,,
0.0,0.0,0.0,0.0,0.0,0.0,0.0,0.0,0.0,0.0,0.0,0.0,0.0,0.0,0.0,0.0,0.0,0.0,0.0,0.0,0.0,0.0,0.031140301094261576,0.0,0.0,0.9688596989057385,0.0,0.0,0.0,0.0,0.0,0.0,0.0,0.0,HAc,FORM,"MeOH 
 + H$_2$O",10.0,0.0,0.0,,658,1,,,,0.048,0.48,,10.1021/i360017a011,,,,,,,,
0.0,0.0,0.0,0.0,0.0,0.0,0.0,0.0,0.02087533004573271,0.0,0.0,0.0,0.0,0.0,0.0,0.0,0.0,0.0,0.0,0.0,0.0,0.0,0.0,0.0,0.0,0.9791246699542674,0.0,0.0,0.0,0.0,0.0,0.0,0.0,0.0,HAc,FORM,"MeOH 
 + H$_2$O",10.0,0.0,0.0,,658,1,,,,0.038,0.38,,10.1021/i360017a011,,,,,,,,
0.0,0.0,0.019216702600234184,0.0,0.0,0.0,0.0,0.0,0.0,0.0,0.0,0.0,0.0,0.0,0.0,0.0,0.0,0.0,0.0,0.0,0.0,0.0,0.0,0.0,0.0,0.9807832973997658,0.0,0.0,0.0,0.0,0.0,0.0,0.0,0.0,HAc,FORM,"MeOH 
 + H$_2$O",10.0,0.0,0.0,,658,1,,,,0.025,0.25,,10.1021/i360017a011,,,,,,,,
0.49110656584178647,0.0,0.017786868316426802,0.0,0.0,0.0,0.0,0.0,0.0,0.0,0.0,0.0,0.0,0.0,0.0,0.0,0.0,0.0,0.0,0.0,0.0,0.0,0.0,0.0,0.0,0.4911065658417866,0.0,0.0,0.0,0.0,0.0,0.0,0.0,0.0,HAc,FORM,"MeOH 
 + H$_2$O",10.0,0.0,0.0,,658,1,,,,0.039,0.39,,10.1021/i360017a011,,,,,,,,
0.46777461883382304,0.0,0.0,0.0,0.0,0.0,0.0,0.0,0.0,0.0,0.0,0.0,0.0,0.0,0.06445076233235376,0.0,0.0,0.0,0.0,0.0,0.0,0.0,0.0,0.0,0.0,0.4677746188338231,0.0,0.0,0.0,0.0,0.0,0.0,0.0,0.0,HAc,FORM,"MeOH 
 + H$_2$O",10.0,0.0,0.0,,658,1,,,,0.034999999999999996,0.35,,10.1021/i360017a011,,,,,,,,
1.0,0.0,0.0,0.0,0.0,0.0,0.0,0.0,0.0,0.0,0.0,0.0,0.0,0.0,0.0,0.0,0.0,0.0,0.0,0.0,0.0,0.0,0.0,0.0,0.0,0.0,0.0,0.0,0.0,0.0,0.0,0.0,0.0,0.0,HAc,FORM,"MeOH 
 + H$_2$O",10.0,0.0,0.0,,658,1,,,,0.01,0.1,,10.1021/i360017a011,,,,,,,,
0.05564870165641186,0.0,0.0,0.0,0.0,0.0,0.0,0.0,0.0,0.0,0.0,0.0,0.0,0.0,0.0,0.0,0.0,0.0,0.0,0.0,0.0,0.0,0.0,0.0,0.0,0.944351298343588,0.0,0.0,0.0,0.0,0.0,0.0,0.0,0.0,HAc,FORM,"MeOH 
 + H$_2$O",10.0,0.0,0.0,,658,1,,,,0.028999999999999998,0.29,,10.1021/i360017a011,,,,,,,,
0.0,0.0,0.0,0.0,0.0,0.0,0.0,0.0,0.0,0.0,0.0,0.0,0.0,0.0,0.0,0.0,0.0,0.0,0.0,0.0,0.0,0.040610115156658,0.0,0.0,0.0,0.9593898848433421,0.0,0.0,0.0,0.0,0.0,0.0,0.0,0.0,HAc,FORM,"MeOH 
 + H$_2$O",10.0,0.0,0.0,,658,1,,,,0.020999999999999998,0.21,,10.1021/i360017a011,,,,,,,,
0.0,0.0,0.0,0.0,0.0,0.0,0.0,0.0,0.0,0.0,0.0,0.0,0.0,0.0,0.0,0.0,0.0,0.0,0.0,0.0,0.0,0.0,0.0,0.0,0.0,0.9852216748768472,0.0,0.0,0.0,0.014778325123152705,0.0,0.0,0.0,0.0,MAc,TRX,MeOH,1.0,2.0,0.0,0.4580429938806394,633,5,5.0,0.2378262679112914,0.2378262679112914,0.054740000000000004,0.054740000000000004,0.15622331886556912,10.1021/acssuschemeng.3c07406,TS-1,1.0459585698760263,0.04747547365292497,0.04747547365292497,0.09495094730584994,0.0,0.15592844566566677,0.15592844566566677
0.0,0.0,0.0,0.0,0.0,0.0,0.0,0.0,1.0,0.0,0.0,0.0,0.0,0.0,0.0,0.0,0.0,0.0,0.0,0.0,0.0,0.0,0.0,0.0,0.0,0.0,0.0,0.0,0.0,0.0,0.0,0.0,0.0,0.0,MAc,TRX,MeOH,1.0,2.0,0.0,0.4580429938806394,633,5,5.0,0.2378262679112914,0.2378262679112914,0.047526,0.047526,0.13563517450502444,10.1021/acssuschemeng.3c07406,CsOx,1.0459585698760263,0.04747547365292497,0.04747547365292497,0.09495094730584994,0.0,0.1353791616497347,0.1353791616497347
0.0,0.0,0.0,0.0,0.0,0.0,0.0,0.0,0.012630665753964161,0.0,0.0,0.0,0.0,0.0,0.0,0.0,0.0,0.0,0.0,0.0,0.0,0.0,0.0,0.0,0.0,0.9873693342460358,0.0,0.0,0.0,0.0,0.0,0.0,0.0,0.0,MAc,TRX,MeOH,1.0,2.0,0.0,0.4580429938806394,633,5,5.0,0.2378262679112914,0.2378262679112914,0.168,0.168,0.47945775610916347,10.1021/acssuschemeng.3c07406,Cs_SiO2,1.0459585698760263,0.04747547365292497,0.04747547365292497,0.09495094730584994,0.0,0.4785527744214837,0.4785527744214837
0.0,0.0,0.0,0.0,0.0,0.0,0.0,0.0,0.012630665753964161,0.0,0.0,0.0,0.0,0.0,0.0,0.0,0.0,0.0,0.0,0.0,0.0,0.0,0.0,0.0,0.0,0.9873693342460358,0.0,0.0,0.0,0.0,0.0,0.0,0.0,0.0,MAc,TRX,MeOH,1.0,2.0,0.0,0.4580429938806394,633,5,5.0,0.2378262679112914,0.2378262679112914,0.26644799999999996,0.26644799999999996,0.7604200011891332,10.1021/acssuschemeng.3c07406,Cs_S1,1.0459585698760263,0.04747547365292497,0.04747547365292497,0.09495094730584994,0.0,0.758984700232473,0.758984700232473
0.0,0.0,0.0,0.0,0.0,0.0,0.0,0.0,0.012691342599248043,0.0,0.0,0.0,0.0,0.0,0.0,0.0,0.0,0.0,0.0,0.0,0.0,0.0,0.0,0.0,0.0,0.9727178890647801,0.0,0.0,0.0,0.014590768335971702,0.0,0.0,0.0,0.0,MAc,TRX,MeOH,1.0,2.0,0.0,0.4580429938806394,633,5,5.0,0.2378262679112914,0.2378262679112914,0.40654599999999996,0.40654599999999996,1.1602478149711666,10.1021/acssuschemeng.3c07406,Cs_TS1,1.0459585698760263,0.04747547365292497,0.04747547365292497,0.09495094730584994,0.0,1.1580578347021218,1.1580578347021218
0.0,0.0,0.0,0.0,0.0,0.0,0.0,0.0,0.0,0.0,0.0,0.0,0.0,0.0,0.0,0.0,0.0,0.0,0.0,0.0,0.0,0.0,0.0,0.0,0.0,1.0,0.0,0.0,0.0,0.0,0.0,0.0,0.0,0.0,EAc,TRX,EtOH,2.5,4.0,0.0,20.0,663,1,0.3,0.20930626416075868,0.5232656604018967,0.0,0.0,0.0,10.1039/D1RE00020A,,0.9090864348437852,1.743207954799378,0.6972831819197511,0.0,0.0,0.0,0.0
0.0,0.0,0.0,0.0,0.0,0.0,0.0,0.0,0.0,0.0,0.0,0.0,0.0,0.0,0.022092120314807166,0.0,0.0,0.0,0.0,0.0,0.0,0.0,0.0,0.0,0.0,0.9779078796851929,0.0,0.0,0.0,0.0,0.0,0.0,0.0,0.0,EAc,TRX,EtOH,2.5,4.0,0.0,20.0,663,1,0.3,0.20930626416075868,0.5232656604018967,0.028000000000000004,0.07,2.9302876982506216,10.1039/D1RE00020A,,0.9090864348437852,1.743207954799378,0.6972831819197511,0.0,0.0,2.9285893640629554,2.928589364062955
0.0,0.0,0.0,0.0,0.022092120314807166,0.0,0.0,0.0,0.0,0.0,0.0,0.0,0.0,0.0,0.0,0.0,0.0,0.0,0.0,0.0,0.0,0.0,0.0,0.0,0.0,0.9779078796851929,0.0,0.0,0.0,0.0,0.0,0.0,0.0,0.0,EAc,TRX,EtOH,2.5,4.0,0.0,20.0,663,1,0.3,0.20930626416075868,0.5232656604018967,0.148,0.37,15.48866354789614,10.1039/D1RE00020A,,0.9090864348437852,1.743207954799378,0.6972831819197511,0.0,0.0,15.479686638618475,15.479686638618475
0.0,0.0,0.0,0.0,0.0,0.0,0.0,0.0,0.0,0.0,0.0,0.0,0.0,0.0,0.0,0.0,0.0,0.0,0.0,0.0,0.0,0.0,0.0,0.0,0.0,0.9779078796851928,0.0,0.022092120314807163,0.0,0.0,0.0,0.0,0.0,0.0,EAc,TRX,EtOH,2.5,4.0,0.0,20.0,663,1,0.3,0.20930626416075868,0.5232656604018967,0.22400000000000003,0.56,23.442301586004973,10.1039/D1RE00020A,,0.9090864348437852,1.743207954799378,0.6972831819197511,0.0,0.0,23.428714912503644,23.42871491250364
0.0,0.0,0.0,0.0,0.0,0.0,0.0,0.0,0.0,0.0,0.0,0.02209195454753188,0.0,0.0,0.0,0.0,0.0,0.0,0.0,0.0,0.0,0.0,0.0,0.0,0.0,0.9779080454524682,0.0,0.0,0.0,0.0,0.0,0.0,0.0,0.0,EAc,TRX,EtOH,2.5,4.0,0.0,20.0,663,1,0.3,0.20930626416075868,0.5232656604018967,0.11599999999999999,0.29,12.139763321324002,10.1039/D1RE00020A,,0.9090864348437852,1.743207954799378,0.6972831819197511,0.0,0.0,12.132727365403671,12.13272736540367
0.0,0.0,0.0,0.0,0.0,0.0,0.0,0.0,0.0,0.0,0.0,0.0,0.0,0.0,0.0,0.0,0.0,0.0,0.0,0.0,0.0,0.0,0.022092120314807166,0.0,0.0,0.9779078796851929,0.0,0.0,0.0,0.0,0.0,0.0,0.0,0.0,EAc,TRX,EtOH,2.5,4.0,0.0,20.0,663,1,0.3,0.20930626416075868,0.5232656604018967,0.18,0.45,18.83756377446828,10.1039/D1RE00020A,,0.9090864348437852,1.743207954799378,0.6972831819197511,0.0,0.0,18.826645911833282,18.826645911833282
0.0,0.0,0.0,0.0,0.0,0.0,0.0,0.0,0.022092119996205074,0.0,0.0,0.0,0.0,0.0,0.0,0.0,0.0,0.0,0.0,0.0,0.0,0.0,0.0,0.0,0.0,0.9779078800037949,0.0,0.0,0.0,0.0,0.0,0.0,0.0,0.0,EAc,TRX,EtOH,2.5,4.0,0.0,20.0,663,1,0.3,0.20930626416075868,0.5232656604018967,0.252,0.63,26.372589284255593,10.1039/D1RE00020A,1,0.9090864348437852,1.743207954799378,0.6972831819197511,0.0,0.0,26.357304276566595,26.357304276566595
